,gid,TL_cnt
0,다사541452,2
1,다사542417,3
2,다사542421,5
3,다사542422,2
4,다사542424,4
5,다사542425,5
6,다사542426,5
7,다사542427,4
8,다사542428,2
9,다사542429,1
10,다사542430,6
11,다사542431,3
12,다사542432,3
13,다사542434,2
14,다사542435,3
15,다사542436,1
16,다사542437,1
17,다사543414,2
18,다사543415,1
19,다사543417,2
20,다사543420,1
21,다사543423,2
22,다사543424,2
23,다사543425,4
24,다사543426,13
25,다사543427,2
26,다사543428,5
27,다사543429,4
28,다사543430,2
29,다사543431,3
30,다사543432,3
31,다사543434,2
32,다사543436,8
33,다사543437,2
34,다사543438,14
35,다사543439,8
36,다사543440,7
37,다사543441,2
38,다사543442,8
39,다사543443,1
40,다사544415,2
41,다사544420,3
42,다사544421,2
43,다사544423,3
44,다사544424,1
45,다사544426,4
46,다사544427,2
47,다사544429,1
48,다사544430,3
49,다사544431,2
50,다사544432,4
51,다사544436,4
52,다사544437,2
53,다사544438,5
54,다사544439,9
55,다사544440,21
56,다사544441,3
57,다사544442,2
58,다사544443,4
59,다사544444,2
60,다사544450,1
61,다사545420,2
62,다사545422,2
63,다사545423,4
64,다사545424,1
65,다사545425,1
66,다사545426,1
67,다사545427,2
68,다사545428,1
69,다사545429,3
70,다사545430,2
71,다사545431,13
72,다사545432,9
73,다사545433,3
74,다사545434,2
75,다사545435,1
76,다사545436,5
77,다사545437,3
78,다사545438,3
79,다사545439,4
80,다사545440,5
81,다사545441,7
82,다사545442,6
83,다사545443,13
84,다사545444,11
85,다사545446,1
86,다사545447,4
87,다사545448,2
88,다사545449,3
89,다사546419,1
90,다사546420,5
91,다사546421,11
92,다사546422,3
93,다사546425,1
94,다사546427,3
95,다사546428,2
96,다사546430,7
97,다사546431,4
98,다사546432,3
99,다사546433,3
100,다사546434,7
101,다사546435,1
102,다사546436,6
103,다사546437,5
104,다사546438,3
105,다사546439,1
106,다사546440,3
107,다사546441,2
108,다사546444,2
109,다사546447,13
110,다사546448,38
111,다사547410,2
112,다사547412,3
113,다사547419,2
114,다사547420,4
115,다사547422,3
116,다사547425,1
117,다사547428,3
118,다사547430,5
119,다사547431,7
120,다사547432,2
121,다사547433,9
122,다사547434,5
123,다사547435,4
124,다사547436,1
125,다사547437,5
126,다사547438,2
127,다사547441,9
128,다사547442,8
129,다사547443,1
130,다사547448,24
131,다사548408,3
132,다사548419,2
133,다사548420,1
134,다사548421,2
135,다사548422,4
136,다사548428,1
137,다사548429,1
138,다사548430,1
139,다사548431,8
140,다사548432,6
141,다사548433,3
142,다사548434,3
143,다사548435,12
144,다사548436,5
145,다사548437,5
146,다사548438,8
147,다사548439,2
148,다사548440,5
149,다사548441,4
150,다사548448,6
151,다사548452,18
152,다사549406,1
153,다사549416,1
154,다사549419,1
155,다사549421,1
156,다사549422,4
157,다사549423,5
158,다사549426,1
159,다사549429,1
160,다사549430,3
161,다사549431,6
162,다사549432,5
163,다사549434,6
164,다사549435,3
165,다사549436,4
166,다사549437,10
167,다사549438,6
168,다사549439,15
169,다사549440,10
170,다사549441,2
171,다사549445,3
172,다사549448,12
173,다사550407,1
174,다사550415,1
175,다사550418,1
176,다사550420,3
177,다사550421,2
178,다사550422,1
179,다사550423,3
180,다사550427,4
181,다사550428,2
182,다사550429,2
183,다사550430,1
184,다사550431,2
185,다사550432,6
186,다사550433,5
187,다사550434,3
188,다사550435,8
189,다사550436,10
190,다사550437,7
191,다사550438,2
192,다사550440,1
193,다사550443,3
194,다사550444,2
195,다사550447,4
196,다사551417,2
197,다사551418,1
198,다사551419,1
199,다사551422,2
200,다사551423,4
201,다사551424,1
202,다사551425,5
203,다사551426,5
204,다사551427,2
205,다사551429,2
206,다사551430,2
207,다사551431,10
208,다사551432,6
209,다사551433,7
210,다사551434,7
211,다사551435,7
212,다사551436,3
213,다사551438,1
214,다사551439,3
215,다사551444,4
216,다사551445,2
217,다사552417,2
218,다사552418,3
219,다사552419,1
220,다사552421,1
221,다사552422,2
222,다사552424,2
223,다사552425,4
224,다사552426,2
225,다사552427,2
226,다사552428,5
227,다사552429,4
228,다사552430,7
229,다사552431,5
230,다사552432,2
231,다사552433,8
232,다사552434,6
233,다사552435,3
234,다사552436,2
235,다사552440,3
236,다사552443,1
237,다사552444,3
238,다사552449,1
239,다사553415,1
240,다사553416,1
241,다사553417,2
242,다사553423,1
243,다사553424,2
244,다사553425,2
245,다사553426,2
246,다사553427,13
247,다사553428,1
248,다사553429,9
249,다사553430,7
250,다사553431,4
251,다사553432,2
252,다사553433,2
253,다사553434,3
254,다사553436,1
255,다사553439,2
256,다사553440,1
257,다사553442,1
258,다사553444,1
259,다사553452,18
260,다사554416,1
261,다사554424,3
262,다사554425,2
263,다사554426,9
264,다사554427,13
265,다사554428,20
266,다사554429,8
267,다사554430,6
268,다사554431,3
269,다사554433,5
270,다사554434,4
271,다사554436,1
272,다사554444,5
273,다사554445,5
274,다사554449,5
275,다사554450,2
276,다사554460,3
277,다사555415,1
278,다사555425,8
279,다사555426,12
280,다사555427,10
281,다사555428,2
282,다사555429,2
283,다사555431,2
284,다사555432,1
285,다사555433,4
286,다사555434,5
287,다사555437,1
288,다사555442,1
289,다사555444,3
290,다사555445,5
291,다사555455,2
292,다사556424,1
293,다사556425,3
294,다사556426,2
295,다사556428,1
296,다사556429,1
297,다사556432,2
298,다사556433,5
299,다사556434,4
300,다사556441,2
301,다사556442,9
302,다사556443,7
303,다사556444,3
304,다사556445,5
305,다사556446,2
306,다사556455,5
307,다사557421,5
308,다사557422,1
309,다사557423,1
310,다사557424,4
311,다사557425,8
312,다사557441,1
313,다사557443,2
314,다사557444,4
315,다사557445,1
316,다사557446,3
317,다사558420,2
318,다사558421,11
319,다사558422,6
320,다사558423,5
321,다사558425,8
322,다사558439,2
323,다사558440,1
324,다사558441,1
325,다사558443,1
326,다사558445,3
327,다사558446,1
328,다사558451,19
329,다사558453,3
330,다사558454,11
331,다사558456,1
332,다사559419,1
333,다사559422,1
334,다사559424,1
335,다사559430,1
336,다사559439,4
337,다사559441,1
338,다사559442,2
339,다사559444,2
340,다사559451,4
341,다사559452,11
342,다사559457,2
343,다사560420,1
344,다사560423,1
345,다사560426,3
346,다사560427,3
347,다사560443,1
348,다사560444,1
349,다사560447,4
350,다사560450,343
351,다사560451,78
352,다사560456,1
353,다사561420,2
354,다사561423,1
355,다사561426,9
356,다사561427,3
357,다사561428,1
358,다사561431,2
359,다사561432,1
360,다사561453,14
361,다사561455,4
362,다사561456,2
363,다사562420,1
364,다사562422,1
365,다사562423,2
366,다사562425,1
367,다사562426,6
368,다사562432,1
369,다사562435,4
370,다사562436,4
371,다사562450,334
372,다사562451,2
373,다사562453,177
374,다사562456,1
375,다사562459,4
376,다사563422,1
377,다사563423,3
378,다사563424,2
379,다사563426,2
380,다사563427,3
381,다사563429,1
382,다사563432,1
383,다사563433,2
384,다사563435,1
385,다사563449,11
386,다사563454,4
387,다사563457,47
388,다사564426,3
389,다사564427,2
390,다사564431,4
391,다사564432,1
392,다사564434,1
393,다사564449,1
394,다사564451,4
395,다사564453,315
396,다사564454,17
397,다사564456,40
398,다사564457,10
399,다사564459,1
400,다사564460,1
401,다사564461,1
402,다사565423,1
403,다사565425,1
404,다사565426,2
405,다사565427,6
406,다사565428,3
407,다사565429,1
408,다사565432,7
409,다사565433,4
410,다사565434,1
411,다사565435,4
412,다사565436,7
413,다사565437,2
414,다사565438,5
415,다사565446,4
416,다사565448,1
417,다사565454,5
418,다사565455,10
419,다사565456,4
420,다사565459,6
421,다사565461,5
422,다사565464,2
423,다사566421,6
424,다사566423,2
425,다사566426,3
426,다사566427,3
427,다사566428,6
428,다사566429,2
429,다사566430,3
430,다사566431,2
431,다사566432,5
432,다사566433,8
433,다사566434,5
434,다사566435,2
435,다사566436,2
436,다사566437,3
437,다사566438,4
438,다사566439,3
439,다사566444,5
440,다사566447,1
441,다사566450,4
442,다사566454,10
443,다사566456,2
444,다사567424,3
445,다사567425,3
446,다사567426,11
447,다사567427,9
448,다사567428,5
449,다사567429,5
450,다사567430,2
451,다사567431,1
452,다사567432,2
453,다사567433,3
454,다사567434,4
455,다사567435,1
456,다사567436,2
457,다사567438,1
458,다사567445,2
459,다사567446,5
460,다사567447,6
461,다사567448,2
462,다사567449,6
463,다사567450,1
464,다사567451,1
465,다사567459,3
466,다사567460,1
467,다사567464,3
468,다사568399,1
469,다사568425,4
470,다사568426,5
471,다사568427,4
472,다사568428,1
473,다사568429,4
474,다사568430,1
475,다사568431,2
476,다사568432,4
477,다사568433,1
478,다사568435,2
479,다사568437,1
480,다사568438,3
481,다사568439,4
482,다사568440,1
483,다사568445,4
484,다사568446,3
485,다사568447,5
486,다사568448,7
487,다사568449,2
488,다사568455,3
489,다사568456,1
490,다사568458,11
491,다사568462,12
492,다사568464,1
493,다사568467,1
494,다사569425,2
495,다사569426,3
496,다사569427,2
497,다사569428,5
498,다사569430,5
499,다사569431,2
500,다사569432,2
501,다사569433,2
502,다사569434,1
503,다사569435,1
504,다사569436,1
505,다사569437,2
506,다사569438,4
507,다사569439,2
508,다사569440,4
509,다사569441,1
510,다사569449,2
511,다사569457,5
512,다사569460,1
513,다사569462,1
514,다사569465,4
515,다사569466,3
516,다사569467,1
517,다사569468,1
518,다사570403,1
519,다사570424,1
520,다사570425,2
521,다사570426,3
522,다사570428,2
523,다사570429,3
524,다사570430,3
525,다사570431,7
526,다사570432,2
527,다사570433,4
528,다사570434,3
529,다사570435,2
530,다사570436,3
531,다사570437,8
532,다사570439,4
533,다사570440,8
534,다사570442,4
535,다사570443,7
536,다사570453,2
537,다사570457,1
538,다사570460,1
539,다사570462,1
540,다사570463,7
541,다사570464,8
542,다사570468,1
543,다사570469,2
544,다사571398,2
545,다사571399,1
546,다사571426,1
547,다사571427,4
548,다사571428,6
549,다사571429,1
550,다사571430,2
551,다사571431,3
552,다사571432,6
553,다사571433,4
554,다사571436,1
555,다사571437,1
556,다사571438,7
557,다사571439,5
558,다사571440,6
559,다사571441,3
560,다사571442,1
561,다사571450,3
562,다사571463,3
563,다사571466,5
564,다사571467,1
565,다사571469,1
566,다사571470,3
567,다사572432,1
568,다사572433,6
569,다사572437,1
570,다사572438,3
571,다사572439,3
572,다사572440,3
573,다사572441,6
574,다사572446,1
575,다사572456,1
576,다사572458,2
577,다사572459,3
578,다사572461,2
579,다사572463,1
580,다사572468,1
581,다사573399,2
582,다사573428,5
583,다사573429,94
584,다사573430,1
585,다사573431,1
586,다사573432,4
587,다사573433,3
588,다사573438,3
589,다사573440,2
590,다사573441,6
591,다사573446,16
592,다사573453,1
593,다사573454,2
594,다사573456,1
595,다사573457,3
596,다사573458,4
597,다사573459,3
598,다사573460,2
599,다사573461,3
600,다사573462,2
601,다사573463,2
602,다사573464,1
603,다사573465,2
604,다사573466,2
605,다사573477,3
606,다사574406,1
607,다사574408,1
608,다사574426,1
609,다사574427,2
610,다사574428,2
611,다사574429,2
612,다사574430,1
613,다사574431,2
614,다사574433,3
615,다사574434,1
616,다사574438,4
617,다사574439,4
618,다사574443,4
619,다사574451,1
620,다사574452,2
621,다사574453,2
622,다사574455,2
623,다사574456,6
624,다사574457,2
625,다사574458,6
626,다사574459,3
627,다사574460,4
628,다사574461,2
629,다사574462,4
630,다사574463,1
631,다사574464,9
632,다사574465,1
633,다사574466,2
634,다사574469,1
635,다사574472,1
636,다사574473,1
637,다사575410,1
638,다사575427,4
639,다사575428,5
640,다사575431,3
641,다사575433,1
642,다사575434,3
643,다사575435,2
644,다사575436,1
645,다사575439,1
646,다사575440,6
647,다사575441,14
648,다사575442,2
649,다사575450,9
650,다사575451,5
651,다사575452,5
652,다사575453,2
653,다사575454,1
654,다사575455,3
655,다사575456,2
656,다사575457,7
657,다사575458,3
658,다사575459,3
659,다사575460,2
660,다사575461,1
661,다사575463,2
662,다사575465,2
663,다사575466,6
664,다사575467,2
665,다사575468,4
666,다사575469,5
667,다사575470,2
668,다사575471,1
669,다사575473,6
670,다사575478,1
671,다사576405,1
672,다사576427,4
673,다사576428,1
674,다사576429,3
675,다사576430,3
676,다사576431,2
677,다사576432,3
678,다사576433,1
679,다사576434,1
680,다사576435,8
681,다사576437,1
682,다사576440,2
683,다사576447,2
684,다사576449,1
685,다사576450,1
686,다사576451,4
687,다사576452,3
688,다사576453,1
689,다사576454,2
690,다사576455,2
691,다사576456,1
692,다사576457,5
693,다사576458,2
694,다사576459,4
695,다사576460,2
696,다사576461,4
697,다사576462,5
698,다사576463,2
699,다사576464,2
700,다사576465,4
701,다사576466,3
702,다사576467,5
703,다사576468,5
704,다사576469,2
705,다사576470,6
706,다사576472,2
707,다사576474,1
708,다사577399,3
709,다사577400,2
710,다사577416,1
711,다사577428,1
712,다사577429,3
713,다사577431,2
714,다사577432,3
715,다사577433,6
716,다사577434,4
717,다사577435,5
718,다사577436,3
719,다사577441,1
720,다사577443,8
721,다사577448,8
722,다사577449,4
723,다사577450,5
724,다사577451,1
725,다사577452,4
726,다사577453,1
727,다사577454,4
728,다사577455,4
729,다사577456,5
730,다사577457,3
731,다사577458,8
732,다사577459,8
733,다사577460,2
734,다사577463,4
735,다사577464,5
736,다사577465,1
737,다사577466,4
738,다사577468,3
739,다사577469,4
740,다사577470,8
741,다사577471,8
742,다사577472,2
743,다사578400,1
744,다사578401,1
745,다사578403,1
746,다사578412,2
747,다사578413,1
748,다사578414,1
749,다사578415,2
750,다사578428,3
751,다사578429,1
752,다사578430,2
753,다사578431,1
754,다사578433,1
755,다사578434,1
756,다사578439,1
757,다사578440,1
758,다사578443,2
759,다사578446,25
760,다사578448,1
761,다사578449,3
762,다사578450,4
763,다사578451,1
764,다사578452,5
765,다사578453,3
766,다사578454,5
767,다사578455,2
768,다사578456,9
769,다사578457,7
770,다사578458,9
771,다사578459,5
772,다사578460,3
773,다사578461,1
774,다사578463,4
775,다사578464,6
776,다사578465,3
777,다사578466,2
778,다사578467,5
779,다사578468,18
780,다사578469,8
781,다사578470,8
782,다사578471,12
783,다사578472,4
784,다사578473,6
785,다사579399,1
786,다사579401,2
787,다사579404,1
788,다사579405,5
789,다사579406,1
790,다사579408,2
791,다사579411,1
792,다사579412,1
793,다사579413,4
794,다사579414,10
795,다사579415,1
796,다사579416,1
797,다사579429,4
798,다사579431,2
799,다사579436,1
800,다사579437,1
801,다사579442,5
802,다사579443,3
803,다사579444,2
804,다사579446,2
805,다사579447,3
806,다사579448,5
807,다사579449,4
808,다사579450,4
809,다사579451,5
810,다사579452,3
811,다사579453,9
812,다사579454,4
813,다사579455,7
814,다사579456,11
815,다사579457,12
816,다사579458,2
817,다사579459,6
818,다사579460,2
819,다사579461,1
820,다사579464,2
821,다사579465,5
822,다사579466,2
823,다사579467,1
824,다사579468,8
825,다사579469,2
826,다사579470,3
827,다사579471,1
828,다사579472,1
829,다사579473,2
830,다사579476,4
831,다사580403,2
832,다사580405,2
833,다사580406,6
834,다사580411,1
835,다사580412,2
836,다사580413,14
837,다사580414,6
838,다사580426,2
839,다사580431,1
840,다사580432,1
841,다사580435,2
842,다사580437,4
843,다사580441,3
844,다사580442,3
845,다사580444,1
846,다사580445,5
847,다사580446,6
848,다사580447,3
849,다사580448,8
850,다사580449,2
851,다사580450,4
852,다사580451,2
853,다사580452,1
854,다사580453,2
855,다사580454,3
856,다사580455,2
857,다사580456,8
858,다사580457,4
859,다사580458,3
860,다사580459,3
861,다사580460,3
862,다사580461,2
863,다사580464,1
864,다사580465,5
865,다사580466,1
866,다사580467,6
867,다사580468,4
868,다사580469,2
869,다사580470,3
870,다사580471,3
871,다사580472,3
872,다사580474,4
873,다사580475,3
874,다사580480,1
875,다사581408,1
876,다사581411,1
877,다사581416,1
878,다사581430,1
879,다사581431,6
880,다사581432,3
881,다사581435,3
882,다사581437,1
883,다사581440,1
884,다사581441,1
885,다사581442,7
886,다사581444,7
887,다사581445,2
888,다사581446,8
889,다사581447,8
890,다사581448,10
891,다사581449,5
892,다사581450,2
893,다사581451,2
894,다사581452,6
895,다사581453,1
896,다사581454,12
897,다사581456,8
898,다사581457,6
899,다사581459,4
900,다사581460,3
901,다사581461,2
902,다사581466,2
903,다사581467,1
904,다사581468,1
905,다사581469,6
906,다사581470,4
907,다사581471,5
908,다사581472,4
909,다사581473,1
910,다사581474,5
911,다사582408,2
912,다사582411,1
913,다사582420,2
914,다사582430,1
915,다사582432,3
916,다사582433,2
917,다사582438,1
918,다사582439,4
919,다사582440,6
920,다사582441,5
921,다사582442,12
922,다사582444,111
923,다사582445,5
924,다사582446,4
925,다사582447,3
926,다사582449,5
927,다사582450,1
928,다사582452,1
929,다사582453,7
930,다사582454,4
931,다사582455,2
932,다사582456,2
933,다사582457,5
934,다사582459,6
935,다사582460,6
936,다사582461,7
937,다사582462,3
938,다사582465,2
939,다사582466,7
940,다사582467,3
941,다사582468,5
942,다사582469,4
943,다사582470,11
944,다사582471,7
945,다사582472,9
946,다사582473,4
947,다사582474,4
948,다사582475,9
949,다사582476,144
950,다사582480,1
951,다사582481,1
952,다사582483,1
953,다사583406,1
954,다사583414,1
955,다사583429,6
956,다사583430,1
957,다사583431,2
958,다사583432,1
959,다사583433,3
960,다사583436,9
961,다사583437,10
962,다사583438,11
963,다사583439,1
964,다사583440,8
965,다사583441,5
966,다사583442,2
967,다사583443,10
968,다사583444,26
969,다사583445,1
970,다사583446,1
971,다사583448,2
972,다사583450,1
973,다사583452,4
974,다사583453,3
975,다사583454,5
976,다사583455,2
977,다사583457,2
978,다사583458,1
979,다사583459,2
980,다사583460,4
981,다사583461,2
982,다사583462,1
983,다사583464,1
984,다사583465,6
985,다사583466,4
986,다사583467,2
987,다사583468,2
988,다사583469,4
989,다사583470,3
990,다사583471,4
991,다사583472,6
992,다사583474,1
993,다사583475,8
994,다사583476,2
995,다사583482,26
996,다사583483,6
997,다사584420,1
998,다사584428,2
999,다사584429,1
1000,다사584430,6
1001,다사584431,2
1002,다사584433,4
1003,다사584434,1
1004,다사584435,4
1005,다사584436,4
1006,다사584438,1
1007,다사584439,3
1008,다사584440,6
1009,다사584441,15
1010,다사584442,5
1011,다사584443,7
1012,다사584444,2
1013,다사584445,4
1014,다사584449,1
1015,다사584451,1
1016,다사584452,1
1017,다사584453,2
1018,다사584456,1
1019,다사584457,3
1020,다사584459,1
1021,다사584460,7
1022,다사584461,2
1023,다사584462,4
1024,다사584463,2
1025,다사584464,2
1026,다사584465,1
1027,다사584466,5
1028,다사584467,4
1029,다사584469,5
1030,다사584470,5
1031,다사584471,6
1032,다사584472,6
1033,다사584473,1
1034,다사584474,1
1035,다사584475,4
1036,다사584476,6
1037,다사584477,7
1038,다사584481,11
1039,다사584482,8
1040,다사585417,2
1041,다사585429,4
1042,다사585430,5
1043,다사585431,3
1044,다사585432,1
1045,다사585433,2
1046,다사585434,4
1047,다사585435,3
1048,다사585436,3
1049,다사585437,19
1050,다사585438,2
1051,다사585439,6
1052,다사585440,7
1053,다사585441,1
1054,다사585442,9
1055,다사585443,9
1056,다사585444,4
1057,다사585445,2
1058,다사585446,1
1059,다사585447,1
1060,다사585448,1
1061,다사585449,2
1062,다사585450,1
1063,다사585452,3
1064,다사585454,1
1065,다사585455,4
1066,다사585457,1
1067,다사585460,8
1068,다사585461,4
1069,다사585462,10
1070,다사585463,8
1071,다사585465,2
1072,다사585466,8
1073,다사585467,5
1074,다사585468,5
1075,다사585469,5
1076,다사585470,15
1077,다사585471,7
1078,다사585472,13
1079,다사585473,4
1080,다사585474,8
1081,다사585475,5
1082,다사585476,12
1083,다사585477,15
1084,다사585480,4
1085,다사586412,1
1086,다사586417,1
1087,다사586418,1
1088,다사586429,3
1089,다사586430,12
1090,다사586431,3
1091,다사586432,4
1092,다사586433,5
1093,다사586434,1
1094,다사586435,5
1095,다사586436,13
1096,다사586437,12
1097,다사586439,7
1098,다사586440,1
1099,다사586441,1
1100,다사586442,1
1101,다사586443,1
1102,다사586444,1
1103,다사586445,4
1104,다사586446,4
1105,다사586447,2
1106,다사586448,2
1107,다사586449,1
1108,다사586451,2
1109,다사586454,8
1110,다사586455,1
1111,다사586456,9
1112,다사586457,7
1113,다사586458,5
1114,다사586460,4
1115,다사586461,7
1116,다사586462,2
1117,다사586463,3
1118,다사586464,1
1119,다사586465,7
1120,다사586466,2
1121,다사586467,2
1122,다사586468,4
1123,다사586469,6
1124,다사586470,6
1125,다사586471,10
1126,다사586472,5
1127,다사586473,3
1128,다사586475,1
1129,다사586477,6
1130,다사586478,2
1131,다사586482,1
1132,다사587418,2
1133,다사587429,1
1134,다사587430,3
1135,다사587431,8
1136,다사587433,3
1137,다사587434,4
1138,다사587435,7
1139,다사587436,1
1140,다사587437,2
1141,다사587439,19
1142,다사587440,6
1143,다사587441,4
1144,다사587442,1
1145,다사587443,4
1146,다사587444,4
1147,다사587445,4
1148,다사587446,2
1149,다사587447,5
1150,다사587448,6
1151,다사587452,3
1152,다사587453,6
1153,다사587454,3
1154,다사587455,3
1155,다사587456,3
1156,다사587457,3
1157,다사587458,7
1158,다사587459,1
1159,다사587460,2
1160,다사587461,5
1161,다사587462,4
1162,다사587463,4
1163,다사587464,5
1164,다사587465,3
1165,다사587468,6
1166,다사587469,2
1167,다사587470,4
1168,다사587471,3
1169,다사587472,3
1170,다사587474,2
1171,다사587475,4
1172,다사587476,1
1173,다사587477,3
1174,다사587478,12
1175,다사588403,3
1176,다사588407,2
1177,다사588408,1
1178,다사588409,1
1179,다사588411,1
1180,다사588423,1
1181,다사588427,3
1182,다사588428,43
1183,다사588429,7
1184,다사588430,10
1185,다사588431,1
1186,다사588433,2
1187,다사588434,3
1188,다사588435,9
1189,다사588436,9
1190,다사588437,4
1191,다사588438,2
1192,다사588439,9
1193,다사588440,21
1194,다사588441,8
1195,다사588442,5
1196,다사588444,2
1197,다사588445,1
1198,다사588446,1
1199,다사588447,3
1200,다사588448,2
1201,다사588449,2
1202,다사588450,1
1203,다사588451,3
1204,다사588452,1
1205,다사588453,3
1206,다사588454,8
1207,다사588455,7
1208,다사588456,6
1209,다사588457,6
1210,다사588458,1
1211,다사588459,6
1212,다사588460,2
1213,다사588461,1
1214,다사588462,6
1215,다사588464,6
1216,다사588467,4
1217,다사588468,8
1218,다사588470,5
1219,다사588471,7
1220,다사588474,2
1221,다사588475,5
1222,다사588476,5
1223,다사588477,12
1224,다사588478,1
1225,다사589403,17
1226,다사589404,1
1227,다사589405,2
1228,다사589407,1
1229,다사589408,1
1230,다사589417,2
1231,다사589418,4
1232,다사589419,3
1233,다사589427,1
1234,다사589428,2
1235,다사589429,7
1236,다사589430,4
1237,다사589431,6
1238,다사589432,2
1239,다사589435,8
1240,다사589436,8
1241,다사589438,8
1242,다사589439,4
1243,다사589440,5
1244,다사589441,3
1245,다사589442,1
1246,다사589443,3
1247,다사589444,1
1248,다사589445,4
1249,다사589446,3
1250,다사589447,6
1251,다사589448,8
1252,다사589449,2
1253,다사589450,9
1254,다사589451,14
1255,다사589452,2
1256,다사589453,4
1257,다사589454,6
1258,다사589455,8
1259,다사589456,5
1260,다사589457,6
1261,다사589458,3
1262,다사589459,5
1263,다사589462,2
1264,다사589463,3
1265,다사589464,3
1266,다사589465,1
1267,다사589467,1
1268,다사589468,1
1269,다사589469,2
1270,다사589470,1
1271,다사589471,14
1272,다사589472,9
1273,다사589474,2
1274,다사589475,8
1275,다사589476,8
1276,다사589477,2
1277,다사589478,3
1278,다사589481,4
1279,다사590400,22
1280,다사590404,72
1281,다사590418,1
1282,다사590419,4
1283,다사590420,1
1284,다사590421,2
1285,다사590422,1
1286,다사590427,1
1287,다사590428,1
1288,다사590429,7
1289,다사590430,8
1290,다사590431,2
1291,다사590432,3
1292,다사590434,1
1293,다사590435,3
1294,다사590436,13
1295,다사590437,3
1296,다사590438,3
1297,다사590439,1
1298,다사590440,7
1299,다사590441,1
1300,다사590442,3
1301,다사590444,1
1302,다사590445,1
1303,다사590446,6
1304,다사590447,3
1305,다사590448,7
1306,다사590449,9
1307,다사590450,5
1308,다사590451,1
1309,다사590452,2
1310,다사590453,2
1311,다사590454,11
1312,다사590455,5
1313,다사590456,6
1314,다사590457,6
1315,다사590458,1
1316,다사590459,2
1317,다사590461,4
1318,다사590462,5
1319,다사590463,11
1320,다사590464,3
1321,다사590465,3
1322,다사590466,2
1323,다사590467,2
1324,다사590469,10
1325,다사590470,3
1326,다사590471,4
1327,다사590472,8
1328,다사590473,4
1329,다사590474,12
1330,다사590475,5
1331,다사590477,10
1332,다사591412,1
1333,다사591419,4
1334,다사591420,3
1335,다사591422,1
1336,다사591425,2
1337,다사591426,1
1338,다사591427,1
1339,다사591428,5
1340,다사591429,4
1341,다사591430,11
1342,다사591431,5
1343,다사591434,2
1344,다사591435,2
1345,다사591436,15
1346,다사591437,2
1347,다사591438,2
1348,다사591439,7
1349,다사591440,8
1350,다사591441,4
1351,다사591442,7
1352,다사591443,8
1353,다사591444,4
1354,다사591448,23
1355,다사591449,2
1356,다사591450,3
1357,다사591451,1
1358,다사591452,2
1359,다사591453,3
1360,다사591454,4
1361,다사591455,1
1362,다사591456,1
1363,다사591457,3
1364,다사591459,3
1365,다사591460,2
1366,다사591461,1
1367,다사591463,3
1368,다사591464,2
1369,다사591465,3
1370,다사591466,11
1371,다사591467,1
1372,다사591468,18
1373,다사591469,5
1374,다사591470,8
1375,다사591471,3
1376,다사591472,7
1377,다사591473,10
1378,다사591474,7
1379,다사591475,6
1380,다사591476,13
1381,다사591477,18
1382,다사592411,76
1383,다사592413,1
1384,다사592414,2
1385,다사592415,3
1386,다사592416,4
1387,다사592419,4
1388,다사592420,2
1389,다사592421,4
1390,다사592422,1
1391,다사592423,5
1392,다사592424,4
1393,다사592425,1
1394,다사592426,3
1395,다사592427,1
1396,다사592428,1
1397,다사592429,4
1398,다사592430,6
1399,다사592431,11
1400,다사592433,4
1401,다사592436,6
1402,다사592437,6
1403,다사592438,6
1404,다사592439,6
1405,다사592440,3
1406,다사592441,1
1407,다사592442,5
1408,다사592443,2
1409,다사592444,2
1410,다사592446,1
1411,다사592447,4
1412,다사592448,7
1413,다사592449,7
1414,다사592450,7
1415,다사592451,12
1416,다사592452,3
1417,다사592453,3
1418,다사592454,3
1419,다사592455,3
1420,다사592457,3
1421,다사592458,7
1422,다사592460,5
1423,다사592464,6
1424,다사592465,7
1425,다사592466,3
1426,다사592467,1
1427,다사592468,7
1428,다사592469,15
1429,다사592470,6
1430,다사592471,4
1431,다사592472,10
1432,다사592473,5
1433,다사592474,15
1434,다사592475,2
1435,다사592476,19
1436,다사592477,15
1437,다사592478,1
1438,다사593412,2
1439,다사593414,3
1440,다사593415,5
1441,다사593416,1
1442,다사593417,4
1443,다사593419,1
1444,다사593420,3
1445,다사593421,3
1446,다사593422,4
1447,다사593423,2
1448,다사593424,2
1449,다사593426,7
1450,다사593427,2
1451,다사593428,3
1452,다사593432,3
1453,다사593433,1
1454,다사593434,6
1455,다사593437,10
1456,다사593438,9
1457,다사593439,5
1458,다사593440,6
1459,다사593441,6
1460,다사593442,9
1461,다사593444,1
1462,다사593446,3
1463,다사593447,4
1464,다사593448,3
1465,다사593449,1
1466,다사593450,4
1467,다사593451,12
1468,다사593452,4
1469,다사593453,4
1470,다사593454,5
1471,다사593455,3
1472,다사593457,4
1473,다사593458,4
1474,다사593460,1
1475,다사593461,3
1476,다사593462,7
1477,다사593463,4
1478,다사593464,6
1479,다사593465,6
1480,다사593466,12
1481,다사593467,18
1482,다사593468,4
1483,다사593469,1
1484,다사593470,4
1485,다사593471,8
1486,다사593472,3
1487,다사593473,6
1488,다사593474,4
1489,다사593475,8
1490,다사593476,14
1491,다사593477,25
1492,다사594410,1
1493,다사594411,3
1494,다사594412,2
1495,다사594413,1
1496,다사594414,3
1497,다사594415,4
1498,다사594416,6
1499,다사594417,2
1500,다사594422,3
1501,다사594423,8
1502,다사594424,4
1503,다사594425,5
1504,다사594426,2
1505,다사594427,2
1506,다사594428,2
1507,다사594429,2
1508,다사594430,1
1509,다사594436,6
1510,다사594437,1
1511,다사594438,3
1512,다사594439,2
1513,다사594441,7
1514,다사594442,6
1515,다사594443,4
1516,다사594446,2
1517,다사594447,1
1518,다사594448,1
1519,다사594450,8
1520,다사594451,3
1521,다사594452,5
1522,다사594453,8
1523,다사594454,1
1524,다사594455,2
1525,다사594456,2
1526,다사594457,4
1527,다사594458,1
1528,다사594459,2
1529,다사594460,1
1530,다사594461,2
1531,다사594462,3
1532,다사594463,11
1533,다사594464,12
1534,다사594465,15
1535,다사594466,6
1536,다사594467,7
1537,다사594470,7
1538,다사594471,5
1539,다사594472,2
1540,다사594473,7
1541,다사594474,6
1542,다사594475,7
1543,다사594476,10
1544,다사595393,1
1545,다사595401,1
1546,다사595406,2
1547,다사595409,1
1548,다사595410,4
1549,다사595411,5
1550,다사595412,4
1551,다사595413,4
1552,다사595416,2
1553,다사595417,6
1554,다사595418,1
1555,다사595419,4
1556,다사595423,4
1557,다사595425,4
1558,다사595426,2
1559,다사595427,5
1560,다사595429,2
1561,다사595430,3
1562,다사595436,3
1563,다사595437,2
1564,다사595438,1
1565,다사595439,5
1566,다사595442,3
1567,다사595443,4
1568,다사595446,6
1569,다사595447,5
1570,다사595448,2
1571,다사595450,10
1572,다사595451,11
1573,다사595452,4
1574,다사595453,1
1575,다사595454,1
1576,다사595455,1
1577,다사595456,6
1578,다사595457,2
1579,다사595458,3
1580,다사595459,1
1581,다사595460,3
1582,다사595461,5
1583,다사595462,2
1584,다사595463,5
1585,다사595465,1
1586,다사595466,3
1587,다사595467,7
1588,다사595470,1
1589,다사595471,6
1590,다사595472,2
1591,다사595473,2
1592,다사595474,4
1593,다사595475,1
1594,다사595476,2
1595,다사595477,19
1596,다사596405,23
1597,다사596410,5
1598,다사596411,3
1599,다사596412,6
1600,다사596413,3
1601,다사596416,1
1602,다사596417,5
1603,다사596418,3
1604,다사596419,3
1605,다사596420,4
1606,다사596421,2
1607,다사596425,2
1608,다사596426,15
1609,다사596427,7
1610,다사596428,3
1611,다사596429,5
1612,다사596430,2
1613,다사596431,1
1614,다사596438,5
1615,다사596439,2
1616,다사596440,2
1617,다사596441,1
1618,다사596442,3
1619,다사596443,3
1620,다사596444,1
1621,다사596445,2
1622,다사596446,1
1623,다사596447,1
1624,다사596448,3
1625,다사596449,7
1626,다사596450,4
1627,다사596451,9
1628,다사596452,2
1629,다사596454,1
1630,다사596455,3
1631,다사596456,6
1632,다사596457,3
1633,다사596458,3
1634,다사596459,9
1635,다사596460,4
1636,다사596462,4
1637,다사596463,1
1638,다사596469,1
1639,다사596470,4
1640,다사596471,7
1641,다사596472,3
1642,다사596473,15
1643,다사596474,2
1644,다사596475,6
1645,다사596476,9
1646,다사597408,1
1647,다사597410,1
1648,다사597413,1
1649,다사597414,3
1650,다사597415,1
1651,다사597416,2
1652,다사597417,2
1653,다사597418,2
1654,다사597419,3
1655,다사597420,7
1656,다사597421,3
1657,다사597422,9
1658,다사597423,1
1659,다사597426,11
1660,다사597427,4
1661,다사597428,5
1662,다사597429,3
1663,다사597430,1
1664,다사597431,6
1665,다사597432,1
1666,다사597439,3
1667,다사597440,2
1668,다사597441,1
1669,다사597442,6
1670,다사597443,3
1671,다사597445,1
1672,다사597448,1
1673,다사597449,4
1674,다사597450,23
1675,다사597451,4
1676,다사597452,2
1677,다사597453,4
1678,다사597455,3
1679,다사597456,1
1680,다사597457,5
1681,다사597458,5
1682,다사597459,1
1683,다사597460,1
1684,다사597466,4
1685,다사597467,1
1686,다사597468,1
1687,다사597469,2
1688,다사597470,8
1689,다사597471,8
1690,다사597472,5
1691,다사597473,5
1692,다사597474,3
1693,다사597475,6
1694,다사597476,5
1695,다사598404,4
1696,다사598409,1
1697,다사598410,1
1698,다사598411,1
1699,다사598412,1
1700,다사598414,5
1701,다사598415,2
1702,다사598416,1
1703,다사598417,2
1704,다사598419,8
1705,다사598420,3
1706,다사598421,1
1707,다사598422,3
1708,다사598424,1
1709,다사598426,5
1710,다사598427,5
1711,다사598428,8
1712,다사598429,10
1713,다사598430,1
1714,다사598438,9
1715,다사598441,4
1716,다사598448,1
1717,다사598449,1
1718,다사598450,16
1719,다사598451,7
1720,다사598452,4
1721,다사598454,4
1722,다사598457,2
1723,다사598458,1
1724,다사598459,1
1725,다사598460,2
1726,다사598466,5
1727,다사598467,2
1728,다사598469,2
1729,다사598470,4
1730,다사598471,4
1731,다사598472,5
1732,다사598473,4
1733,다사598474,4
1734,다사598475,6
1735,다사598476,11
1736,다사598477,1
1737,다사599395,5
1738,다사599399,2
1739,다사599400,14
1740,다사599401,2
1741,다사599404,1
1742,다사599411,1
1743,다사599414,1
1744,다사599415,2
1745,다사599416,9
1746,다사599417,3
1747,다사599418,3
1748,다사599419,3
1749,다사599420,3
1750,다사599421,2
1751,다사599422,7
1752,다사599424,1
1753,다사599427,3
1754,다사599428,1
1755,다사599431,7
1756,다사599441,3
1757,다사599442,3
1758,다사599443,1
1759,다사599444,1
1760,다사599448,1
1761,다사599449,11
1762,다사599450,17
1763,다사599451,17
1764,다사599452,20
1765,다사599453,7
1766,다사599454,2
1767,다사599457,1
1768,다사599458,1
1769,다사599459,5
1770,다사599464,2
1771,다사599465,4
1772,다사599466,4
1773,다사599468,1
1774,다사599469,6
1775,다사599470,4
1776,다사599471,19
1777,다사599472,14
1778,다사599473,8
1779,다사599474,26
1780,다사599475,9
1781,다사599476,5
1782,다사600394,2
1783,다사600413,1
1784,다사600414,2
1785,다사600415,1
1786,다사600417,10
1787,다사600418,3
1788,다사600419,1
1789,다사600420,2
1790,다사600421,4
1791,다사600422,9
1792,다사600423,5
1793,다사600424,2
1794,다사600426,1
1795,다사600432,1
1796,다사600443,1
1797,다사600444,4
1798,다사600445,11
1799,다사600449,2
1800,다사600450,6
1801,다사600451,9
1802,다사600452,13
1803,다사600453,3
1804,다사600458,2
1805,다사600459,3
1806,다사600461,2
1807,다사600462,2
1808,다사600463,2
1809,다사600467,3
1810,다사600469,2
1811,다사600470,10
1812,다사600471,11
1813,다사600472,6
1814,다사600473,6
1815,다사600474,2
1816,다사600475,2
1817,다사601401,3
1818,다사601402,3
1819,다사601413,3
1820,다사601415,3
1821,다사601416,4
1822,다사601417,5
1823,다사601418,2
1824,다사601420,4
1825,다사601421,1
1826,다사601422,1
1827,다사601423,7
1828,다사601424,1
1829,다사601432,2
1830,다사601433,11
1831,다사601439,10
1832,다사601448,1
1833,다사601449,1
1834,다사601450,6
1835,다사601451,3
1836,다사601452,4
1837,다사601459,4
1838,다사601460,1
1839,다사601461,2
1840,다사601462,3
1841,다사601463,2
1842,다사601464,2
1843,다사601465,1
1844,다사601467,5
1845,다사601468,5
1846,다사601469,10
1847,다사601470,4
1848,다사601471,3
1849,다사601472,7
1850,다사601473,2
1851,다사601474,4
1852,다사601475,1
1853,다사601476,2
1854,다사601477,1
1855,다사602394,1
1856,다사602395,1
1857,다사602403,1
1858,다사602414,1
1859,다사602415,2
1860,다사602416,5
1861,다사602417,3
1862,다사602418,6
1863,다사602419,4
1864,다사602420,3
1865,다사602421,3
1866,다사602422,6
1867,다사602423,1
1868,다사602433,38
1869,다사602437,1
1870,다사602441,1
1871,다사602442,1
1872,다사602443,1
1873,다사602444,1
1874,다사602446,2
1875,다사602447,1
1876,다사602448,6
1877,다사602449,11
1878,다사602450,5
1879,다사602451,26
1880,다사602452,2
1881,다사602453,2
1882,다사602459,1
1883,다사602460,1
1884,다사602462,2
1885,다사602463,1
1886,다사602464,5
1887,다사602468,5
1888,다사602469,2
1889,다사602471,2
1890,다사602473,6
1891,다사602474,6
1892,다사602475,7
1893,다사602476,1
1894,다사602477,1
1895,다사603394,1
1896,다사603395,1
1897,다사603404,4
1898,다사603415,3
1899,다사603417,1
1900,다사603428,2
1901,다사603431,47
1902,다사603432,16
1903,다사603433,12
1904,다사603434,6
1905,다사603443,7
1906,다사603444,2
1907,다사603445,6
1908,다사603446,6
1909,다사603448,6
1910,다사603449,10
1911,다사603450,24
1912,다사603451,7
1913,다사603452,6
1914,다사603453,1
1915,다사603457,2
1916,다사603458,3
1917,다사603459,2
1918,다사603460,5
1919,다사603462,1
1920,다사603465,3
1921,다사603466,2
1922,다사603467,3
1923,다사603468,2
1924,다사603472,7
1925,다사603473,2
1926,다사603474,12
1927,다사603475,10
1928,다사603476,3
1929,다사603477,1
1930,다사604396,1
1931,다사604404,1
1932,다사604416,1
1933,다사604417,1
1934,다사604423,1
1935,다사604424,4
1936,다사604431,8
1937,다사604433,3
1938,다사604434,4
1939,다사604440,1
1940,다사604441,23
1941,다사604442,1
1942,다사604443,8
1943,다사604444,6
1944,다사604445,4
1945,다사604446,3
1946,다사604447,8
1947,다사604448,11
1948,다사604449,8
1949,다사604450,15
1950,다사604451,11
1951,다사604452,3
1952,다사604453,7
1953,다사604456,2
1954,다사604457,1
1955,다사604459,2
1956,다사604460,5
1957,다사604462,1
1958,다사604463,1
1959,다사604464,1
1960,다사604465,2
1961,다사604467,4
1962,다사604470,1
1963,다사604471,3
1964,다사604472,2
1965,다사604474,5
1966,다사604475,2
1967,다사604476,1
1968,다사605395,3
1969,다사605405,1
1970,다사605427,1
1971,다사605432,12
1972,다사605433,6
1973,다사605434,9
1974,다사605441,3
1975,다사605442,217
1976,다사605443,2
1977,다사605444,3
1978,다사605445,1
1979,다사605447,7
1980,다사605448,10
1981,다사605449,3
1982,다사605450,5
1983,다사605451,7
1984,다사605452,4
1985,다사605453,7
1986,다사605454,2
1987,다사605455,3
1988,다사605456,1
1989,다사605457,10
1990,다사605458,4
1991,다사605460,1
1992,다사605461,1
1993,다사605462,1
1994,다사605470,1
1995,다사605473,7
1996,다사605474,1
1997,다사605475,1
1998,다사605476,4
1999,다사606383,1
2000,다사606388,3
2001,다사606389,2
2002,다사606395,1
2003,다사606405,2
2004,다사606422,1
2005,다사606427,2
2006,다사606429,6
2007,다사606433,1
2008,다사606436,2
2009,다사606441,1
2010,다사606442,1
2011,다사606443,13
2012,다사606444,1
2013,다사606447,9
2014,다사606448,7
2015,다사606449,4
2016,다사606450,3
2017,다사606451,8
2018,다사606452,7
2019,다사606453,3
2020,다사606454,1
2021,다사606456,2
2022,다사606458,3
2023,다사606459,1
2024,다사606460,1
2025,다사606469,1
2026,다사606470,2
2027,다사606471,2
2028,다사606472,5
2029,다사606474,1
2030,다사607383,8
2031,다사607384,9
2032,다사607387,2
2033,다사607388,2
2034,다사607390,1
2035,다사607394,1
2036,다사607396,2
2037,다사607399,2
2038,다사607400,1
2039,다사607420,1
2040,다사607429,4
2041,다사607435,16
2042,다사607436,4
2043,다사607443,3
2044,다사607444,1
2045,다사607447,3
2046,다사607448,10
2047,다사607449,4
2048,다사607450,5
2049,다사607451,2
2050,다사607452,7
2051,다사607453,4
2052,다사607454,4
2053,다사607455,2
2054,다사607456,2
2055,다사607458,1
2056,다사607460,3
2057,다사607467,1
2058,다사607468,8
2059,다사607469,1
2060,다사607470,6
2061,다사607472,11
2062,다사607473,3
2063,다사607474,2
2064,다사608384,2
2065,다사608385,4
2066,다사608386,1
2067,다사608387,1
2068,다사608391,2
2069,다사608398,1
2070,다사608429,1
2071,다사608437,3
2072,다사608438,1
2073,다사608443,1
2074,다사608444,1
2075,다사608446,1
2076,다사608447,7
2077,다사608448,7
2078,다사608449,9
2079,다사608451,2
2080,다사608453,1
2081,다사608454,7
2082,다사608455,7
2083,다사608456,3
2084,다사608457,3
2085,다사608458,3
2086,다사608460,9
2087,다사608467,1
2088,다사608469,5
2089,다사608470,8
2090,다사608471,4
2091,다사609381,1
2092,다사609384,2
2093,다사609385,1
2094,다사609397,1
2095,다사609398,1
2096,다사609428,7
2097,다사609436,2
2098,다사609438,3
2099,다사609439,1
2100,다사609443,4
2101,다사609444,1
2102,다사609446,1
2103,다사609447,4
2104,다사609448,3
2105,다사609449,4
2106,다사609451,2
2107,다사609452,3
2108,다사609453,1
2109,다사609454,4
2110,다사609455,4
2111,다사609456,2
2112,다사609457,2
2113,다사609458,2
2114,다사609461,2
2115,다사609462,1
2116,다사609463,1
2117,다사609467,2
2118,다사609468,3
2119,다사609469,4
2120,다사609471,34
2121,다사610394,1
2122,다사610395,1
2123,다사610396,2
2124,다사610398,4
2125,다사610423,1
2126,다사610427,4
2127,다사610428,1
2128,다사610438,38
2129,다사610441,1
2130,다사610442,4
2131,다사610443,3
2132,다사610444,10
2133,다사610446,3
2134,다사610447,2
2135,다사610448,4
2136,다사610449,3
2137,다사610450,3
2138,다사610451,1
2139,다사610452,3
2140,다사610453,4
2141,다사610454,1
2142,다사610455,170
2143,다사610456,5
2144,다사610459,116
2145,다사610460,1
2146,다사610462,3
2147,다사610463,1
2148,다사610464,2
2149,다사610466,3
2150,다사610470,1
2151,다사610471,4
2152,다사611397,2
2153,다사611427,9
2154,다사611439,6
2155,다사611441,1
2156,다사611442,3
2157,다사611443,4
2158,다사611444,10
2159,다사611445,3
2160,다사611446,1
2161,다사611447,1
2162,다사611450,1
2163,다사611451,2
2164,다사611456,22
2165,다사611462,11
2166,다사611463,1
2167,다사611464,1
2168,다사611468,1
2169,다사612426,8
2170,다사612427,3
2171,다사612428,1
2172,다사612432,1
2173,다사612438,2
2174,다사612439,2
2175,다사612442,5
2176,다사612443,1
2177,다사612444,4
2178,다사612445,2
2179,다사612447,1
2180,다사612448,2
2181,다사612450,2
2182,다사612454,4
2183,다사612455,1
2184,다사612457,17
2185,다사612462,1
2186,다사612463,1
2187,다사613394,2
2188,다사613395,2
2189,다사613397,1
2190,다사613423,2
2191,다사613427,2
2192,다사613429,1
2193,다사613437,1
2194,다사613438,14
2195,다사613439,6
2196,다사613440,4
2197,다사613441,1
2198,다사613442,1
2199,다사613444,1
2200,다사613445,9
2201,다사613446,2
2202,다사613447,2
2203,다사613449,1
2204,다사613450,1
2205,다사613453,3
2206,다사613454,2
2207,다사613455,5
2208,다사613457,2
2209,다사613460,1
2210,다사613465,2
2211,다사614395,1
2212,다사614397,1
2213,다사614424,3
2214,다사614429,1
2215,다사614439,2
2216,다사614444,1
2217,다사614445,4
2218,다사614446,3
2219,다사614447,2
2220,다사614451,4
2221,다사614452,1
2222,다사614453,2
2223,다사614455,1
2224,다사614456,3
2225,다사614457,1
2226,다사614461,1
2227,다사614462,3
2228,다사614463,1
2229,다사615395,1
2230,다사615397,3
2231,다사615432,1
2232,다사615447,3
2233,다사615450,3
2234,다사615453,5
2235,다사615454,2
2236,다사615455,1
2237,다사615456,2
2238,다사615457,2
2239,다사615460,3
2240,다사615461,2
2241,다사615462,2
2242,다사615463,1
2243,다사615465,1
2244,다사616392,2
2245,다사616395,1
2246,다사616396,1
2247,다사616433,2
2248,다사616443,1
2249,다사616445,70
2250,다사616446,3
2251,다사616448,2
2252,다사616450,4
2253,다사616451,1
2254,다사616454,2
2255,다사616455,3
2256,다사616456,1
2257,다사616457,5
2258,다사616458,1
2259,다사616459,4
2260,다사616463,1
2261,다사617396,2
2262,다사617433,36
2263,다사617434,3
2264,다사617436,1
2265,다사617445,1
2266,다사617446,1
2267,다사617447,2
2268,다사617448,2
2269,다사617449,7
2270,다사617453,1
2271,다사617454,2
2272,다사617455,2
2273,다사618428,1
2274,다사618430,1
2275,다사618432,6
2276,다사618433,12
2277,다사618434,17
2278,다사618441,10
2279,다사618443,2
2280,다사618444,4
2281,다사618447,4
2282,다사619374,1
2283,다사619444,1
2284,다사620399,1
2285,다사620400,1
2286,다사620434,6
2287,다사620442,1
2288,다사621402,1
2289,다사621434,1
2290,다사621441,4
2291,다사621442,1
2292,다사621444,3
2293,다사623432,1
2294,다사623434,4
2295,다사623437,6
2296,다사624394,1
2297,다사624433,1
2298,다사624437,7
2299,다사625393,1
2300,다사625395,1
2301,다사625426,4
2302,다사625443,2
2303,다사626436,1
2304,다사626439,3
2305,다사626441,2
2306,다사626442,1
2307,다사626444,1
2308,다사627400,1
2309,다사627426,1
2310,다사627438,3
2311,다사627439,5
2312,다사628396,1
2313,다사628427,4
2314,다사628434,1
2315,다사628436,5
2316,다사628439,18
2317,다사629429,5
2318,다사629435,8
2319,다사629436,4
2320,다사630403,12
2321,다사630404,1
2322,다사630406,3
2323,다사630434,1
2324,다사630436,9
2325,다사631403,4
2326,다사631404,9
2327,다사631425,4
2328,다사631427,12
2329,다사631429,1
2330,다사631430,3
2331,다사631434,1
2332,다사631435,3
2333,다사631436,2
2334,다사631437,2
2335,다사631439,1
2336,다사631440,3
2337,다사632405,4
2338,다사632406,3
2339,다사632428,6
2340,다사632430,9
2341,다사632435,1
2342,다사632437,9
2343,다사632438,4
2344,다사632439,1
2345,다사632440,1
2346,다사633395,1
2347,다사633403,1
2348,다사633406,2
2349,다사633407,4
2350,다사633410,1
2351,다사633427,6
2352,다사633435,2
2353,다사633437,3
2354,다사633438,1
2355,다사633441,1
2356,다사634406,2
2357,다사634407,4
2358,다사634429,8
2359,다사634437,4
2360,다사634438,6
2361,다사635400,1
2362,다사635401,1
2363,다사635406,1
2364,다사635407,1
2365,다사635414,1
2366,다사635436,2
2367,다사635437,1
2368,다사636399,1
2369,다사636401,2
2370,다사636406,3
2371,다사636436,7
2372,다사637413,1
2373,다사637429,8
2374,다사637435,11
2375,다사637438,1
2376,다사638412,3
2377,다사638415,1
2378,다사638437,1
2379,다사638438,15
2380,다사639417,1
2381,다사639424,2
2382,다사640409,3
2383,다사640439,1
2384,다사641414,1
2385,다사641425,1
2386,다사641426,2
2387,다사642415,3
2388,다사642426,1
2389,다사642429,1
2390,다사642438,1
2391,다사643410,1
2392,다사643416,1
2393,다사643430,3
2394,다사644409,2
2395,다사644410,1
2396,다사644429,2
2397,다사644432,5
2398,다사645408,1
2399,다사645409,1
2400,다사645416,1
2401,다사645430,1
2402,다사645433,2
2403,다사646408,4
2404,다사646409,2
2405,다사646410,2
2406,다사646411,1
2407,다사646415,1
2408,다사646417,2
2409,다사646419,1
2410,다사646425,1
2411,다사646436,1
2412,다사646437,9
2413,다사647402,3
2414,다사647403,1
2415,다사647404,3
2416,다사647405,2
2417,다사647408,7
2418,다사647409,3
2419,다사647410,1
2420,다사647417,1
2421,다사647434,8
2422,다사648406,1
2423,다사648409,2
2424,다사648415,3
2425,다사648417,2
2426,다사648432,59
2427,다사648433,3
2428,다사649405,1
2429,다사649406,1
2430,다사649415,1
2431,다사649416,6
2432,다사649417,3
2433,다사649418,6
2434,다사649425,1
2435,다사649431,63
2436,다사649432,4
2437,다사649433,10
2438,다사649435,2
2439,다사650405,2
2440,다사650413,1
2441,다사650417,2
2442,다사650418,4
2443,다사650429,1
2444,다사650433,4
2445,다사650434,1
2446,다사651405,1
2447,다사651413,3
2448,다사651414,2
2449,다사651416,4
2450,다사651417,2
2451,다사651419,1
2452,다사651432,2
2453,다사651433,1
2454,다사652404,2
2455,다사652405,4
2456,다사652406,10
2457,다사652414,1
2458,다사652417,2
2459,다사653414,1
2460,다사653415,1
2461,다사653418,1
2462,다사654407,1
2463,다사654408,1
2464,다사654409,2
2465,다사655406,8
2466,다사655414,1
2467,다사656419,3
2468,다사657420,1
2469,다사662413,11
2470,다사663408,1
2471,다사663411,24
