,Unnamed: 0,고정형CCTV지번주소,위도,경도,자치구,단속지점명,현장구분
50,50,방배본동 19-3,37.49549785,126.9888396,서초구,서래초병설유치원주변,불법주정차구역
51,51,방배1동 906-13,37.48356591,126.9970697,서초구,서리풀e편한세상APT 주변,불법주정차구역
52,52,방배1동 906-16,37.4845306,126.9974125,서초구,서리풀e편한세상APT2번출구주변,불법주정차구역
53,53,반포4동 51-5,37.50127691,127.0113111,서초구,서석빌딩사거리 주변,불법주정차구역
54,54,서초2동 1325-1,37.49308529,127.0241546,서초구,서운중학교뒷길 주변,불법주정차구역
55,55,양재1동 25-3,37.48150364,127.0370513,서초구,서울가정행정법원 주변,불법주정차구역
56,56,서초1동 1627-1,37.48902738,127.0167153,서초구,서울교대정문주변,불법주정차구역
57,57,방배2동 447-7,37.47682838,126.9847732,서초구,서울메트로뒷길 주변,불법주정차구역
58,58,서초3동 1704,37.49471875,127.0102979,서초구,서울중앙법원주변,불법주정차구역
59,59,내곡동 (신원동) 247,37.44782281,127.0574218,서초구,서울청계숲유치원주변,불법주정차구역
60,60,반포1동 30-8,37.50183789,127.0154882,서초구,서원초등학교 주변,불법주정차구역
61,61,반포1동 30-8,37.5025285,127.0141802,서초구,서원초등학교 후문주변,불법주정차구역
62,62,서초4동 1313,37.49847969,127.023503,서초구,서일중학교 주변,불법주정차구역
63,63,서초1동 1436-8,37.48474749,127.0235212,서초구,서일초교 후문주변,불법주정차구역
64,64,서초1동 1436-8,37.48466208,127.0220002,서초구,서일초등학교 주변,불법주정차구역
68,68,방배1동 908-9,37.48216683,126.9972375,서초구,서초프라자약국주변,불법주정차구역
69,69,서초3동 1454-32,37.48265919,127.0149745,서초구,서초한신APT102동주변,불법주정차구역
70,70,양재1동 594-20,37.45748485,127.0149641,서초구,서초힐스아파트삼거리주변,불법주정차구역
71,71,서초1동 1641-13,37.49323481,127.0213424,서초구,석문유치원주변,불법주정차구역
72,72,서초4동 1692-1,37.49453404,127.0141669,서초구,설국일식 주변,불법주정차구역
73,73,양재1동 729,37.46274042,127.0268234,서초구,섬들근린공원주변,불법주정차구역
74,74,방배2동 425-1,37.48436225,126.9829792,서초구,세양아르비채 주변,불법주정차구역
75,75,반포4동 118-15,37.50340053,127.0060592,서초구,센트럴시티 버스정류장주변,불법주정차구역
76,76,양재2동 288,37.47447453,127.0479235,서초구,소호정신관주변,불법주정차구역
77,77,반포4동 93-6,37.49930382,126.9983302,서초구,스타벅스 부근,불법주정차구역
78,78,반포1동 748-14,37.50423467,127.0235124,서초구,신논현역1번출구주변,불법주정차구역
79,79,잠원동 54-5,37.51627419,127.0119599,서초구,신동초등학교 주변,불법주정차구역
80,80,서초2동 1339-4,37.4898035,127.0304243,서초구,신라스테이호텔주변,불법주정차구역
81,81,반포4동 94-8,37.49866124,126.9983968,서초구,신명성온누리약국주변,불법주정차구역
82,82,잠원동 49-17,37.52076683,127.0136495,서초구,신반포 18차 APT 토끼굴 부근,불법주정차구역
83,83,반포2동 18-4,37.50319322,126.9952275,서초구,신반포역4번출구주변,불법주정차구역
84,84,반포3동 66,37.50985598,127.0076644,서초구,신반포자이 정문주변,불법주정차구역
85,85,반포3동 66-10,37.50867679,127.0083134,서초구,신반포자이 타이어프로주변,불법주정차구역
86,86,잠원동 60-79,37.51036972,127.0127608,서초구,신반포중앙유치원주변,불법주정차구역
87,87,잠원동 20-6,37.51558087,127.0196919,서초구,신사역4번출구 주변,불법주정차구역
88,88,반포4동 19-3,37.50592469,127.0043518,서초구,신세계백화점앞 주변,불법주정차구역
89,89,서초3동 1596-6,37.48780889,127.0127467,서초구,신영빌딩 주변,불법주정차구역
90,90,서초3동 1484-14,37.4821313,127.01052,서초구,신중어린이공원주변,불법주정차구역
91,91,서초3동 1466-5,37.48041344,127.010568,서초구,신중초등학교정문주변,불법주정차구역
92,92,잠원동 25-24,37.51362071,127.0182325,서초구,싸리재공원 삼거리 부근,불법주정차구역
93,93,잠원동 30-10,37.51366527,127.018562,서초구,싸리재공원 주변,불법주정차구역
94,94,방배4동 860-6,37.48796971,126.9870586,서초구,아가야어린이집주변,불법주정차구역
95,95,서초3동 1554-5,37.49291343,127.0110802,서초구,아스트라빌딩 주변,불법주정차구역
96,96,잠원동 64-8,37.51351894,127.0067169,서초구,아크로리버뷰 102동주변1,불법주정차구역
97,97,잠원동 64-8,37.51508925,127.008321,서초구,아크로리버뷰 104동주변2,불법주정차구역
98,98,서초4동 1685-3,37.49675846,127.0129838,서초구,아크로비스타 주변,불법주정차구역
99,99,반포1동 32-8,37.49943522,127.0124814,서초구,아크로비스타아케이드주변,불법주정차구역
100,100,서초2동 1329-9,37.49282865,127.0292378,서초구,알파약국 주변,불법주정차구역
101,101,양재2동 309,37.47296744,127.0421538,서초구,양재근린공원주변,불법주정차구역
102,102,양재1동 84,37.48085922,127.0420262,서초구,양재동삼성화재주변,불법주정차구역
103,103,양재1동 11-149,37.48495636,127.037474,서초구,양재동우체국주변,불법주정차구역
104,104,양재2동 212,37.46615286,127.0363235,서초구,양재리본타워2단지앞주변,불법주정차구역
114,114,양재2동 312-2,37.47195974,127.0406393,서초구,양재메트로(아)주변,불법주정차구역
115,115,양재1동 23,37.48425333,127.0340953,서초구,양재역12번출구주변1,불법주정차구역
116,116,양재1동 23,37.48425848,127.0340807,서초구,양재역12번출구주변2,불법주정차구역
117,117,양재1동 23,37.48330005,127.0351283,서초구,양재역환승주차장 주변,불법주정차구역
118,118,양재1동 101,37.47464865,127.0324286,서초구,양재천사유치원주변,불법주정차구역
119,119,양재1동 102-6,37.47385305,127.033979,서초구,양재초등학교주변,불법주정차구역
120,120,양재2동 309,37.47382165,127.0434879,서초구,언남고등학교 주변,불법주정차구역
121,121,양재2동 310,37.47190234,127.0454773,서초구,언남중학교 주변,불법주정차구역
122,122,내곡동 120,37.45446969,127.06178,서초구,언남초등학교건너편,불법주정차구역
123,123,내곡동 411-67,37.45473781,127.0602946,서초구,언남초등학교주변,불법주정차구역
124,124,잠원동 55-6,37.51873742,127.012105,서초구,영동가스충전소 주변,불법주정차구역
125,125,내곡동 349-1,37.45618997,127.0591375,서초구,영동농협 내곡지점주변,불법주정차구역
126,126,양재2동 311,37.47095482,127.0430825,서초구,영동농협 주변,불법주정차구역
127,127,양재1동 680,37.46572417,127.0241069,서초구,영동중학교주변,불법주정차구역
128,128,서초1동 1667-2,37.49390285,127.0179215,서초구,예성그린아파트주변,불법주정차구역
129,129,서초3동 1450-6,37.48084184,127.0136897,서초구,예전빌딩주변,불법주정차구역
130,130,신원동 274-1,37.4502115,127.053948,서초구,오라카이호텔주변,불법주정차구역
131,131,방배본동 783-26,37.49167552,126.9826898,서초구,왕실웨딩홀 주변,불법주정차구역
132,132,방배3동 583-4,37.47334823,126.9910752,서초구,외교협회입구 주변,불법주정차구역
133,133,방배1동 902-1,37.48554336,126.9950577,서초구,외환카드사주변,불법주정차구역
134,134,서초3동 1468,37.48049306,127.0077425,서초구,우리은행생활관주변,불법주정차구역
135,135,반포4동 90-10,37.49697289,126.9983067,서초구,우리은행서래지점 주변,불법주정차구역
136,136,양재2동 392-6,37.47296753,127.047619,서초구,우리은행포이동지점주변,불법주정차구역
137,137,양재1동 727,37.46403197,127.0246229,서초구,우면동 우체국 주변,불법주정차구역
138,138,양재1동 690,37.46415711,127.0245778,서초구,우면초등학교주변,불법주정차구역
139,139,서초2동 1337-34,37.49300593,127.0299077,서초구,우성아파트사거리주변,불법주정차구역
140,140,양재1동 554-1,37.45651732,127.0195155,서초구,우솔초등학교주변,불법주정차구역
141,141,서초4동 1304-5,37.50201329,127.0255389,서초구,우신빌딩주변,불법주정차구역
142,142,양재1동 66-2,37.47052557,127.0255122,서초구,우암상가 주변,불법주정차구역
146,146,서초4동 1685-1,37.50082998,127.0177683,서초구,원명초등학교 주변,불법주정차구역
147,147,반포1동 21,37.50526364,127.013638,서초구,원촌초등학교 부근,불법주정차구역
148,148,서초3동 1450-1,37.48193014,127.0137144,서초구,월드메르디앙주변,불법주정차구역
149,149,내곡동 (신원동) 399,37.49600819,127.0197353,서초구,유일교회,불법주정차구역
150,150,반포1동 737-19,37.50572576,127.0238754,서초구,은도빌딩주변,불법주정차구역
151,151,방배2동 468-6,37.47785094,126.9838611,서초구,이수초교주변,불법주정차구역
152,152,방배2동 467-24,37.47876846,126.9852712,서초구,이수초교후문주변,불법주정차구역
153,153,양재1동 60,37.47728349,127.0364902,서초구,일동제약주변,불법주정차구역
154,154,잠원동 57-20,37.51422266,127.0114309,서초구,잠원대림아파트 상가 부근,불법주정차구역
155,155,반포3동 157,37.50884841,127.0113479,서초구,잠원동아아파트 103동 주변,불법주정차구역
156,156,반포2동 16-4,37.50165026,126.9973029,서초구,잠원초등학교입구주변,불법주정차구역
157,157,잠원동 63-34,37.51341544,127.0085118,서초구,잠원한신로얄 APT 2동주변,불법주정차구역
158,158,서초3동 1543-13,37.49023255,127.0084521,서초구,장생탕 주변,불법주정차구역
159,159,방배4동 877-20,37.48880584,126.9954769,서초구,정우빌라,불법주정차구역
160,160,양재1동 (우면동) 58,37.47125224,127.0246519,서초구,우암초교주변,불법주정차구역
161,161,반포1동 745-6,37.50346242,127.0211048,서초구,제일약품 주변,불법주정차구역
162,162,양재2동 209-5,37.46456878,127.0342519,서초구,종일주류 주변,불법주정차구역
163,163,잠원동 58-16,37.51308969,127.0132133,서초구,종합매일상가 주변,불법주정차구역
164,164,반포4동 577-20,37.49483927,126.9998922,서초구,주혁빌딩주변,불법주정차구역
165,165,서초2동 1356-5,37.4874269,127.0288183,서초구,천사아틀리에 주변,불법주정차구역
166,166,양재2동 591-5,37.44493071,127.0575417,서초구,청계산입구 주변,불법주정차구역
167,167,방배1동 908-21,37.48247004,126.9978007,서초구,청권사앞삼거리주변,불법주정차구역
168,168,방배1동 908-21,37.48256373,126.9976864,서초구,청권사앞삼거리주변2,불법주정차구역
169,169,반포4동 86-1,37.49604966,126.9994359,서초구,청룡공원주변,불법주정차구역
170,170,서초2동 1327-34,37.49416737,127.0274967,서초구,춘하추동 주변,불법주정차구역
171,171,방배4동 818-1,37.49145189,126.9869462,서초구,카페골목입구주변,불법주정차구역
172,172,방배1동 919-1,37.48286153,126.9919636,서초구,코끼리마트주변,불법주정차구역
173,173,양재2동 217-6,37.46171584,127.0371274,서초구,코스트코 주변,불법주정차구역
174,174,반포4동 66-1,37.50062632,126.9997347,서초구,코웰빌딩 주변,불법주정차구역
175,175,내곡동 148 ,37.45457041,127.0636445,서초구,콜마정문앞주변,불법주정차구역
176,176,방배2동 452-1,37.47936877,126.9832792,서초구,클럽54 골프연습장주변,불법주정차구역
177,177,잠원동 70-1,37.51082933,127.0071236,서초구,킴스클럽 주변,불법주정차구역
178,178,서초1동 1679-1,37.49574201,127.020446,서초구,탐앤탐스주변,불법주정차구역
179,179,서초3동 1574-12,37.49281926,127.013791,서초구,태림빌딩 주변,불법주정차구역
180,180,양재2동 263-5,37.47705989,127.0428638,서초구,태석빌딩주변,불법주정차구역
181,181,서초2동 1344-13,37.48672332,127.0275116,서초구,트라팰리스B동주변,불법주정차구역
182,182,반포4동 68-2,37.49940776,126.9990973,서초구,파리15구공원 주변,불법주정차구역
183,183,방배4동 812-24,37.49108015,126.9914438,서초구,파리바게뜨주변,불법주정차구역
194,194,서초1동 1630-1,37.48996578,127.019826,서초구,서초1동 주민센터주변,불법주정차구역
195,195,서초2동 1334-1,37.49150982,127.0249041,서초구,서초2동주민센터입구주변,불법주정차구역
196,196,서초4동 1312-3,37.50078743,127.0223943,서초구,서초4동 롯데캐슬주변,불법주정차구역
197,197,서초2동 1326-1,37.49556039,127.0259058,서초구,서초가든스위트 주변,불법주정차구역
198,198,서초3동 1504,37.48987056,127.0068099,서초구,서초고교정문 사거리 주변,불법주정차구역
199,199,서초2동 1376-3,37.48419329,127.0323335,서초구,서초구청주변,불법주정차구역
200,200,서초3동 1483-18,37.4830193,127.0104736,서초구,서초더샵오데움주변,불법주정차구역
201,201,서초1동 1444-1,37.48509099,127.0184669,서초구,서초1동 우체국주변,불법주정차구역
202,202,서초4동 1686-9,37.49796638,127.018182,서초구,서초래미안109동주변,불법주정차구역
203,203,서초3동 1500-1,37.49131495,127.006213,서초구,로얄프라자주변,불법주정차구역
204,204,양재1동 25,37.48231903,127.0362177,서초구,서초문화예술회관 주변,불법주정차구역
205,205,반포4동 54-9,37.50114035,127.009326,서초구,서초성모어린이집주변,불법주정차구역
206,206,양재1동 763,37.45671669,127.0164729,서초구,서초스타힐스입구주변,불법주정차구역
207,207,서초3동 1583-10,37.48546276,127.0123349,서초구,서초아트자이102동주변,불법주정차구역
208,208,방배3동 1027-6,37.47459985,127.0005979,서초구,서초어린이집주변,불법주정차구역
209,209,서초3동 1542-1,37.49206387,127.0084448,서초구,서초역1번출구주변,불법주정차구역
210,210,서초3동 1500-2,37.49162895,127.0069246,서초구,서초역4번출구주변,불법주정차구역
211,211,서초1동 1642-22,37.49140089,127.0170717,서초구,서초연꽃어린이집주변,불법주정차구역
212,212,서초2동 1331-1,37.49394031,127.0266797,서초구,서초우성2차 18동 주변,불법주정차구역
213,213,서초2동 1326-17,37.49582212,127.0267202,서초구,서초우성5차 501동 주변,불법주정차구역
214,214,양재2동 324-2,37.46964115,127.0414222,서초구,서초우체국 주변,불법주정차구역
215,215,양재1동 769,37.45625856,127.0165468,서초구,서초유치원주변,불법주정차구역
216,216,서초4동 1687-2,37.49585414,127.0194282,서초구,서초중앙프라자 주변,불법주정차구역
217,217,서초4동 1307-6,37.49897722,127.025205,서초구,서초초교 주변,불법주정차구역
218,218,신원동 286,37.44878126,127.0554108,서초구,서초포레스타6단지주변,불법주정차구역
219,219,서초4동 1302-4,37.50219187,127.021769,서초구,서초푸르지오서밋 주변,불법주정차구역
1053,1053,서초3동 1529,37.4857258,127.0098245,서초구,e편한세상 201동 주변,불법주정차구역
1054,1054,서초4동 1685-8,37.4949808,127.0165433,서초구,Gfive(지파이브) 주변,불법주정차구역
1095,1095,서초2동 1338,37.49120473,127.0294965,서초구,ESA아파트 주변,불법주정차구역
1096,1096,서초4동 1302-6,37.50246377,127.0226086,서초구,삼호아파트 주변,불법주정차구역
1097,1097,서초3동 1002-17,37.47987679,127.0058646,서초구,삼화나띠르빌APT주변,불법주정차구역
1098,1098,반포4동 73-2,37.49811948,127.0005495,서초구,상지리츠빌주변,불법주정차구역
1099,1099,서초4동 1695-12,37.49493215,127.0153078,서초구,삼풍약국 주변,불법주정차구역
1100,1100,잠원동 17-2,37.51506795,127.0162454,서초구,새롬빌딩 주변,불법주정차구역
1101,1101,내곡동 (염곡동) 180-2,37.46158029,127.0505022,서초구,내곡동 새마을금고,불법주정차구역
1102,1102,방배3동 981-24,37.48078898,126.9956571,서초구,새성민유치원주변,불법주정차구역
1103,1103,방배4동 857-1,37.48848533,126.9883283,서초구,새순유치원주변,불법주정차구역
1104,1104,반포4동 95-9,37.49783533,126.9983086,서초구,서래약국 주변,불법주정차구역
1105,1105,방배본동 772-1,37.49615028,126.9882592,서초구,서래초등학교 주변,불법주정차구역
1137,1137,방배4동 811-1,37.49222483,126.9908557,서초구,GS칼텍스 부근,불법주정차구역
1138,1138,방배3동 1001-1,37.48228281,127.0022597,서초구,KT서초지사 주변,불법주정차구역
1139,1139,서초3동 1599-2,37.4863985,127.0142853,서초구,LG에클라트 주변,불법주정차구역
1140,1140,양재2동 221,37.46090382,127.0358795,서초구,LG연구센터우측주변,불법주정차구역
1141,1141,양재2동 221,37.46211515,127.0343153,서초구,LG연구센터좌측주변,불법주정차구역
1142,1142,서초2동 1364-54,37.48480587,127.0310439,서초구,LG전자 강남센터어린이집주변,불법주정차구역
1143,1143,양재1동 (우면동) 791,37.45957652,127.0248309,서초구,LH서초5단지주변,불법주정차구역
1144,1144,반포4동 46,37.49879636,127.010581,서초구,MV서초아파트 주변,불법주정차구역
1145,1145,서초4동 1309,37.50271071,127.0234189,서초구,강남I-PARK애비뉴 주변,불법주정차구역
1146,1146,서초4동 1302-52,37.50385512,127.0228887,서초구,GS삼방주유소 주변,불법주정차구역
1147,1147,반포4동 75-1,37.4977844,126.9990388,서초구,강남교회주변,불법주정차구역
1148,1148,반포4동 505,37.50110782,127.0038011,서초구,강남성모병원정문 주변,불법주정차구역
1149,1149,반포4동 505,37.50274197,127.0050722,서초구,강남성모병원후문 주변,불법주정차구역
1150,1150,서초2동 1320-39,37.4976736,127.0269589,서초구,강남역8번출구 주변,불법주정차구역
1171,1171,서초4동 1306-8,37.49947239,127.0267798,서초구,강남역대동빌딩 주변,불법주정차구역
1172,1172,서초3동 1456-2,37.4841529,127.0147232,서초구,경남아너스빌201동 주변,불법주정차구역
1173,1173,반포4동 19-6,37.50705972,127.0077854,서초구,경부선주차장주변,불법주정차구역
1174,1174,잠원동 66-1,37.51127593,127.0099913,서초구,경원중학교주변,불법주정차구역
1175,1175,반포2동 6-1,37.50492977,126.9959736,서초구,계성초교 주변,불법주정차구역
1176,1176,방배4동 830-3,37.48950686,126.9876552,서초구,고려빌딩주변,불법주정차구역
1177,1177,반포4동 19-13,37.50640284,127.0058017,서초구,고속터미널경부선상가앞주변,불법주정차구역
1178,1178,반포3동 75-21,37.50610388,127.0043935,서초구,고속터미널역 8-1번출구주변,불법주정차구역
1179,1179,서초1동 1673-7,37.49374932,127.0158404,서초구,교대역동측주차장1주변,불법주정차구역
1180,1180,서초1동 1658-1,37.49314904,127.0145739,서초구,교대주차장2(창성빌딩)주변,불법주정차구역
1181,1181,서초4동 1303-16,37.50297669,127.0240678,서초구,교보타워뒷길주변,불법주정차구역
1182,1182,서초4동 1303-46,37.50414217,127.0235553,서초구,교보타워주변,불법주정차구역
1183,1183,서초1동 1656-1,37.49220139,127.0139465,서초구,교대역13.14번출구 주변,불법주정차구역
1184,1184,반포4동 59-6,37.50376375,127.0088094,서초구,교통신문사 주변,불법주정차구역
1185,1185,양재2동 399,37.47186293,127.0487515,서초구,구룡사입구 주변,불법주정차구역
1205,1205,개포동 1231,37.47867,127.04732,강남구,[개포4-102] KB(개포남지점) 주변,불법주정차구역
1206,1206,논현동 7-15,37.51933,127.02797,강남구,[논현1-103] 강남을지병원앞R 주변,불법주정차구역
1207,1207,논현동 4,37.51696,127.02203,강남구,[논현1-105] 에메랄드타워 주변,불법주정차구역
1208,1208,양재2동 402-14,37.47085484,127.0491642,서초구,구룡유치원주변,불법주정차구역
1209,1209,반포1동 32-13,37.50282319,127.0126308,서초구,구립반포도서관주변,불법주정차구역
1210,1210,서초2동 1330-8,37.49255307,127.0282935,서초구,구립서초어린이도서관 주변,불법주정차구역
1211,1211,서초4동 1308-18,37.50025505,127.0246023,서초구,구사랑의교회 주변,불법주정차구역
1212,1212,방배2동 421-1,37.48548725,126.9831825,서초구,구산타워 주변,불법주정차구역
1213,1213,서초2동 1376-2,37.48407751,127.0310885,서초구,국립외교원주변,불법주정차구역
1214,1214,반포4동 산94-4,37.49641367,127.0026648,서초구,국립학술원주변,불법주정차구역
1215,1215,서초4동 1689-4,37.49552033,127.0182961,서초구,국민은행서초 주변,불법주정차구역
1216,1216,방배4동 1669,37.48741979,126.9823927,서초구,국민은행이수 주변,불법주정차구역
1217,1217,서초1동 1445,37.48515592,127.0172077,서초구,국제전자센터 주변,불법주정차구역
1218,1218,방배3동 1023-1,37.47879496,126.9994309,서초구,기업은행방배 주변,불법주정차구역
1219,1219,서초3동 1446-1,37.48448162,127.0165569,서초구,남부버스터미널 주변,불법주정차구역
1220,1220,방배본동 760-2,37.49533813,126.9858698,서초구,남부종합시장입구주변,불법주정차구역
1221,1221,서초3동 1446-1,37.48489554,127.0156534,서초구,남부터미널5번출구주변,불법주정차구역
1222,1222,양재1동 763,37.45702383,127.0155593,서초구,남서울농협주차장입구주변,불법주정차구역
1223,1223,잠원동 13-6,37.51619096,127.0192446,서초구,남서울주유소주변,불법주정차구역
1224,1224,서초3동 1715-10,37.49342027,127.0124467,서초구,남촌빌딩 주변,불법주정차구역
1227,1227,내곡동 96-20,37.46290428,127.0515053,서초구,나래학교,불법주정차구역
1228,1228,방배4동 872-9,37.48744057,126.9928137,서초구,내방역5번출구 주변,불법주정차구역
1229,1229,양재1동 720,37.46463383,127.0259785,서초구,네이처힐 4단지 402동 부근,불법주정차구역
1230,1230,반포4동 107-1,37.49950556,126.996955,서초구,넥스덴치과 주변,불법주정차구역
1231,1231,방배4동 851-16,37.48999967,126.9931369,서초구,늘푸른어린이집주변,불법주정차구역
1232,1232,방배3동 482-2,37.4758341,126.988812,서초구,대림사조주변,불법주정차구역
1234,1234,삼성동 2,37.51727,127.04236,강남구,[삼성2-112] 강남구청역1번출구 주변,불법주정차구역
1235,1235,논현동 22,37.51521,127.02264,강남구,[논현1-109] 신동아논현아파트,불법주정차구역
1236,1236,논현동 207,37.51385,127.03107,강남구,[논현2-101] 학동역3번출구 주변,불법주정차구역
1237,1237,논현동 62-7,37.52097,127.03285,강남구,[논현2-109] 마포숯불갈비 주변,불법주정차구역
1238,1238,논현동 98-2,37.51976,127.03491,강남구,[논현2-112] 두산빌딩 주변,불법주정차구역
1239,1239,논현동 90-3,37.51625,127.03454,강남구,[논현2-116] 신한금융투자 주변,불법주정차구역
1240,1240,논현동 245,37.51519,127.03763,강남구,[논현2-119] 동양파라곤101동앞 주변,불법주정차구역
1241,1241,논현동 276-2,37.5102,127.03958,강남구,[논현2-121] 아크로힐스논현 주변,불법주정차구역
1242,1242,대치동 604,37.49381,127.06123,강남구,[대치1-101] 대치상가 주변,불법주정차구역
1243,1243,대치동 1021-3,37.49836,127.05978,강남구,[대치1-107] 덕산빌딩 주변,불법주정차구역
1244,1244,대치동 1027,37.49358,127.0591,강남구,[대치1-111] 래미안대치팰리스정문주변,불법주정차구역
1260,1260,양재2동 276-6,37.47694972,127.0454014,서초구,대신증권양재 주변,불법주정차구역
1261,1261,서초1동 1445-28,37.48388958,127.0191477,서초구,더샵아파트 102동 주변,불법주정차구역
1262,1262,방배2동 473-15,37.47737967,126.98521,서초구,덕산홈타운(아)주변,불법주정차구역
1263,1263,방배2동 산75-2,37.47938832,126.9876245,서초구,도구로일대1,불법주정차구역
1264,1264,방배2동 산75-2,37.48025258,126.9882586,서초구,도구로일대2,불법주정차구역
1265,1265,서초3동 1715-4,37.49410297,127.0128707,서초구,동구빌딩 주변,불법주정차구역
1266,1266,방배4동 851-1,37.49006838,126.9921869,서초구,동국한방병원 주변,불법주정차구역
1267,1267,양재2동 379,37.47119107,127.0454058,서초구,동산어린이공원주변,불법주정차구역
1268,1268,반포4동 48-2 ~ 47-1사이,37.49999341,127.0094369,서초구,대성유니드아파트주변,불법주정차구역
1269,1269,서초1동 1678-10,37.49482152,127.0193325,서초구,동아빌라트 주변,불법주정차구역
1270,1270,서초2동 1350-13,37.48510235,127.0266156,서초구,동원베네스트 101동주변,불법주정차구역
1271,1271,방배4동 821-1,37.49049069,126.98657,서초구,뒷벌공원아람어린이집주변,불법주정차구역
1272,1272,방배1동 905-1,37.4849525,126.9954202,서초구,디지털프라자주변,불법주정차구역
1273,1273,잠원동 14-17,37.51554735,127.0177635,서초구,라전빌딩 주변,불법주정차구역
1274,1274,방배본동 774-19,37.4947232,126.9882609,서초구,래미안 방배 에비뉴주변,불법주정차구역
1296,1296,서초2동 1331-3,37.49320248,127.0260247,서초구,레미안서초에스티지정문주변,불법주정차구역
1297,1297,서초4동 1688-4,37.49600819,127.0197353,서초구,롯데캐슬 아파트 입구 삼거리,불법주정차구역
1298,1298,서초4동 1688-6,37.49635056,127.0202103,서초구,롯데캐슬프레지던트주변,불법주정차구역
1299,1299,방배본동 754-1,37.49650244,126.9838612,서초구,롯데캐슬헤론주변,불법주정차구역
1300,1300,잠원동 7-2,37.51805983,127.0171075,서초구,리버사이드뒤경로당주변,불법주정차구역
1301,1301,잠원동 8-24,37.51839077,127.0186781,서초구,리버사이드호텔 주변,불법주정차구역
1302,1302,서초1동 1656-4,37.49137821,127.0148655,서초구,롯데캐슬메디치뒷길주변,불법주정차구역
1303,1303,잠원동 52-1,37.51845346,127.0148415,서초구,리오센트아파트 102동주변,불법주정차구역
1304,1304,잠원동 52-1,37.51770551,127.0133718,서초구,리오센트아파트 103동주변,불법주정차구역
1305,1305,잠원동 52,37.51910184,127.012947,서초구,리오센트아파트 105동주변,불법주정차구역
1306,1306,잠원동 52,37.51974342,127.0140807,서초구,리오센트아파트 106동주변,불법주정차구역
1307,1307,양재2동 261-9,37.47547034,127.0414904,서초구,마방로공원 주변,불법주정차구역
1332,1332,서초3동 1505-2,37.48949742,127.0046243,서초구,마제스타시티주변,불법주정차구역
1333,1333,양재2동 324-1,37.47033737,127.0423434,서초구,매헌초교앞 삼거리주변,불법주정차구역
1334,1334,서초3동 1529,37.48651881,127.0094266,서초구,맥도날드 삼거리 부근,불법주정차구역
1335,1335,양재2동 219-2,37.46332156,127.0347309,서초구,명연빌딩주변,불법주정차구역
1336,1336,서초1동 1666-17,37.49207216,127.0169,서초구,무궁화공영주차장 주변,불법주정차구역
1337,1337,서초4동 1309-9,37.50238073,127.0247037,서초구,바로세움 주변,불법주정차구역
1338,1338,반포4동 53-4,37.50092035,127.010043,서초구,반도빌딩주변,불법주정차구역
1339,1339,잠원동 72-2,37.50838388,127.0033099,서초구,반원상가 주변,불법주정차구역
1340,1340,반포본동 796,37.50353164,126.9859766,서초구,반포(아)66동주변,불법주정차구역
1341,1341,반포4동 49-8,37.5003308,127.0106396,서초구,미도APT구립주차장주변,불법주정차구역
1342,1342,반포4동 46,37.49959244,127.0099909,서초구,반포4동성당주변,불법주정차구역
1343,1343,반포1동 743,37.50414204,127.0191303,서초구,반포공영주차장입구주변,불법주정차구역
1344,1344,반포4동 19-10,37.50360112,127.0024225,서초구,반포대교 고가차도주변,불법주정차구역
1345,1345,잠원동 75-10,37.50520501,127.0011356,서초구,반포대로 고가차도 남단사거리주변,불법주정차구역
1346,1346,반포4동 63-7,37.50028829,127.0038829,서초구,반포도요다 주변,불법주정차구역
1347,1347,반포1동 32-5,37.50162752,127.0118745,서초구,반포래미안 아이파크 정문주변,불법주정차구역
1375,1375,반포2동 2-8,37.50522404,126.9938485,서초구,반포성당주변,불법주정차구역
1376,1376,반포2동 4-14,37.50428551,126.9945329,서초구,반포성모유치원주변,불법주정차구역
1377,1377,반포1동 30-18,37.50183972,127.0176171,서초구,반포센트럴푸르지오서밋주변,불법주정차구역
1378,1378,반포3동 75-15,37.50570351,127.0030712,서초구,반포쇼핑 2-3동사이주변,불법주정차구역
1379,1379,잠원동 76-7,37.50578633,127.0016379,서초구,반포쇼핑2동뒤 216동 주변,불법주정차구역
1380,1380,반포4동 551-13,37.49768083,127.0005544,서초구,반포서래어린이집주변,불법주정차구역
1381,1381,반포4동 55-6,37.5029453,127.0107475,서초구,반포쌍동빌딩 주변,불법주정차구역
1382,1382,반포2동 2-8,37.50587179,126.9948956,서초구,반포아크로리버파크주변,불법주정차구역
1383,1383,반포4동 103-1,37.49706833,126.9969334,서초구,반포어린이집주변,불법주정차구역
1413,1413,반포1동 20-46,37.50608347,127.0098858,서초구,반포자이아파트입구주변,불법주정차구역
1414,1414,반포2동 18-2,37.50195425,126.9956534,서초구,반포종합운동장입구주변,불법주정차구역
1415,1415,방배4동 807-3,37.49356272,126.9923542,서초구,방배4동성당 주변,불법주정차구역
1416,1416,방배4동 874-1,37.48858542,126.9921715,서초구,방배4동주민센터주변,불법주정차구역
1417,1417,방배2동 424-28,37.48389798,126.9842254,서초구,방배롯데캐슬106동주변,불법주정차구역
1418,1418,방배2동 424-28,37.48401248,126.985813,서초구,방배롯데캐슬110동주변,불법주정차구역
1419,1419,방배2동 424-28,37.48269302,126.9848883,서초구,방배롯데캐슬놀이터주변,불법주정차구역
1420,1420,방배본동 752-36,37.4975651,126.9852191,서초구,방배아크로리버주변,불법주정차구역
1421,1421,방배1동 923-6,37.4829894,126.9957831,서초구,방배아크로타워 주변,불법주정차구역
1422,1422,방배2동 424-28,37.48274398,126.983156,서초구,방배롯데캐슬101동주변,불법주정차구역
1423,1423,방배3동 995-22,37.47935885,127.0035806,서초구,방배아트자이 삼거리주변,불법주정차구역
1424,1424,방배3동 992-8,37.48055624,127.0020274,서초구,방배아트자이 정문입구주변,불법주정차구역
1425,1425,방배3동 993-8,37.47977795,127.0017907,서초구,방배아트자이 주차장입구주변,불법주정차구역
1426,1426,방배3동 984-4,37.48150533,126.9980683,서초구,방배역1번출구주변,불법주정차구역
1427,1427,방배1동 912-6,37.48117691,126.9966334,서초구,방배역3번출구 주변,불법주정차구역
1428,1428,방배4동 875-1,37.48891318,126.9929162,서초구,방배열린문화센터 주변,불법주정차구역
1457,1457,양재1동 72,37.47851634,127.0350485,서초구,방아다리공원 주변,불법주정차구역
1458,1458,서초3동 1707-4,37.49319481,127.008491,서초구,법원등기국우측주변,불법주정차구역
1459,1459,서초3동 1707-4,37.49340281,127.0091322,서초구,법원등기국좌측주변,불법주정차구역
1460,1460,방배4동 1397,37.4864187,126.9830817,서초구,방배한진로즈힐 주변,불법주정차구역
1461,1461,서초3동 1711,37.49390236,127.0105014,서초구,법원로중앙법원입구주변1,불법주정차구역
1462,1462,서초3동 1710-1,37.4940386,127.0106497,서초구,법원로중앙법원입구주변2,불법주정차구역
1463,1463,반포4동 82-13,37.49476047,127.002155,서초구,법학빌라주변,불법주정차구역
1464,1464,방배2동 450-1,37.47830154,126.9824706,서초구,복개도로호림수산주변,불법주정차구역
1465,1465,방배2동 445-1,37.47713325,126.9828215,서초구,복개로만남의광장주변,불법주정차구역
1499,1499,방배3동 981-40,37.48012221,126.9951182,서초구,브루운스톤효령아파트주변,불법주정차구역
1500,1500,서초1동 1603-1,37.48582072,127.0158163,서초구,블루핀타워 주변,불법주정차구역
1501,1501,서초3동 1587,37.48530165,127.0144744,서초구,비씨카드 주변,불법주정차구역
1502,1502,서초2동 1362-9,37.48567708,127.0323581,서초구,브니엘빌딩주변,불법주정차구역
1503,1503,방배2동 445-5,37.47724709,126.9818165,서초구,사당역13번출구 주변,불법주정차구역
1504,1504,방배2동 2525-1,37.47508151,126.9818975,서초구,사당역3번출구주변,불법주정차구역
1505,1505,서초2동 1359-12,37.48550755,127.0316306,서초구,사도감공원 주변,불법주정차구역
1541,1541,서초3동 1541-1,37.49002025,127.0077391,서초구,사랑의교회주차장입구주변,불법주정차구역
1542,1542,반포4동 58-7,37.5039641,127.0101721,서초구,삼공빌딩주변,불법주정차구역
1543,1543,서초4동 1308-1,37.5015011,127.0240071,서초구,삼미빌딩 주변,불법주정차구역
1544,1544,서초3동 1541-1,37.49083831,127.0080405,서초구,사랑의교회정문주변,불법주정차구역
1545,1545,양재1동 678,37.46592151,127.0226936,서초구,삼성RND2단지주변,불법주정차구역
1577,1577,서초1동 1641-1,37.49335778,127.0190191,서초구,삼성래미안(아)101동주변,불법주정차구역
1578,1578,양재2동 207-4,37.46500905,127.0354353,서초구,삼성빌리지주변,불법주정차구역
1579,1579,양재1동 686,37.46520227,127.0211774,서초구,삼성프라자주변,불법주정차구역
1580,1580,서초2동 1327-35,37.49446259,127.0285216,서초구,삼성화재후문 주변,불법주정차구역
1581,1581,방배3동 1024-6,37.4768356,127.0007757,서초구,삼원빌딩주변,불법주정차구역
1582,1582,방배3동 1018-1,37.47837276,127.0011837,서초구,삼익아파트주변,불법주정차구역
1883,1883,대치동 210,37.49665,127.06107,강남구,[대치1-112] 서울교회 주변,불법주정차구역
1884,1884,대치동 1014-3,37.49633,127.05991,강남구,[대치1-113] 삼성아파트 주변,불법주정차구역
1885,1885,대치동 1013,37.49682,127.0566,강남구,[대치1-114] 단대부고담장 주변,불법주정차구역
1886,1886,대치동 991,37.49961,127.06368,강남구,[대치2-107] 남성빌딩 주변,불법주정차구역
1887,1887,대치동 965-1,37.5036,127.06046,강남구,[대치2-110] 한탐학원 주변,불법주정차구역
1888,1888,대치동 966-4,37.50402,127.06181,강남구,[대치2-111] 휘문중고등학교 주변,불법주정차구역
1889,1889,대치동 1009,37.50262,127.06778,강남구,[대치2-113] 렉서스강남전시장 주변,불법주정차구역
1890,1890,대치동 996-16,37.50813,127.06534,강남구,[대치2-114] 육안빌딩 주변,불법주정차구역
1891,1891,대치동 936,37.49759,127.05247,강남구,[대치4-101] 올리브영 주변,불법주정차구역
1892,1892,대치동 941-18,37.49891,127.06052,강남구,[대치4-103] 은마아파트입구R 주변,불법주정차구역
1893,1893,대치동 889-11,37.50465,127.05021,강남구,[대치4-104] 선릉역1번출구 주변,불법주정차구역
1894,1894,대치동 907-7,37.50117,127.05256,강남구,[대치4-105] 성진빌딩 주변,불법주정차구역
1895,1895,대치동 910-5,37.50188,127.05518,강남구,[대치4-106] 풍림아이원아파트 주변,불법주정차구역
1896,1896,도곡동 902-4,37.48671,127.03934,강남구,[도곡1-103] 대림상가 주변,불법주정차구역
1897,1897,도곡동 953-1,37.48531,127.03467,강남구,[도곡1-106] 양재SK허브프리모 주변,불법주정차구역
1898,1898,도곡동 902-8,37.48732,127.03784,강남구,[도곡1-107] 쌍용예가아파트 주변,불법주정차구역
1899,1899,도곡동 467-6,37.48785,127.05172,강남구,[도곡2-101] 대림아크로빌 주변,불법주정차구역
1900,1900,도곡동 465,37.48635,127.0507,강남구,[도곡2-104] 개포우성4차A상가 주변,불법주정차구역
1901,1901,도곡동 467-29,37.48772,127.05315,강남구,[도곡2-105] 타워팰리스G동 주변,불법주정차구역
1902,1902,도곡동 527-5,37.49483,127.05345,강남구,[도곡2-106] 도곡렉슬아파트 주변,불법주정차구역
1903,1903,삼성동 159,37.50996,127.05841,강남구,[삼성1-104] 도심공항타워빌딩 주변,불법주정차구역
1904,1904,삼성동 159,37.51174,127.06121,강남구,[삼성1-109] 코엑스 주변,불법주정차구역
1905,1905,삼성동 159-9,37.50922,127.06259,강남구,[삼성1-111] 삼성역6번 출구 주변,불법주정차구역
1906,1906,삼성동 168-3,37.50996,127.0629,강남구,[삼성1-112] 삼성역7번 출구 주변,불법주정차구역
1907,1907,삼성동 168-12,37.50933,127.0639,강남구,[삼성1-113] 삼성역8번 출구 주변,불법주정차구역
1908,1908,삼성동 147-15,37.51251,127.05671,강남구,[삼성1-114] 흑돈가 주변,불법주정차구역
1909,1909,삼성동 167,37.51128,127.0622,강남구,[삼성1-116] 현대글로비스본사 주변,불법주정차구역
1910,1910,삼성동 55,37.51883,127.05282,강남구,[삼성1-123] 진흥상가 주변,불법주정차구역
1911,1911,삼성동 49-9,37.51235,127.05043,강남구,[삼성2-106] 영상빌딩 주변,불법주정차구역
1912,1912,삼성동 142-46,37.50589,127.05269,강남구,[삼성2-108] 암천빌딩 주변,불법주정차구역
1913,1913,삼성동 143-35,37.50631,127.05277,강남구,[삼성2-115] 현대타워 주변,불법주정차구역
1914,1914,삼성동 2,37.51676,127.04251,강남구,[삼성2-201] 서광아파트담장 주변,불법주정차구역
1915,1915,율현동 110,37.47091,127.11864,강남구,[세곡-101] 자동차매매시장4 주변,불법주정차구역
1916,1916,율현동 110,37.46986,127.11918,강남구,[세곡-105] 자동차매매시장5 주변,불법주정차구역
1917,1917,율현동 122-5,37.46774,127.12007,강남구,[세곡-106] 자동차매매시장6 주변,불법주정차구역
1918,1918,세곡동 529,37.4692,127.09164,강남구,[세곡-109] 세명초등학교 주변,불법주정차구역
1919,1919,율현동 185-1,37.47415,127.10925,강남구,[세곡-112] 율현초등학교 주변,불법주정차구역
1920,1920,세곡동 515,37.46327,127.10366,강남구,[세곡-114] 리엔파크프라자 주변,불법주정차구역
1921,1921,수서동 714,37.48846,127.10229,강남구,[수서-102] 로얄프라자빌딩 주변,불법주정차구역
1922,1922,신사동 539-10,37.48856,127.10053,강남구,[신사-103] 진우빌딩 주변,불법주정차구역
1923,1923,신사동 502-5,37.48523,127.10392,강남구,[신사-105] MI타워 주변,불법주정차구역
1924,1924,신사동 564,37.52169,127.02659,강남구,[신사-111] 신사7호공영주차장 주변,불법주정차구역
1925,1925,신사동 554,37.52151,127.02362,강남구,[신사-112] 정인빌딩 주변,불법주정차구역
1926,1926,신사동 548-4,37.5239,127.02316,강남구,[신사-114] 훈지빌딩 주변,불법주정차구역
1927,1927,신사동 550-11,37.52319,127.02332,강남구,[신사-214] 신구초등학교 주변,불법주정차구역
1928,1928,신사동 666-11,37.52341,127.039,강남구,[압구정-107] 학동사거리 주변,불법주정차구역
1929,1929,신사동 632,37.52397,127.03407,강남구,[압구정-119] 압구정하이츠파크입구 주변,불법주정차구역
1930,1930,역삼동 826-37,37.49521,127.03089,강남구,[역삼1-101] 쌍용플래티넘밸류 주변,불법주정차구역
1931,1931,역삼동 644-18,37.50124,127.03514,강남구,[역삼1-104] 머큐어쏘도베호텔 주변,불법주정차구역
1932,1932,역삼동 737,37.50025,127.03584,강남구,[역삼1-107] 강남파이낸스센터 주변,불법주정차구역
1933,1933,역삼동 738-9,37.49924,127.03749,강남구,[역삼1-108] 씨앤씨빌딩 주변,불법주정차구역
1934,1934,역삼동 688,37.50764,127.03921,강남구,[역삼1-110] GS칼텍스 주변,불법주정차구역
1935,1935,역삼동 701-14,37.50417,127.04367,강남구,[역삼1-114] 상록플라자 주변,불법주정차구역
1936,1936,역삼동 773-8,37.49675,127.04533,강남구,[역삼2-104] 유진약국 주변,불법주정차구역
1937,1937,역삼동 705-9,37.50436,127.04772,강남구,[역삼1-119] 선릉역5번출구 주변,불법주정차구역
1938,1938,역삼동 646-20,37.50036,127.03469,강남구,[역삼1-121] 역삼역4번출구 주변,불법주정차구역
1939,1939,역삼동 653-3,37.50843,127.03843,강남구,[역삼1-125] 경복아파트R 주변,불법주정차구역
1940,1940,역삼동 649-10,37.49921,127.02972,강남구,[역삼1-130] 서림빌딩 주변,불법주정차구역
1941,1941,역삼동 717,37.50009,127.03889,강남구,[역삼2-101] 금융결제원본사 주변,불법주정차구역
1942,1942,역삼동 755-10,37.50034,127.05076,강남구,[역삼2-103] 도성초교R 주변,불법주정차구역
1943,1943,삼성동 156-5,37.50857,127.05593,강남구,[삼성1-110] 리칭(삼성본점) 주변,불법주정차구역
1944,1944,역삼동 829-15,37.50875,127.06204,강남구,[역삼1-118] 역삼초교R 주변,불법주정차구역
1945,1945,역삼동 783-21,37.49445,127.04469,강남구,[역삼2-111] 강남세브란스교수연구동 주변,불법주정차구역
1946,1946,역삼동 719-9,37.50102,127.04022,강남구,[역삼2-115] 양자강 주변,불법주정차구역
1947,1947,일원동 687,37.48913,127.08178,강남구,[일원1-104] 삼성의료원앞R 주변,불법주정차구역
1948,1948,일원동 639-7,37.49554,127.0857,강남구,[일원1-105] 원일빌딩 주변,불법주정차구역
1949,1949,대치동 18-11,37.49805,127.07452,강남구,[일원2-105] 대치교동측 주변,불법주정차구역
1950,1950,수서동 590,37.48234,127.09441,강남구,[일원본-104] 그린프라자 주변,불법주정차구역
1951,1951,청담동 78-18,37.52743,127.0416,강남구,[청담-101] YBM청담빌딩 주변,불법주정차구역
1952,1952,청담동 47-4,37.51892,127.04987,강남구,[청담-105] 청담역8번출구 주변,불법주정차구역
1953,1953,역삼동 788,37.49345,127.04059,강남구,[역삼2-105] 역삼청소년수련관 주변,불법주정차구역
1954,1954,청담동 118-2,37.52627,127.0472,강남구,[청담-112] 송은아트스페이스 주변,불법주정차구역
1955,1955,청담동 134-21,37.52087,127.05899,강남구,[청담-118] 청담삼익아파트 주변,불법주정차구역
1956,1956,청담동 94,37.52573,127.04337,강남구,[청담-131] 이니그마빌 주변,불법주정차구역
1957,1957,청담동 4-1,37.52316,127.04475,강남구,[청담-133] 피엔폴루스뒷길 주변,불법주정차구역
1958,1958,청담동 141-1,37.52765,127.04414,강남구,[청담-134] 청담매스터빌 주변,불법주정차구역
1959,1959,청담동 91,37.52425,127.04134,강남구,[청담-135] 승원빌딩 주변,불법주정차구역
1960,1960,청담동 57-2,37.52389,127.05161,강남구,[청담-136] 아트인빌딩 주변,불법주정차구역
1961,1961,청담동 13-1,37.52315,127.04553,강남구,[청담-137] 새벽별비전센터 주변,불법주정차구역
1962,1962,청담동 66,37.52004,127.05243,강남구,[청담-138] 청담공원 주변,불법주정차구역
1963,1963,논현동 225-5,37.51143,127.0358,강남구,[논현2-120] 자동차전시장빌딩주변,불법주정차구역
1964,1964,논현동 225-3,37.51172,127.03564,강남구,[논현2-111] 서울비전 주변,불법주정차구역
1965,1965,개포동 12 주변,37.49565,127.07776,강남구,[일원2-107] 대청아파트 주변,불법주정차구역
1966,1966,역삼동666-2,37.50475,127.03659,강남구,[역삼1-132] 충현1공원 주변,불법주정차구역
1967,1967,도곡동 91,37.49052,127.0541,강남구,[도곡2-110] 숙명여고 정문 주변,불법주정차구역
1968,1968,역삼동 615-4,37.50449,127.02767,강남구,[역삼1-133] 르메르디앙호텔 주변,불법주정차구역
1969,1969,일원동 184-13,37.48673,127.08271,강남구,[일원본-105] 삼성서울병원 정문 주변,불법주정차구역
1970,1970,신월동 198-5,37.49058,127.0614,강남구,[대치1-115] 대치초등학교 정문 주변,불법주정차구역
1971,1971,청담동 35-48,37.51876,127.04558,강남구,[청담-139] 한신오페라하우스2차 주변,불법주정차구역
1972,1972,신사동 534-18,37.52075,127.02284,강남구,[신사-115] 태명빌딩 주변,불법주정차구역
1973,1973,역삼동 836,37.49201,127.03241,강남구,[역삼1-134] 역삼한스빌아파트 주변,불법주정차구역
1974,1974,대치동 989-10,37.49888,127.06287,강남구,[대치2-115] 은마아프트 북문앞 주변,불법주정차구역
1975,1975,청담동 23,37.5219,127.04135,강남구,[청담-129] 청담현대2차아파트 주변,불법주정차구역
1976,1976,역삼동 680-1,37.50835,127.04032,강남구,[역삼1-124] 라움 주변,불법주정차구역
1977,1977,일원동 683,37.49099,127.08099,강남구,[일원1-106] 영희초교앞R 주변,불법주정차구역
1978,1978,대치동986,37.50048879,127.0632232,강남구,[대치2-116] 하이캐슬아파트 주변,불법주정차구역
1979,1979,대치동986-4,37.50083274,127.0644844,강남구,[대치2-117] 대상빌딩 주변,불법주정차구역
1980,1980,역삼동 827-68,37.49573,127.03247,강남구,[역삼1-117] 장서는날(본점) 주변,불법주정차구역
1981,1981,역삼동 835-67,37.4915,127.03474,강남구,[역삼1-123] 어울림아파트 주변,불법주정차구역
1982,1982,청담동 120-3,37.52461,127.0487,강남구,[청담-108] 대신빌딩 주변,불법주정차구역
1983,1983,청담동 125-22,37.52481,127.05047,강남구,[청담-109] 모나미빌딩 주변,불법주정차구역
1984,1984,청담동 53-8,37.52462,127.05389,강남구,[청담-122] 영동대교남단R 주변,불법주정차구역
1985,1985,청담동 125-17,37.52542,127.05123,강남구,[청담-125] 한국마사회강남지사 주변,불법주정차구역
1986,1986,청담동 4,37.52291,127.04319,강남구,[청담-126] 더청담 주변,불법주정차구역
1987,1987,역삼동 689-7,37.50598,127.04138,강남구,[역삼1-111] 태승빌딩 주변,불법주정차구역
1988,1988,언주로 534,37.49857,127.03036,강남구,[역삼1-115] 역삼세무서 주변,불법주정차구역
1989,1989,역삼동 820-9,37.49902,127.02737,강남구,[역삼1-120] 강남역11번출구 주변,불법주정차구역
1990,1990,역삼동 716,37.50284,127.04964,강남구,[역삼2-108] 센트레빌아파트 주변,불법주정차구역
1991,1991,신사동 598-3,37.52315,127.02847,강남구,[압구정-115] 원방프라자 주변,불법주정차구역
1992,1992,수서동 707-4,37.48856,127.10053,강남구,[수서-103] 세종교고버스정류장,불법주정차구역
1993,1993,신사동 579,37.52608,127.02657,강남구,[신사-106] 카로시티2빌딩 주변,불법주정차구역
1994,1994,신사동 550-11,37.52268,127.02341,강남구,[신사-107] 신구초교공영주차장 주변,불법주정차구역
1995,1995,신사동 614,37.52751,127.02935,강남구,[압구정-110] 대언빌딩 주변,불법주정차구역
1996,1996,신사동 617-5,37.52843,127.03348,강남구,[압구정-111] 호산병원 주변,불법주정차구역
1997,1997,논현동 241-3,37.51699,127.04104,강남구,[논현2-107] 강남구청역2번출구 주변,불법주정차구역
1998,1998,논현동 275,37.51049,127.037,강남구,[논현2-113] 논현동부센트레빌 주변,불법주정차구역
1999,1999,대치동 1023,37.49731,127.05657,강남구,[대치1-106] 대치동함흥면옥 주변,불법주정차구역
2000,2000,대치동 947-3,37.50732,127.06361,강남구,[대치2-105] 삼탄빌딩 주변,불법주정차구역
2001,2001,삼성동 159-1,37.51077,127.06177,강남구,[삼성1-108] 트레이드타워 주변,불법주정차구역
2002,2002,삼성동 58-2,37.51982,127.05674,강남구,[삼성1-122] 청담역2번출구 주변,불법주정차구역
2003,2003,삼성동 52-1,37.51742,127.0508,강남구,[삼성2-102] 상아아파트담장 주변,불법주정차구역
2004,2004,논현동 128-9,37.5136,127.0299,강남구,[논현1-102] 학동역5번출구 주변,불법주정차구역
2005,2005,논현동 208-5,37.51425,127.0322,강남구,[논현2-102] 학동역2번출구 주변,불법주정차구역
2006,2006,삼성동 159,37.51237,127.0571,강남구,[삼성1-101] 인터컨티넨탈서울 주변,불법주정차구역
2007,2007,삼성동 159,37.51155,127.05754,강남구,[삼성1-102] 세븐럭카지노 주변,불법주정차구역
2008,2008,삼성동 159,37.51088,127.05791,강남구,[삼성1-103] 오크우드프리미어 주변,불법주정차구역
2009,2009,삼성동 52-1,37.5186,127.05014,강남구,[삼성2-101] 청담역7번출구 주변,불법주정차구역
2010,2010,삼성동 21,37.51659,127.05123,강남구,[삼성2-103] 한섬빌딩 주변,불법주정차구역
2011,2011,삼성동 44-18,37.51196,127.04909,강남구,[삼성2-105] 성우빌딩 주변,불법주정차구역
2012,2012,신사동 638-6,37.5289,127.03567,강남구,[압구정-102] 동건빌딩 주변,불법주정차구역
2013,2013,신사동 639-4,37.52864,127.0368,강남구,[압구정-103] 세진성형외과 주변,불법주정차구역
2014,2014,신사동 660-8,37.52828,127.03827,강남구,[압구정-104] 한양상가(로데오입구) 주변,불법주정차구역
2015,2015,청담동 76,37.51973,127.04995,강남구,[청담-106] 리임빌딩 주변,불법주정차구역
2016,2016,율현동 101-13,37.46973,127.11818,강남구,[세곡-102] 자동차매매시장3 주변,불법주정차구역
2017,2017,율현동 114-1,37.46927,127.12084,강남구,[세곡-103] 자동차매매시장2 주변,불법주정차구역
2018,2018,율현동 126-8,37.46874,127.11988,강남구,[세곡-104] 자동차매매시장1 주변,불법주정차구역
2019,2019,삼성동 159-6,37.50927,127.05877,강남구,[삼성1-105] 한국도심공항 주변,불법주정차구역
2020,2020,삼성동 11-7,37.515194,127.047202,강남구,[삼성2-117] 롯데캐슬아파트 주변,불법주정차구역
2021,2021,논현동 21-1,37.51475,127.02097,강남구,[논현1-112] 스튜디오뉴빌 주변,불법주정차구역
2022,2022,논현동 62,37.52068,127.03194,강남구,[논현2-105] 조일빌딩 주변,불법주정차구역
2023,2023,대치동 1024,37.496453,127.055233,강남구,[대치1-105] 디마크빌딩 주변,불법주정차구역
2024,2024,대치동 985,37.50033,127.06484,강남구,[대치2-103] 대치레미안하이스턴 주변,불법주정차구역
2025,2025,대치동 989-2,37.49924,127.06252,강남구,[대치2-104] 성창빌딩 주변,불법주정차구역
2026,2026,대치동 962-21,37.50141,127.05975,강남구,[대치2-108] 대치현대아파트상가 주변,불법주정차구역
2027,2027,대치동 940-3,37.49807,127.05793,강남구,[대치4-102] 쌍용자동차대치전시장 주변,불법주정차구역
2028,2028,수서동 724,37.48747,127.10266,강남구,[수서-101] 로즈데일오피스텔 주변,불법주정차구역
2029,2029,신사동 651-21,37.52284,127.03727,강남구,[압구정-101] 씨네시티빌딩 주변,불법주정차구역
2030,2030,신사동 630-3,37.52236,127.03569,강남구,[압구정-106] 도산공원입구 주변,불법주정차구역
2031,2031,역삼동 677-25,37.50236,127.04099,강남구,[역삼1-103] 큰길타워 주변,불법주정차구역
2032,2032,역삼동 700-6,37.50431,127.04221,강남구,[역삼1-113] 효림빌딩 주변,불법주정차구역
2033,2033,역삼동 826-14,37.49481,127.02942,강남구,[역삼1-122] KTB네트워크빌딩 주변,불법주정차구역
2034,2034,역삼동 722-9,37.50096,127.0418,강남구,[역삼2-107] 역삼동성당 주변,불법주정차구역
2035,2035,논현동 159-11,37.50936196,127.0260817,강남구,[논현1-115] 카페미드나잇 주변,불법주정차구역
2036,2036,도곡동 944-8,37.48664507,127.0357073,강남구,[도곡1-108] 대명아파트 주변,불법주정차구역
2037,2037,삼성동 166-1,37.51293277,127.0653318,강남구,[삼성1-124] 우남빌딩 주변,불법주정차구역
2038,2038,삼성동 9-16,37.51446573,127.0429258,강남구,[삼성2-116] CS공인중개사 주변,불법주정차구역
2039,2039,청담동 52,37.52406752,127.0502845,강남구,[청담-140] 삼성빌딩 주변,불법주정차구역
2040,2040,청담동 124-11,37.52515796,127.0497535,강남구,[청담-141] 디아트주상복합주변,불법주정차구역
2041,2041,개포동 650,37.486573,127.056679,강남구,[개포1-101] 구룡중학교입구 주변,불법주정차구역
2042,2042,개포동 167-11,37.48297,127.0604,강남구,[개포2-101] 개포1동우체국 주변,불법주정차구역
2043,2043,개포동 186-13,37.48917,127.06695,강남구,[개포2-102] 개포동역5번출구 주변,불법주정차구역
2044,2044,개포동 186-17,37.48945,127.06897,강남구,[개포2-103] 개포2동주민센터 주변,불법주정차구역
2045,2045,개포동 1273,37.47523,127.05106,강남구,[개포4-101] 국악중고등학교 주변,불법주정차구역
2046,2046,논현동 130-9,37.51285,127.03112,강남구,[논현1-101] 학동역4번출구 주변,불법주정차구역
2047,2047,논현동 123-11,37.51051,127.0247,강남구,[논현1-104] 신화마트 주변,불법주정차구역
2048,2048,논현동 181-15,37.50749,127.02704,강남구,[논현1-106] 금강마트 주변,불법주정차구역
2049,2049,논현동 203-1,37.50565,127.02785,강남구,[논현1-107] 거평빌딩 주변,불법주정차구역
2050,2050,논현동 2,37.51645,127.02078,강남구,[논현1-108] 신사역1번출구 주변,불법주정차구역
2051,2051,논현동 126-4,37.51297,127.0279,강남구,[논현1-110] 성덕빌딩 주변,불법주정차구역
2052,2052,논현동 169,37.50887,127.02701,강남구,[논현1-111] 상명빌딩 주변,불법주정차구역
2053,2053,논현동 151-30,37.51149,127.03179,강남구,[논현1-113] 힐탑호텔 주변,불법주정차구역
2054,2054,논현동 18-4,37.51381,127.02048,강남구,[논현1-114] 운산빌딩 주변,불법주정차구역
2055,2055,논현동 212,37.51395,127.03343,강남구,[논현2-103] 논현주차장 주변,불법주정차구역
2056,2056,논현동 209-2,37.51472,127.03368,강남구,[논현2-104] 학동역1번출구 주변,불법주정차구역
2057,2057,논현동 211-14,37.5132,127.03517,강남구,[논현2-106] 강남라루체 웨딩홀 주변,불법주정차구역
2058,2058,논현동 237-5,37.50952,127.0374,강남구,[논현2-108] 동광교회 주변,불법주정차구역
2059,2059,논현동 117-3,37.51654,127.03859,강남구,[논현2-110] 영동한의원 주변,불법주정차구역
2060,2060,논현동 249,37.51324,127.03563,강남구,[논현2-114] 임피리얼팰리스서울 주변,불법주정차구역
2061,2061,논현동 105,37.52026,127.03691,강남구,[논현2-115] 동현아파트 주변,불법주정차구역
2062,2062,논현동 224-9,37.511,127.03525,강남구,[논현2-117] 주혁빌딩,불법주정차구역
2063,2063,논현동 222-11,37.51103,127.03385,강남구,[논현2-118] 이레빌 주변,불법주정차구역
2064,2064,대치동 623,37.49319,127.0599,강남구,[대치1-102] 남서울종합상가 주변,불법주정차구역
2065,2065,대치동 651,37.49217,127.05769,강남구,[대치1-103] 여천빌딩 주변,불법주정차구역
2066,2066,대치동 1021-10,37.49832,127.06098,강남구,[대치1-104] 농협(대치동지점) 주변,불법주정차구역
2067,2067,대치동 1027,37.49559,127.0592,강남구,[대치1-108] 래미안대치팰리스1단지 주변,불법주정차구역
2068,2068,대치동 1027-1,37.49415,127.06036,강남구,[대치1-109] 래미안대치팰리스 주변,불법주정차구역
2069,2069,도곡리 376-3,37.49535,127.05537,강남구,[대치1-110] 단대부고 주변,불법주정차구역
2070,2070,대치동 944-31,37.5079,127.0608,강남구,[대치2-101] 섬유센터 주변,불법주정차구역
2071,2071,대치동 994-8,37.49857,127.06839,강남구,[대치2-102] 서림상가 주변,불법주정차구역
2072,2072,대치동 998-1,37.50853,127.067,강남구,[대치2-106] 강남경찰서 주변,불법주정차구역
2073,2073,대치동 987,37.50021,127.06229,강남구,[대치2-109] 아카데미국제학교 주변,불법주정차구역
2074,2074,대치동 988,37.50029,127.06035,강남구,[대치2-112] 대치현대A 주변,불법주정차구역
2075,2075,대치동 902,37.50425,127.05624,강남구,[대치4-107] 대치포스코더샵 주변,불법주정차구역
2076,2076,대치동 893,37.5048,127.05595,강남구,[대치4-108] 롯데캐슬아파트 주변,불법주정차구역
2077,2077,대치동 921,37.49991,127.05134,강남구,[대치4-109] 오성빌딩 주변,불법주정차구역
2078,2078,대치동 890-57,37.50359,127.05163,강남구,[대치4-110] 서울독수리사역 주변,불법주정차구역
2079,2079,도곡동 967,37.48931,127.04135,강남구,[도곡1-101] 도곡경남아파트 주변,불법주정차구역
2080,2080,도곡동 959-27,37.48519,127.03726,강남구,[도곡1-102] LG전자 주변,불법주정차구역
2081,2081,도곡동 168,37.48793,127.0484,강남구,[도곡1-104] SK리더스뷰오피스텔 주변,불법주정차구역
2082,2082,도곡동 902-2,37.48656,127.03797,강남구,[도곡1-105] 언주초정문 주변,불법주정차구역
2083,2083,도곡동 467,37.48861,127.05386,강남구,[도곡2-102] 타워팰리스D동 주변,불법주정차구역
2084,2084,도곡동 467-17,37.48934,127.055,강남구,[도곡2-107] 타워팰리스F동 주변,불법주정차구역
2085,2085,도곡동 462-8,37.48562,127.04605,강남구,[도곡2-108] 로덴하우스 주변,불법주정차구역
2086,2086,도곡동 467-29,37.48719,127.0523,강남구,[도곡2-109] 타워팰리스3차 주변,불법주정차구역
2087,2087,삼성동 159,37.51333,127.06035,강남구,[삼성1-107] 아셈타워 주변,불법주정차구역
2088,2088,봉은사로 633,37.51511,127.06443,강남구,[삼성1-115] 노블발렌티웨딩홀 주변,불법주정차구역
2089,2089,삼성동 70-7,37.51422,127.05287,강남구,[삼성1-117] K707빌딩 주변,불법주정차구역
2090,2090,역삼동 710,37.50159,127.04435,강남구,[역삼2-106] 현대까르띠에아파트 주변,불법주정차구역
2091,2091,역삼동 755-4,37.49857,127.05077,강남구,[역삼2-109] 역삼e-편한세상A 주변,불법주정차구역
2092,2092,역삼동 763-16,37.49586,127.04714,강남구,[역삼2-110] 역삼2동주민센터 주변,불법주정차구역
2093,2093,역삼동 710,37.50218,127.04482,강남구,[역삼2-112] 테헤란아이파크 주변,불법주정차구역
2094,2094,역삼동 707-38,37.50304,127.04758,강남구,[역삼2-113] 테헤란오피스텔빌딩 주변,불법주정차구역
2095,2095,역삼동 755,37.49947,127.04784,강남구,[역삼2-114] 이마트역삼점 주변,불법주정차구역
2096,2096,일원동 663-3,37.49229,127.08367,강남구,[일원1-101] 일원치안센터 주변,불법주정차구역
2097,2097,일원동 644-3,37.4916,127.08775,강남구,[일원1-102] 일원1동주민센터 주변,불법주정차구역
2098,2098,일원동 701-2,37.49349,127.08705,강남구,[일원1-103] 대청초등학교 주변,불법주정차구역
2099,2099,일원동 615,37.49249,127.07643,강남구,[일원2-102] 석탑상가 주변,불법주정차구역
2100,2100,개포동 13-1,37.49488,127.07838,강남구,[일원2-103] 대진공원 주변,불법주정차구역
2101,2101,일원동 700-6,37.49471,127.08244,강남구,[일원2-104] 마루공원 주변,불법주정차구역
2102,2102,대치동 27-1,37.49877,127.07702,강남구,[일원2-106] 코원에너지 주변,불법주정차구역
2103,2103,일원동 713,37.48555,127.08308,강남구,[일원본-101] 중산고교입구R 주변,불법주정차구역
2104,2104,일원동 731,37.4826,127.0798,강남구,[일원본-102] 한솔종합상가 주변,불법주정차구역
2105,2105,수서동 595-18,37.48423,127.09441,강남구,[일원본-103] 제이스프라자 주변,불법주정차구역
2106,2106,청담동 141-15,37.52699,127.04452,강남구,[청담-103] 페라가모전시장 주변,불법주정차구역
2107,2107,청담동 46-9,37.51877,127.04912,강남구,[청담-104] 영화빌딩 주변,불법주정차구역
2108,2108,청담동 85-17,37.52466,127.03973,강남구,[청담-107] 디자이너클럽 주변,불법주정차구역
2109,2109,청담동 4-1,37.52365,127.04455,강남구,[청담-110] 피앤폴루스 주변,불법주정차구역
2110,2110,청담동 52-2,37.52453,127.05177,강남구,[청담-111] 일식긴자 주변,불법주정차구역
2111,2111,청담동 43-9,37.51799,127.04489,강남구,[청담-113] 원일빌딩 주변,불법주정차구역
2112,2112,청담동 45,37.51844,127.04731,강남구,[청담-114] 강남세무서 주변,불법주정차구역
2113,2113,청담동 68-6,37.52265,127.05527,강남구,[청담-115] 청담복집 주변,불법주정차구역
2114,2114,청담동 3,37.52327,127.04152,강남구,[청담-116] 금구빌딩 주변,불법주정차구역
2115,2115,청담동 23,37.52161,127.03978,강남구,[청담-117] 현대아파트상가 주변,불법주정차구역
2116,2116,청담동 91-8,37.52388,127.04293,강남구,[청담-119] 카페마룬에프 주변,불법주정차구역
2117,2117,청담동 84-8,37.52579,127.04014,강남구,[청담-120] 태그호이어 주변,불법주정차구역
2118,2118,청담동 139-28,37.52642,127.05461,강남구,[청담-121] 엘루이호텔 주변,불법주정차구역
2119,2119,청담동 127-31,37.52732,127.05372,강남구,[청담-123] 선릉로190길 주변,불법주정차구역
2120,2120,청담동 8,37.52285,127.04792,강남구,[청담-124] 청담2치안센터 주변,불법주정차구역
2121,2121,청담동 134-38,37.52283,127.05681,강남구,[청담-127] 청담자이아파트 주변,불법주정차구역
2122,2122,청담동 134-21,37.52107,127.05776,강남구,[청담-128] 청담삼익11동앞 주변,불법주정차구역
2123,2123,청담동 95,37.52553,127.04442,강남구,[청담-130] 청담빌라 주변,불법주정차구역
2124,2124,청담동 76-11,37.5196,127.05087,강남구,[청담-132] 유경빌딩 주변,불법주정차구역
2946,2946,양재2동 257-4,37.47464937,127.0426346,서초구,하나로카센터주변,불법주정차구역
3138,3138,반포4동 118-15,37.5043877,127.008636,서초구,파미에 주차장 입구주변1,불법주정차구역
3139,3139,반포4동 118-15,37.50385393,127.0072688,서초구,파미에 주차장 입구주변2,불법주정차구역
3140,3140,잠원동 66-2,37.51042871,127.0104821,서초구,파스텔프라자(경원중)주변,불법주정차구역
3141,3141,내곡동 205-11,37.44741089,127.056764,서초구,포레스타7단지앞주변,불법주정차구역
3142,3142,양재1동 11-149,37.48405594,127.0372759,서초구,포스코빌딩뒷골목주변,불법주정차구역
3143,3143,서초1동 1606-6,37.48762722,127.023476,서초구,푸르니서초어린이집주변,불법주정차구역
3144,3144,서초2동 1338-1,37.49051727,127.029241,서초구,풍림아이원플러스주변,불법주정차구역
3145,3145,반포4동 88-1,37.49610287,126.998205,서초구,프랑스학교 주변,불법주정차구역
3146,3146,서초1동 1625-7,37.48782148,127.0162986,서초구,프리우스주변,불법주정차구역
3147,3147,방배3동 984-3,37.48129268,126.999248,서초구,프린스효령빌딩 주변,불법주정차구역
3148,3148,서초2동 1321-11,37.49717358,127.0251383,서초구,플래티넘타워 주변,불법주정차구역
3149,3149,잠원동 56-3,37.51511278,127.0100914,서초구,하나유치원주변,불법주정차구역
3150,3150,반포4동 54-14,37.50201311,127.0107141,서초구,하나푸르니어린이집주변,불법주정차구역
3151,3151,양재2동 217-7,37.46312313,127.0356238,서초구,하이브랜드앞 주변,불법주정차구역
3152,3152,서초2동 1341-7,37.48902814,127.029934,서초구,한국제지주변,불법주정차구역
3153,3153,서초3동 1509-1,37.48829873,127.0085975,서초구,한빛아파트 101동 주변,불법주정차구역
3154,3154,서초2동 1359-28,37.48618252,127.0293584,서초구,한전사거리 주변,불법주정차구역
3155,3155,서초2동 1338-12,37.49101676,127.0298421,서초구,현대ESA오피스텔주변,불법주정차구역
3156,3156,방배본동 774-19,37.49359889,126.9889734,서초구,현대멤피스아파트주변,불법주정차구역
3157,3157,반포4동 45-14,37.49975983,127.0116525,서초구,현대빌라 주변,불법주정차구역
3158,3158,서초3동 1446-11,37.48241587,127.016235,서초구,현대슈퍼빌C동주변,불법주정차구역
3159,3159,양재2동 231,37.46497856,127.0434908,서초구,현대자동차(염곡IC) 주변,불법주정차구역
3160,3160,반포4동 107-82,37.49790081,126.9969764,서초구,현대팔레스빌라 주변,불법주정차구역
3161,3161,우면동782,37.45921313,127.0231786,서초구,호반건설본사주변,불법주정차구역
3162,3162,서초2동1361-10,37.48634702,127.0326088,서초구,호텔페이토주변,불법주정차구역
3163,3163,양재2동 391,37.47238572,127.0467558,서초구,홈플러스익스프레스주변,불법주정차구역
3164,3164,서초2동 1327-3,37.49612477,127.0276959,서초구,홍우빌딩 주변,불법주정차구역
3165,3165,서초3동 1579-9,37.48820244,127.0139657,서초구,홍인빌딩 주변,불법주정차구역
3166,3166,서초3동 1501-1,37.49026591,127.006811,서초구,힐스테이트서리풀주변,불법주정차구역
3192,3192,서울 강남구 삼성동 4-3,37.517794293276,127.046080481142,강남구,[삼성2-110] 진흥푸른솔아파트 주변,불법주정차구역
3193,3193,서울 강남구 역삼동 835-68,37.4923092347932,127.035775737969,강남구,[역삼1-127] 롯데캐슬노블 주변,불법주정차구역
3194,3194,서울 강남구 역삼동 837-7,37.4904776330903,127.032131466493,강남구,[역삼1-129] 황화빌딩 주변,불법주정차구역
3200,3200,서울 강남구 대치동 915-21,37.5008437466446,127.057655770808,강남구,[대치4-113] 명문빌딩 주변,불법주정차구역
3201,3201,서울 강남구 삼성동 159-9,37.510464723037,127.060276017905,강남구,[삼성1-118] 삼성역5번출구 주변,불법주정차구역
3202,3202,서울 강남구 수서동 723,37.4873125916649,127.10514604511,강남구,[수서-104] 수서6단지아파트 주변,불법주정차구역
3203,3203,서울 강남구 신사동 513-4,37.5170119830476,127.020847713165,강남구,[신사-101] 신사역8번출구 주변,불법주정차구역
3204,3204,서울 강남구 청담동 127-31,37.5269242818661,127.053071210331,강남구,[청담-142] 청담현대아파트 104동 주변,불법주정차구역
3205,3205,서울 강남구 청담동 48-3,37.5240367389421,127.048487114096,강남구,[청담-143] 호텔엔트라 주변,불법주정차구역
3206,3206,서울 서초구 잠원동 72,37.5100204151669,127.003164204172,서초구,반원초교 후문쪽문,불법주정차구역
3207,3207,서울 서초구 방배동 883-6,37.4890343874894,126.998631122227,서초구,황금빌딩 주변(서리풀터널 인근),불법주정차구역
3210,3210,서울 강남구 대치동 212-6,37.49478392776114,127.0617765600809,강남구,[대치1-117] 대치청실아파트소공원 주변,불법주정차구역
3211,3211,서울 강남구 자곡동 621,37.4707703849636,127.090857767579,강남구,[세곡-111] LH강남3단지 주변,불법주정차구역
3212,3212,서울 강남구 신사동 582-14,37.5255254564146,127.02827355053635,강남구,[신사-110] 압구정역4번출구 주변,불법주정차구역
3213,3213,서울 강남구 압구정동 459,37.5308113392958,127.0312312268454,강남구,[압구정-121] 압구정초등학교 정문 건너편 주변,불법주정차구역
3214,3214,서울 강남구 역삼동 707-27,37.5035314607525,127.047052246893,강남구,[역삼2-102] I&#39;Tower 주변,불법주정차구역
3215,3215,서울 강남구 수서동 591-4,37.4830779105768,127.094635215106,강남구,[일원본-106] 강남유정유치원 앞 주변,불법주정차구역
3216,3216,서울 강남구 청담동 14,37.5214034379514,127.045390847073,강남구,[청담-144] 청담2차이편한세상아파트 202동 주변,불법주정차구역
3218,3218,서울 서초구 방배동 752-36,37.4974882771201,126.98397258505,서초구,방배아크로리버아파트101동 옆,불법주정차구역
3219,3219,서울 서초구 잠원동 72,37.5067111518471,127.001149109718,서초구,신반포 센트럴자이 APT정문,불법주정차구역
3220,3220,서울 서초구 양재동 5-16,37.4792150251521,127.039868388568,서초구,텀블랜드어린이집앞,불법주정차구역
3223,3223,서울 강남구 개포동 155-4,37.48706219573254,127.06196524694148,강남구,[개포2-104] 수도공고정문 주변,불법주정차구역
3224,3224,서울 강남구 삼성동 38-30,37.5110983121067,127.045592721579,강남구,[삼성2-104] 청림빌딩 주변,불법주정차구역
3225,3225,서울 강남구 자곡동 605,37.4732459389237,127.100290881022,강남구,[세곡-110] 자곡초앞R 주변,불법주정차구역
3226,3226,서울 강남구 신사동 545-23,37.52020833893,127.023479210632,강남구,[신사-113] 신사동빌라트,불법주정차구역
3227,3227,서울 강남구 신사동 661-3,37.527842135183,127.039500137655,강남구,[압구정-105] H&amp;M(압구정점) 주변,불법주정차구역
3228,3228,서울 강남구 신사동 590-22,37.5209190518644,127.028394548762,강남구,[압구정-109] 선호빌딩 주변,불법주정차구역
3229,3229,서울 강남구 역삼동 795-25,37.4924961418419,127.038795243893,강남구,[역삼1-128] 공영노외주차장 주변,불법주정차구역
3230,3230,서울 강남구 역삼동 635-2,37.5009613373686,127.030622799896,강남구,[역삼1-135] 한국과학기술회관 주변,불법주정차구역
3234,3234,서울 강남구 대치동 504,37.49285890389193,127.06007313804928,강남구,[대치1-118] 선경1차아파트 1동 주변,불법주정차구역
3235,3235,서울 강남구 삼성동 7-3,37.51547032940714,127.04298858008032,강남구,[삼성2-118] 삼성래미안2차아파트 107동 주변,불법주정차구역
3236,3236,서울 강남구 압구정동 454,37.5322863629687,127.028397839393,강남구,[압구정-108] SC은행(압구정동지점) 주변,불법주정차구역
3237,3237,서울 서초구 우면동 769,37.4559907411309,127.01651766126,서초구,서초유치원 맞은편,불법주정차구역
3238,3238,서울 강남구 자곡동 619,37.4712795724748,127.088688007958,강남구,[세곡-113] LH강남5단지 주변,불법주정차구역
3239,3239,서울 강남구 신사동 627-9,37.5242523396574,127.032805358762,강남구,[압구정-117] 삼원가든 주변,불법주정차구역
3240,3240,서울 강남구 역삼동 709-5,37.5023529838786,127.04672840019,강남구,[역삼2-116] 역삼3차아이파크아파트 105동 주변,불법주정차구역
3241,3241,서울 서초구 방배동 895-16,37.4881949945374,126.99593454333,서초구,GS24 편의점 앞,불법주정차구역
3242,3242,서울 서초구 반포동 20-15,37.5054807660499,127.01081340004,서초구,산성교회 주차장 입구,불법주정차구역
3243,3243,서울 서초구 서초동 1500-1,37.4913149459032,127.0062129989,서초구,서초로얄프라자주변,불법주정차구역
3244,3244,서울 서초구 반포동 65-2,37.5009569531933,127.000961605978,서초구,쉐라톤서울팔래스호텔 앞,불법주정차구역
3249,3249,서울 강남구 삼성동 49-12,37.5126005101167,127.050785886554,강남구,[삼성2-114] S타워 주변,불법주정차구역
3250,3250,서울 강남구 자곡동 599,37.4749995302932,127.10419430589316,강남구,[세곡-107] 강남푸르지오시티 주변,불법주정차구역
3251,3251,서울 강남구 세곡동 577,37.4672857419137,127.101468032662,강남구,[세곡-108] 강남리더스프라자 주변,불법주정차구역
3252,3252,서울 강남구 세곡동 592,37.4667996957752,127.09960990993,강남구,[세곡-115] 세나테크놀로지 주변,불법주정차구역
3253,3253,서울 강남구 압구정동 513,37.5289385759485,127.042074950675,강남구,[압구정-118] 한양아파트 주변,불법주정차구역
3254,3254,서울 강남구 역삼동 696-43,37.5057005505899,127.048146476201,강남구,[역삼1-112] 비전빌딩 주변,불법주정차구역
3255,3255,서울 서초구 방배동 1-37,37.4942637532265,126.993888516075,서초구,방배상지빌라 주변,불법주정차구역
3256,3256,서울 서초구 서초동 1582-3,37.4871854830348,127.010880476195,서초구,서초 센트럴 아이파크 주변3,불법주정차구역
3259,3259,서울 강남구 대치동 924-9,37.4983097836345,127.054173342146,강남구,[대치4-112] 커피빈 대치한티점 주변,불법주정차구역
3260,3260,서울 강남구 삼성동 146-2,37.5130699054615,127.055070446569,강남구,[삼성1-119] 삼성동더? 주변,불법주정차구역
3261,3261,서울 강남구 신사동 537-11,37.5177732693162,127.022650435356,강남구,[신사-102] 탑텐(가로수길점) 주변,불법주정차구역
3262,3262,서울 강남구 역삼동 653,37.5081097254475,127.037524253965,강남구,[역삼1-109] 더북컴퍼니빌딩 주변,불법주정차구역
3263,3263,서울 강남구 역삼동 824-29,37.4974159913013,127.031561320631,강남구,[역삼1-116] 한일빌딩 주변,불법주정차구역
3264,3264,서울 강남구 역삼동 751-14,37.4947320852802,127.035032703171,강남구,[역삼1-126] Why.J.빌딩 주변,불법주정차구역
3265,3265,서울 강남구 역삼동 735-18,37.4980575368285,127.033738622449,강남구,[역삼1-131] 역삼푸르지오시티 주변,불법주정차구역
3267,3267,서울 서초구 우면동 679,37.46590705943331,127.02260764941282,서초구,우면동 운동시설 주변,불법주정차구역
3268,3268,서울 서초구 서초동 1630-5,37.4899247340781,127.021082972775,서초구,창신교회 맞은편,불법주정차구역
3274,3274,서울 강남구 신사동 550-11,37.5231190660522,127.024185906547,강남구,[신사-108] 신구초교정문 주변,불법주정차구역
3275,3275,서울 강남구 압구정동 489,37.5291561440508,127.038166645795,강남구,[압구정-116] 갤러리아백화점 주변,불법주정차구역
3276,3276,서울 서초구 서초동 1630-1,37.4898220371794,127.019978075956,서초구,보르아파트뒤,불법주정차구역
3279,3279,서울 강남구 신사동 582-6,37.5246802653657,127.028109423872,강남구,[신사-104] 서울리거뷰티센터 주변,불법주정차구역
3280,3280,서울 강남구 신사동 621-6,37.5264826256936,127.033002162701,강남구,[압구정-113] 이즈미 주변,불법주정차구역
3282,3282,서울 서초구 서초동 1596-9,37.4870684579296,127.012213357893,서초구,서초 센트럴 아이파크 주변2,불법주정차구역
3283,3283,서울 서초구 서초동 1307-26,37.4998994471301,127.025872333472,서초구,원진성형외과 뒷편,불법주정차구역
3285,3285,서울 강남구 도곡동 552-4,37.4904997656757,127.035696287625,강남구,[도곡1-109] SK-LPG 충전소 도곡점 주변,불법주정차구역
3286,3286,서울 강남구 삼성동 77-24,37.5141778614103,127.058462893904,강남구,[삼성1-120] 봉은사 주변,불법주정차구역
3287,3287,서울 강남구 삼성동 158-23,37.5080345090734,127.058895466877,강남구,[삼성1-121] K타워(중앙분리대) 주변,불법주정차구역
3288,3288,서울 강남구 수서동 208-6,37.48492653702102,127.10403283692192,강남구,[수서-105] 수서역SRT 주변,불법주정차구역
3289,3289,서울 서초구 서초동 1589-1,37.4865491159509,127.012531109728,서초구,서초 센트럴 아이파크 주변1,불법주정차구역
3290,3290,서울 서초구 양재동 12-10,37.484021366547,127.034926386869,서초구,한신휴플러스 앞,불법주정차구역
3295,3295,서울 강남구 대치동 1016,37.4976263263145,127.059329005836,강남구,[대치1-116] 한광빌딩 주변,불법주정차구역
3296,3296,서울 강남구 삼성동 143-49,37.5066753940069,127.05466605464,강남구,[삼성2-109] 대종빌딩 주변,불법주정차구역
3297,3297,서울 강남구 압구정동 410,37.5243413890589,127.021255989253,강남구,[신사-109] 신사중학교 주변,불법주정차구역
3298,3298,서울 강남구 신사동 627-21,37.5229943395829,127.03287879124,강남구,[압구정-112] 웅가패션 주변,불법주정차구역
3299,3299,서울 강남구 역삼동 676,37.5032117055936,127.041491531079,강남구,[역삼1-102] 벨레상스서울호텔 주변,불법주정차구역
3300,3300,서울 강남구 수서동 537,37.4811061945995,127.09524438892,강남구,[일원본-107] 강남더?포레스트아파트 202동 앞 주변,불법주정차구역
3302,3302,서울 서초구 서초동 1685-1,37.4997124451453,127.016741415456,서초구,원명초교병설유치원,불법주정차구역
3303,3303,서울 서초구 서초동 1356-1,37.4873357718332,127.030765787452,서초구,서초문화예술정보 고등학교,불법주정차구역
3306,3306,서울 강남구 삼성동 141-29,37.5053709769755,127.050486708595,강남구,[삼성2-107] 동신빌딩 주변,불법주정차구역
3307,3307,서울 강남구 신사동 610-10,37.52657502145824,127.02869818311387,강남구,[압구정-114] 압구정역2번출구 주변,불법주정차구역
3308,3308,서울 강남구 압구정동 518,37.527605075346,127.04287664181,강남구,[압구정-120] 기아자동차 주변,불법주정차구역
3309,3309,서울 강남구 역삼동 668-17,37.5023609122447,127.036498901324,강남구,[역삼1-105] GS타워북측 주변,불법주정차구역
3310,3310,서울 강남구 역삼동 678-35,37.5016210344523,127.038399618697,강남구,[역삼1-106] 역삼빌딩 주변,불법주정차구역
3311,3311,서울 서초구 잠원동 62-4,37.5134438321797,127.010149483292,서초구,신반포한신347동,불법주정차구역
3314,3314,서울 강남구 삼성동 146-28,37.5123000396317,127.05574886922,강남구,[삼성1-125] 태형빌딩 주변,불법주정차구역
3315,3315,서울 강남구 삼성동 29-19,37.5143376078179,127.045810734548,강남구,[삼성2-119] 삼성벨라스아파트 주변,불법주정차구역
3319,3319,서울 강남구 삼성동 141-19,37.5051679980169,127.048946524539,강남구,[삼성2-113] 선릉역8번출구 주변,불법주정차구역
3320,3320,서울 서초구 서초동 1348-9,37.4862684241627,127.025876551715,서초구,주택옆,불법주정차구역
