,역이름,위도,경도,04시-05시 승차인원,04시-05시 하차인원,05시-06시 승차인원,05시-06시 하차인원,06시-07시 승차인원,06시-07시 하차인원,07시-08시 승차인원,07시-08시 하차인원,08시-09시 승차인원,08시-09시 하차인원,09시-10시 승차인원,09시-10시 하차인원,10시-11시 승차인원,10시-11시 하차인원,11시-12시 승차인원,11시-12시 하차인원,12시-13시 승차인원,12시-13시 하차인원,13시-14시 승차인원,13시-14시 하차인원,14시-15시 승차인원,14시-15시 하차인원,15시-16시 승차인원,15시-16시 하차인원,16시-17시 승차인원,16시-17시 하차인원,17시-18시 승차인원,17시-18시 하차인원,18시-19시 승차인원,18시-19시 하차인원,19시-20시 승차인원,19시-20시 하차인원,20시-21시 승차인원,20시-21시 하차인원,21시-22시 승차인원,21시-22시 하차인원,22시-23시 승차인원,22시-23시 하차인원,23시-24시 승차인원,23시-24시 하차인원,00시-01시 승차인원,00시-01시 하차인원,01시-02시 승차인원,01시-02시 하차인원,02시-03시 승차인원,02시-03시 하차인원,03시-04시 승차인원,03시-04시 하차인원
0,가락시장역,37.493092048704,127.118258210622,24,0,5190,2945,12014,11440,29370,25848,33246,68790,23474,31727,21120,22838,21416,21726,21908,20012,22664,22552,24105,22575,26504,23175,28096,26846,36603,30173,57260,41967,23667,29910,18315,18776,19460,16022,16174,15926,2515,6834,10,1924,0,0,0,1,0,0
1,가산디지털단지역,37.4803887400743,126.882643680055,1906,8,15029,7644,16269,37461,35721,174238,38169,558438,26947,308086,25886,80858,31513,50822,38842,47295,44337,48347,50210,43870,61275,42732,88233,44227,248615,50733,445216,62037,187166,44944,99522,24689,88962,22123,56198,23174,9201,10184,130,1353,0,0,0,0,0,0
2,가양역,37.5614294894973,126.854402192224,40,0,13684,1597,23835,9154,70230,24679,71699,40946,38499,24723,27789,15452,26416,16763,27774,17376,26140,20819,23729,21621,24855,24686,28661,30071,34018,38226,41239,64997,19210,57544,13011,32931,11657,31205,8836,32950,1624,14411,1,455,0,0,0,0,0,0
3,가오리역,37.6416341556655,127.01676898865,1,1,2137,280,5962,1208,15932,2672,16258,5077,10288,3407,7177,4083,6346,3951,5997,4755,6104,5273,5298,5437,5090,6446,4975,8053,5233,8414,4169,12974,2792,12986,1944,7408,1523,6059,1213,5765,313,2641,1,3,0,0,0,0,0,0
4,가좌역,37.5687505576544,126.914810592109,0,0,2711,255,6836,3133,19966,3826,24336,8142,10476,7241,7582,5384,6863,5021,7527,5129,6611,7051,6430,6973,6519,7356,8179,9836,8024,11632,8390,17390,4895,13972,3480,7780,3055,5612,2616,6613,601,3908,3,309,0,0,0,0,0,0
5,강남구청역,37.5172008632289,127.041287183507,8,0,2319,2329,5879,17323,13890,48223,18347,162627,15993,136429,15971,54003,18704,35531,21949,32287,25391,34342,30541,29456,36818,27664,44310,28133,68935,32764,135756,40317,77117,24792,45361,14116,47057,11616,41475,11535,5963,4919,31,720,0,0,0,0,0,0
6,강남역,37.4980854411503,127.027977657727,85,6,5464,10853,15861,49435,36772,151261,58759,321542,46399,311718,46127,143770,62808,101593,79250,97700,95124,116716,102147,102382,126969,94677,143646,97346,222349,123126,335143,173742,203119,99700,152318,42059,202148,33576,195879,36941,24062,12861,7,4,0,0,0,0,0,0
7,강동구청역,37.530193178362,127.120443701344,8,1,4633,944,10695,4871,31486,14566,40603,33764,21025,13858,13342,9930,11423,9037,12054,9240,12150,11752,11669,11399,11967,11950,13799,15767,16892,20892,26905,34650,10407,26846,7009,14828,6843,13305,4968,15267,980,5466,1,404,0,0,0,0,0,0
8,강동역,37.5358747268317,127.132378184615,67,1,10617,1521,20050,11406,56077,28371,67190,50356,34161,27273,23095,17692,21294,15224,22700,16361,21845,19628,21214,18551,22301,20930,25231,24088,38703,32805,46582,52884,21342,42215,14379,25501,12379,23339,10085,26947,2402,13681,8,1090,0,0,0,0,0,0
9,강변역,37.535118053119,127.094722999066,8,1,7826,1835,25393,18766,76778,23506,104789,44325,70978,35345,48914,32926,44339,30736,44542,34894,42969,39456,39831,40949,39952,46818,43017,53897,50211,70674,56897,107654,40680,75727,29492,47210,26635,39063,18487,47656,4756,13648,3,292,0,0,0,0,0,0
10,개롱역,37.4979574766853,127.13507053201,0,0,3295,987,8322,3211,24356,7878,20305,17439,11267,8406,8522,6081,7700,5947,8874,6436,8382,7164,7497,7502,8573,8738,10140,10665,11991,14375,13567,19639,6669,20253,4414,9991,4571,9009,2993,11263,600,3867,3,595,0,0,0,0,0,0
11,개봉역,37.4946344799821,126.858693356963,1196,8,17907,5659,36452,12422,92733,15276,84593,23421,48886,18056,31920,14856,28186,17670,28697,21059,27287,21865,23802,25345,22767,30836,26511,38462,29626,57076,29418,92195,17091,71597,12415,39080,11779,37442,9009,35022,2376,15313,30,902,0,0,0,0,0,0
12,개포동역,37.4891322712554,127.066102609769,2,0,687,1011,3267,6782,8362,5893,8911,9584,5240,6559,4751,4762,4280,3705,5084,4161,5230,4885,4981,4600,5274,4837,8991,5360,9663,7094,8903,9824,5118,8369,3648,4658,3718,4244,3521,5031,650,2034,5,58,0,0,0,0,0,0
13,개화산역,37.5725335465697,126.806814324288,3,0,3917,350,7702,3443,21605,5757,19211,11754,9952,5717,6674,5171,6373,5061,7089,5568,7547,5875,6351,6379,6878,7408,7768,7991,9805,9365,10996,14987,4754,15016,2955,9081,2621,7784,2044,8398,491,3898,2,422,0,0,0,0,0,0
14,거여역,37.4933160395092,127.143769291109,0,0,5088,560,11506,7952,34589,9064,29554,17947,15465,9466,10973,5911,9732,6491,11313,8187,9925,8107,9022,8213,9070,9996,14149,13161,15025,16450,14625,24145,6436,23753,4672,11348,4394,10744,2815,11761,628,5986,4,598,0,0,0,0,0,0
15,건대입구역,37.5403976062717,127.069202907348,173,7,16306,2715,23809,25191,62905,44339,105108,94538,71855,70969,44397,53005,43232,52159,49402,62158,54118,72296,56787,70908,64060,74576,76516,85457,98392,118852,113178,177058,81243,118984,83494,61150,106678,53728,99539,59794,15545,25797,13,3794,0,0,0,0,0,0
16,경복궁역,37.5757880985498,126.973668718282,51,1,2365,1529,5042,13202,13067,42253,19448,105054,17548,48842,13820,29770,15255,27366,17640,27073,21453,27879,24927,25662,31699,21774,41977,23031,59190,25759,93232,31874,38510,20893,31943,10317,35720,8688,23219,9985,2386,3931,2,84,0,0,0,1,0,0
17,경찰병원역,37.4959868949932,127.124482367866,19,1,2249,164,7354,2846,21736,8283,25115,30835,14221,13935,10598,8910,9120,6661,8457,7029,9097,8574,8991,8039,9344,8082,9429,9170,14380,12687,20809,20743,6984,16706,5403,10057,5336,8065,3666,8581,503,3516,0,695,0,0,0,0,0,0
18,고덕역,37.5550395608369,127.154163861206,1,0,3140,1474,11531,5845,31557,14854,24565,19307,14376,10920,12902,9498,12710,8558,12689,10369,12343,11937,12534,11433,14239,12710,18712,13766,18708,16827,15848,26612,8638,26537,6644,12429,6775,10961,6264,11311,1514,6310,6,515,0,0,0,0,0,0
19,고려대역,37.5904356061366,127.036300356742,23,0,3561,766,7225,3578,20488,11283,24652,26757,12878,10867,8306,7358,8498,7085,9396,7511,10969,9832,9416,8009,10156,8585,13964,10044,20127,12511,18913,21440,9039,17801,6855,10669,7516,10155,6715,11627,1596,6043,4,103,0,1,0,0,0,0
20,고속터미널역,37.5045398449292,127.005134579686,162,8,7178,6966,14260,63534,48533,97183,73258,143408,71291,144955,70596,122455,84434,125949,98105,120008,106276,127841,116251,127804,134860,126965,155553,126124,193091,137206,200714,166223,151307,104490,159775,61196,113618,49163,83286,42775,19976,14774,18,387,0,0,0,0,0,0
21,공덕역,37.5445344743163,126.95143307723,137,1,7860,3175,16410,19241,51564,81284,66157,211286,37742,104193,30348,45385,34854,37249,39062,35764,41950,37091,42154,36205,46332,36216,60666,42202,101571,59279,182740,98204,70710,57927,51905,30444,57994,28138,51570,32835,7815,12645,72,2446,0,0,0,0,0,0
22,공릉역,37.6255391693239,127.073019988267,15,0,5960,949,13843,3639,36991,10761,41028,22791,21520,14619,15504,11350,14921,10749,16558,13201,15708,15213,15067,14090,17720,16717,19038,19908,19572,24554,22193,39003,12654,36102,10118,19200,9853,15989,8763,18434,2229,10523,3,357,0,0,0,0,0,0
23,공항시장역,37.5636738875486,126.810594967667,0,0,3227,261,4303,1100,8743,1850,9898,3802,5915,2818,4460,3288,4064,3121,4278,3435,4214,3984,4149,3908,3900,4703,4070,5832,4193,7097,4026,10069,2400,9498,2169,6108,1878,4751,1304,5616,359,3190,1,160,0,0,0,0,0,0
24,광나루역,37.545291967554,127.103516928227,0,0,4908,1518,15426,7835,39642,14881,44708,29320,24766,18271,16451,17762,15757,14123,17900,14853,17682,14858,17834,14565,18723,15076,22974,18317,24887,23318,28350,36797,14610,27030,9483,16886,9301,15398,7582,17645,1658,6753,1,90,0,0,0,0,0,0
25,광운대역,37.6238337612372,127.061690626596,1950,5,5865,991,12635,2500,31457,5864,30426,14092,15404,10132,12302,10150,11269,11052,11990,10356,12330,10777,11469,12550,11168,11855,14110,14460,14102,16594,11969,25168,7507,22265,5993,13523,5582,11053,4895,12524,1576,8344,64,2113,0,0,0,0,0,0
26,광화문역,37.5716441018605,126.976409565513,4,0,804,738,3068,23428,8225,77641,12950,258168,10664,102290,11550,37766,16974,36104,19679,30527,26612,32669,30532,27308,37877,24005,49677,23855,91118,27670,204039,36012,72132,16895,49681,7146,57819,5991,38158,5534,4650,1894,1,126,0,0,0,0,0,0
27,광흥창역,37.5474801664168,126.932012687537,3,0,2461,1131,6911,4183,18532,16205,23640,36010,14476,16155,10832,9192,10790,8072,10477,8647,10372,9228,11304,8961,11078,9904,12959,11084,18829,14141,31269,21357,13271,16633,8584,9799,7683,8830,6730,10611,1607,4010,0,110,0,0,0,0,0,0
28,교대역,37.4927359601279,127.013863444681,43,0,3120,7490,14922,31869,31695,77274,44067,206253,35377,167263,35876,80836,43771,60456,48030,55776,57728,63012,66178,57948,73839,53783,84091,54148,132478,64651,211510,82205,92518,48258,68407,25356,80006,22135,77704,25285,9727,8907,2,38,0,1,0,1,0,0
29,구로디지털단지역,37.4852533671941,126.901473089504,172,6,39043,5617,52721,21441,134488,86206,181032,265661,109815,151329,60598,57579,55346,43814,59631,45553,60674,52702,56676,52879,58541,61845,70019,71410,122975,105151,235564,163036,111787,128637,61395,76840,57509,74602,49513,88141,7416,34189,0,78,0,0,0,0,0,0
30,구로역,37.5033280243545,126.882291119347,10742,20,24371,5151,19269,12977,37746,33171,36408,81995,25363,41860,19342,23897,19688,20368,20323,20323,21270,22149,21918,21171,24294,23419,29336,26200,47664,37073,68257,44218,28879,30283,19173,19141,19090,19289,12550,18529,2971,11559,20,6830,0,0,0,0,0,0
31,구룡역,37.48702743532,127.059474850454,0,0,360,829,1312,5754,2648,9114,3772,5010,3317,2185,2721,1577,2488,1507,2453,2012,2555,1827,2529,2039,3328,2042,8033,2211,6309,2682,4607,3513,1954,2783,1086,1794,2140,1595,632,2121,170,936,8,27,0,0,0,0,0,0
32,구반포역,37.5014218099211,126.987446814026,0,0,516,236,1717,1778,4806,3438,5560,7021,3790,5142,3129,3524,3091,3922,3610,4293,4288,4982,4279,4021,4571,4432,5302,4613,6318,5427,8344,7631,4660,5255,3540,2721,3056,2528,2475,3442,376,1491,0,45,0,0,0,0,0,0
33,구산역,37.6112430835611,126.917253818257,1,0,4573,205,11186,2222,28787,7192,34856,7185,17331,4883,10904,4343,9919,5880,10821,5840,9882,6812,8721,6760,8664,8773,11753,10929,9842,12903,8854,19409,5040,19070,3870,9649,3916,8388,3478,8351,684,4054,0,396,0,0,0,0,0,0
34,구의역,37.537160863174,127.086171769557,30,1,13200,937,25164,8987,65637,14610,110399,40193,61631,21979,31547,18041,26411,17898,27566,20935,27088,23261,24845,24822,24614,31555,28493,36153,32775,51458,41586,90370,20775,65549,15764,40867,16873,37352,15623,45564,4071,15456,6,944,0,0,0,0,0,0
35,구일역,37.4962509036903,126.869682064958,219,19,3704,1260,9330,3112,27150,7815,23911,11663,12149,6966,9289,5665,8935,6156,8992,7372,8844,9311,8139,8505,8698,9750,11464,10672,11987,16507,12114,30184,5725,21716,4243,11327,6883,10522,5585,10381,1234,3983,14,216,0,0,0,0,0,0
36,구파발역,37.6364177567586,126.918834712255,166,2,8703,1405,29136,9809,83497,23604,77675,28833,39413,25218,26447,23980,25714,20951,26716,22607,24994,22946,23962,24616,28794,24489,33706,29144,34787,37758,29144,66760,18023,57210,13343,31755,12012,28550,10682,27283,1694,16542,7,2011,1,6,0,0,0,0
37,국회의사당역,37.5281356801658,126.917820861804,3,0,607,1731,1777,8658,3757,40486,6112,144018,4945,59971,7003,20073,9893,15656,11573,13594,13536,14977,16929,11804,19891,9478,24034,8747,56927,10086,111107,10244,34960,6678,20476,3303,20671,2963,15711,3268,2165,1061,0,0,0,0,0,0,0,0
38,군자역,37.5571496975138,127.079494769075,82,2,15948,1710,25170,11165,68369,15561,105408,51060,57325,32945,31604,20513,27608,19968,29528,21590,30339,24261,27885,25504,28431,31113,32014,35973,40762,54026,55701,92897,32218,69756,25090,38821,27562,34722,25742,39468,5039,17000,14,3367,0,2,0,0,0,0
39,굽은다리역,37.545503186603,127.14287366158,0,0,6514,552,13393,2580,36434,6089,37797,14023,19723,8733,13708,7927,12717,7688,13044,9248,12647,10413,10948,10937,11023,11859,11535,15885,13123,19033,14081,33559,7748,28057,6154,14912,5847,14374,4724,15538,805,7237,23,823,0,0,0,0,0,0
40,금천구청역,37.4561799500543,126.893599593129,601,1,11163,1584,18653,5412,46942,16752,43917,29192,24416,11630,16295,8728,14495,8447,14873,11367,13787,12749,12380,12826,13084,16153,14534,18972,16422,27584,25709,43563,11409,35148,8278,17543,7019,17649,5726,16610,1080,8091,38,354,0,0,0,0,0,0
41,금호역,37.548255518095,127.015820115311,52,27,4345,481,10057,2931,26438,5019,34946,8885,21045,7129,13413,6261,11262,6812,11702,7865,11442,9059,9938,9733,9576,12371,10381,14035,11266,19986,11538,30369,7507,22019,5864,14223,4836,12334,4244,14889,798,4401,0,0,0,0,0,0,0,0
42,길동역,37.5378120875517,127.140007691428,8,0,4474,720,9416,3815,21867,6734,28011,17426,13438,13197,11046,9972,10839,9439,12377,10020,11554,11433,10481,10993,11160,12876,12441,14975,14692,16940,17040,27203,8648,20610,6465,11847,5935,8950,4875,10946,802,4219,6,506,0,0,0,0,0,0
43,길음역,37.6033767646759,127.025049999193,7,0,8846,2188,29234,8372,82452,12682,85811,28036,43439,20004,28594,16461,23927,17871,25889,19033,25261,22214,22825,21317,22919,25761,25937,33207,30929,45890,28872,73879,16956,61622,13010,34225,10216,31501,11078,34969,2438,15107,1,2,0,0,0,0,0,0
44,김포공항역,37.5619477391215,126.801906881417,20,0,3497,5633,9326,33268,21633,53765,34116,65510,38289,44677,36457,38237,42600,42147,38609,47453,44856,54904,49322,52174,53121,49186,49797,49648,59867,60401,77527,60224,55022,38358,51198,17447,57754,7934,40888,6612,7654,3025,129,848,0,0,0,0,0,0
45,까치산역,37.5322270449167,126.846426169396,125,0,23530,1377,42551,8172,125774,11495,154452,20912,74334,17286,43131,17814,37063,20199,38070,23794,36669,26961,31109,30348,28248,40134,30789,50880,30067,67312,29839,120893,18520,103670,14126,59774,12613,55494,11033,55650,3041,26127,9,761,1,1,0,0,0,0
46,낙성대역,37.4770896313732,126.963505817942,25,2,11258,1761,25229,8259,76184,20173,122504,37361,76276,29856,37754,24362,32290,20988,35719,24401,35287,26208,32458,28433,33271,33393,35465,39049,42907,57405,47322,95092,27321,82065,19705,51695,20740,48190,17956,60413,4319,20938,4,1078,0,0,0,0,0,0
47,남구로역,37.4869892904115,126.887970257024,21,0,20063,1694,15946,6647,30955,32234,33096,103754,21207,49227,13944,17262,12419,13181,14013,12997,13645,13951,13316,13362,15050,15538,18208,19552,39516,34223,78425,31653,34499,22144,17616,14540,13327,16715,9758,16217,2310,6710,10,183,0,0,0,0,0,0
48,남부터미널역,37.4851852186355,127.016191235414,10,0,2452,1284,8012,22447,25921,57915,37710,157828,29099,77899,27275,44551,30568,31584,33538,33398,35621,36288,35798,37033,40783,37270,50411,39219,82185,44660,135585,55942,61578,35998,40318,20899,39304,16390,30061,15026,4321,6529,4,28,1,3,1,0,0,0
49,남성역,37.4847862998916,126.970896635447,13,0,5355,683,12925,3550,38138,7068,54673,14574,30552,10590,17850,9840,14861,9207,13904,10802,14524,12165,13271,12684,12649,15214,12988,18230,13403,22990,14435,39298,8107,30697,7158,18221,7192,16767,5280,18577,1464,7510,12,311,0,0,0,0,0,0
50,남영역,37.5405585626607,126.971327574661,60,1,2250,1028,4562,7756,11529,22262,16957,53904,10616,25931,8222,10182,9145,9621,9834,9712,9917,10142,10242,9970,13013,9782,19512,11421,23630,14526,44910,21137,17952,14233,12267,8596,12855,7568,10651,9016,1557,3546,4,135,0,0,0,0,0,0
51,남태령역,37.4642463513885,126.9890807468,46,0,453,126,824,1693,2147,3799,2747,4956,2202,1685,1698,1191,1778,1216,1747,1334,1685,1251,2379,1390,1860,1374,2736,1315,3693,1594,3851,1823,1367,1555,1230,981,659,907,314,948,90,384,0,31,0,0,0,0,0,0
52,내방역,37.4876549159776,126.993577566695,3,0,2310,1360,6570,10602,17341,24118,26580,81894,18234,41318,13263,17156,13041,13522,13922,13506,16140,15310,16337,14534,17483,14516,21593,16358,35623,20374,70219,28310,24886,19765,16603,11134,17683,9877,13581,11316,2472,4088,5,1406,0,0,0,0,0,0
53,노들역,37.5126577019678,126.953082505556,23,2,3011,172,4712,1237,15822,2310,19869,3761,10506,2955,7163,3297,6002,3089,6133,3710,6170,4395,5607,4367,4980,6314,5737,6515,5895,8999,5836,15638,3583,12086,2642,7010,2173,6587,2024,7261,636,2886,0,22,0,0,0,0,0,0
54,노량진역,37.5135712531779,126.940888666744,721,15,19612,3761,29645,20552,77191,55439,112427,84555,59120,49133,39209,33292,37064,31721,42722,40932,48828,43961,41490,38234,41121,43977,47763,51706,64114,77025,77314,118032,43195,78253,42054,47555,51975,45024,57255,48874,7458,21263,23,633,0,1,0,0,0,0
55,노원역,37.6563403562037,127.063440071354,136,3,16776,2453,38419,13574,91711,31363,92806,71300,58576,69720,49917,53915,50833,47550,54894,53699,56559,59791,56392,60879,58378,65608,65059,73385,66224,92646,74633,135234,49817,111444,49732,55603,47335,45488,46745,46085,6683,24905,25,3314,0,0,0,0,0,0
56,녹번역,37.6008031568325,126.935814422277,12,2,9031,621,23697,3995,62828,7550,72337,18403,38574,9772,23447,8810,18689,9400,18922,10689,17411,11495,15490,12670,13932,15334,14797,23139,16280,30764,18532,54827,8901,48611,6397,27725,5680,24641,4202,26528,1019,11225,1,12,0,0,0,0,0,0
57,녹사평역,37.5347047736434,126.986536101295,14,0,878,412,1844,4552,4806,9892,7654,17370,5290,7914,4215,6183,4561,5821,4865,7284,5751,7584,6166,7405,7178,7682,10864,8336,13149,9763,18232,13589,10985,8805,8793,4700,10834,3764,12869,4497,1751,1703,1,88,0,0,0,0,0,0
58,녹천역,37.6446334490218,127.051374087263,981,12,4542,702,7951,1559,21639,3689,16962,4469,10557,2341,7703,3214,6398,3610,7551,4485,6480,4328,5382,4503,5409,5937,6439,7589,5278,8968,4707,14255,3537,13685,1942,7629,2198,6552,1373,7063,453,3203,37,475,0,0,0,0,0,0
59,논현역,37.5111873890283,127.02164858363,5,0,1949,1307,4498,18561,8498,45428,14716,123263,12854,98532,11050,39145,13254,23107,15343,20950,17478,23669,20658,21391,25077,19575,31318,21350,55095,24813,106779,33800,58995,19286,35662,9911,39331,8106,45426,8492,7625,4046,11,296,0,0,0,0,0,0
60,답십리역,37.5669676097486,127.05254316093,12,0,9320,1107,18153,6489,57017,14405,75820,34245,33243,16792,19247,11457,16938,11765,18305,13929,17976,14450,16305,14969,16411,17745,18782,22066,24466,30928,32096,57019,16700,41407,10335,22275,9286,20731,7806,23917,1713,10207,13,794,0,0,0,0,0,0
61,당고개역,37.6702060357364,127.079048472278,57,0,7987,18,20299,6722,54204,9968,50952,13354,29000,12392,19947,12802,17658,11823,17697,12948,17750,13254,16673,13641,16135,17089,16059,20163,17254,26416,16125,37682,12558,35828,7076,22951,5621,20917,4371,21731,995,11590,0,91,0,0,0,0,0,0
62,당산역,37.5347735014069,126.902607283905,62,2,14107,4339,32007,17275,93188,44588,109813,120875,61199,60693,43015,33654,42792,33006,44845,36752,44529,41460,42555,40499,45054,45315,51008,54713,72281,81837,106129,137215,49528,95927,37227,58954,41408,55724,37925,65263,7200,24636,3,482,0,0,0,0,0,0
63,대림역,37.4933027323738,126.894926522974,490,22,45661,4215,38769,14443,80401,30409,110907,75693,75583,46615,43798,39840,38863,39398,42925,39442,43250,41341,41299,41823,42524,51299,47631,56415,57632,82732,70937,94693,38199,66953,26029,45369,22552,55963,18001,59154,4597,20569,8,493,0,0,0,0,0,0
64,대모산입구역,37.4915428672119,127.073070267893,2,0,1703,1262,3541,11552,9272,5195,9526,8899,5934,4307,4769,2924,4338,3062,4244,2982,4605,3359,3964,3328,4985,4123,9126,4474,10570,5510,8283,6813,3135,6022,1984,3735,1396,3389,1072,4020,327,1680,3,81,0,0,0,0,0,0
65,대방역,37.5133469218724,126.926478663143,494,8,5705,2032,10626,10315,29224,37140,37736,50603,20235,21999,14502,11500,14010,10135,14445,11608,15085,13566,14337,12299,16030,13675,18192,16199,31039,22668,47210,36973,17906,24912,12018,15831,11840,15748,9383,16068,1609,6386,42,496,0,0,0,0,0,0
66,대청역,37.4937011202813,127.079517936005,55,0,3190,1020,10337,6569,26421,14955,29184,26268,16546,10545,12895,7709,11168,7274,11370,9074,12109,8854,12184,9382,13950,11811,20595,13358,21164,16961,25864,25068,10155,21306,6955,13194,6007,11915,4788,14751,978,5743,0,64,0,0,0,0,0,0
67,대치역,37.4944858480401,127.063189830669,6,0,2250,777,10589,7861,24423,18100,22256,25358,13103,17181,10344,12290,10382,10970,12751,13508,13213,16141,12652,15380,15342,15937,17127,21157,23316,23118,27009,26242,17604,21527,11952,11436,14713,9897,24955,11609,2157,4227,0,8,0,0,0,0,0,0
68,대흥역,37.5476298835021,126.942468676122,14,0,1894,809,4947,4418,14799,14242,18732,31855,11548,14955,8397,9984,8366,8596,11011,10635,10303,10963,10008,9506,11119,10617,14326,11851,19950,13743,23981,21283,11725,13964,8394,8413,8602,7447,8938,8792,1933,4210,1,115,0,0,0,0,0,0
69,도곡역,37.4909757841746,127.055497705714,68,2,2054,1365,6886,10305,17526,29395,22239,45345,15325,31663,12254,15720,12943,13337,13930,13898,15613,15202,16436,13806,21541,13636,25944,14940,35841,17443,39786,23797,20572,19159,13256,11006,12032,9885,9831,11829,1812,4104,22,1011,0,1,0,0,0,0
70,도림천역,37.5145008199738,126.882635530518,4,0,270,301,1105,869,3119,4712,3355,6240,2068,2305,1829,1618,1601,1255,2330,1920,1608,1368,2364,1828,2521,1542,2887,1769,3021,2276,4066,2928,2212,2533,995,1513,976,1387,576,1480,197,668,1,51,0,0,0,0,0,0
71,도봉산역,37.6895585326698,127.046053675471,162,1,10450,1644,26560,6776,75371,11522,61470,21780,31958,27733,22427,35602,22030,28756,25353,28848,27817,25970,31213,22930,35285,22726,37698,24303,32239,28093,25903,44252,14040,48721,8492,27337,5910,23989,4620,24113,1079,13386,52,2063,0,0,0,0,0,0
72,도봉역,37.6791974925121,127.045525808977,239,4,6830,1108,9919,3223,19025,4111,18589,9460,12157,7027,10242,7877,9319,6704,8606,7410,9331,7989,9394,8715,8947,9954,8906,11332,9159,12265,9938,16905,4951,14917,3008,8684,2589,7736,1936,7042,571,4024,50,969,0,0,0,0,0,0
73,독립문역,37.5744680801684,126.957911446269,131,2,5261,779,5627,5713,15727,15235,18759,20796,13371,13516,11500,13685,10774,11224,11551,10591,11261,10975,12190,10454,13076,10342,15929,11304,14515,13470,16528,16657,7650,13554,5100,7901,4327,7407,3405,7899,643,3475,2,1878,1,1,0,0,0,0
74,독바위역,37.6184069418122,126.93303553594,1,0,1922,220,4708,968,13937,1547,13308,2859,6121,3496,3951,3862,3992,2814,3686,3003,3834,2809,3286,3135,3392,3547,3312,4760,2811,6173,2490,11147,1483,10935,928,5985,883,4787,690,5664,220,3077,1,232,0,0,0,0,0,0
75,독산역,37.4659611473931,126.889471139645,508,1,6953,2886,16136,14099,38379,41812,37202,95325,19723,43710,14677,16002,14017,10838,15627,12883,15016,13226,14407,11661,16006,14625,24129,16669,49310,23145,71658,38544,31090,32251,18792,16784,13168,19048,8888,18373,1747,7592,24,375,0,0,0,0,0,0
76,돌곶이역,37.6105378127498,127.056424528377,20,0,6095,762,13644,2779,35450,5984,39791,15931,19323,9174,12308,7801,10781,6904,11368,8711,11690,8974,10510,8973,9935,11160,10706,13887,11716,18733,12970,30690,9592,26321,5520,15186,4809,12206,4560,14871,1333,7048,0,161,0,0,0,0,0,0
77,동대문역,37.5716640012581,127.010617962363,854,32,18254,5236,12104,21147,19348,51076,25318,104646,28417,87773,32984,75323,41865,70839,50005,60279,53417,59439,62908,57688,72089,48954,80972,40106,108678,33702,92145,30089,47745,33648,33251,22774,36276,15947,24576,15960,6273,13656,19,1390,1,2,0,0,0,0
78,동대문역사문화공원역,37.5656454859141,127.008987189553,676,6,13788,2537,9743,21057,13833,59610,18370,147169,17585,75916,17749,48514,24836,46706,28965,42086,33002,43270,41057,41842,52351,36022,62904,31773,92907,33137,131043,38776,67291,46500,45640,25456,47375,17663,37744,17260,9642,10071,4,910,0,1,0,0,0,0
79,동대입구역,37.5590504141329,127.005296768227,23,0,1568,1019,2276,10126,5085,13680,7157,47730,5619,26076,4805,17252,5835,14635,7154,13004,8546,14341,11741,11874,13334,9064,18394,9194,36600,10770,33377,12392,15383,7566,10795,3799,12884,4348,12759,4551,1688,1750,1,165,0,0,0,0,0,0
80,동묘앞역,37.5732130585579,127.016346114277,179,4,7148,1531,8190,9220,14710,19105,21310,53484,17468,36982,18361,32876,24773,39401,34554,42300,39122,45476,44474,43865,49987,38456,56890,31267,52956,26255,48556,25243,22518,18165,13677,11844,12506,11330,9635,13913,2551,9354,4,1951,0,0,0,0,0,0
81,동작역,37.5029705640491,126.980299007575,33,0,1627,499,2962,4346,10452,6012,12407,9156,7905,6291,6226,5997,6268,5616,6330,5612,6616,6447,6729,7167,7995,7429,9349,7399,10599,8861,11574,12601,5666,8402,4224,5287,4176,4974,3338,5526,820,2322,5,954,0,0,0,0,0,0
82,둔촌동역,37.527653243694,127.136210118019,1,0,3513,1113,9368,7968,24748,10632,27424,22090,13789,10855,10392,8498,10091,8359,11064,9899,10346,10335,10755,10212,11413,12052,15659,14276,17635,18349,21074,26589,10648,22686,7109,10654,7582,9818,5960,9615,987,5084,1,3,0,0,0,0,0,0
83,둔촌오륜역,37.5193972411893,127.138638475396,0,0,204,263,889,2723,3565,3949,4237,2305,2284,647,1231,718,940,1213,1176,866,1484,882,1530,848,1578,1074,4998,1141,2789,1859,2276,2540,902,2210,614,1248,500,1085,259,1465,117,600,0,6,0,0,0,0,0,0
84,등촌역,37.5507208571932,126.865558572269,1,0,5067,700,13718,3387,42066,6598,49625,17991,21339,11051,15190,8767,14127,9408,14955,11002,14612,12372,13404,12595,13116,15973,13951,17989,15131,25353,18519,40299,9108,36692,6439,19162,6031,15172,5622,17048,1314,8100,0,3,0,0,0,0,0,0
85,디지털미디어시티역,37.5760020219691,126.901263083061,207,20,8935,4026,22245,20049,71532,54850,75480,166111,39474,71339,24523,25633,22819,20951,24000,22761,24561,24021,23871,22580,27879,23870,36967,30456,74125,41674,144511,73234,57230,54413,30271,29849,27016,26345,23648,30079,4652,12299,206,2163,0,0,0,0,0,0
86,뚝섬역,37.5472379579492,127.047369170783,19,9,3313,2167,7978,13543,18715,35950,25326,135496,16865,86331,12674,34761,13809,26820,17157,28847,20759,32492,24174,30244,29425,28412,39919,29101,63970,32063,125967,42103,64115,25216,37639,12750,37325,11347,29069,13060,3576,4968,0,82,0,0,0,0,0,0
87,뚝섬유원지역,37.5315511803549,127.06677359647,13,0,4596,456,8890,3763,20358,6433,29722,13235,18344,8838,10293,7371,8505,8980,9072,11862,9494,15272,10088,18690,13311,21720,16927,22815,20568,26639,22857,35789,19396,26009,17764,15724,19288,13799,17266,15348,7029,5164,6,306,0,0,0,0,0,0
88,마곡나루역,37.5667089856741,126.827407353953,16,0,4773,1748,13459,18247,38581,32269,39919,92214,19351,44498,13406,18753,14137,15793,16832,16566,17901,17531,18287,18038,22957,18361,31971,20356,65565,28680,80564,46186,32746,37449,23307,20804,24048,17622,19756,21187,3690,9404,230,1931,0,0,0,0,0,0
89,마곡역,37.5602178056843,126.824683361642,2,0,1958,1434,7357,5519,24103,11953,21598,46161,11476,28501,9560,13115,9826,9681,9827,10698,10673,11617,11563,10693,13849,10929,18760,11583,25668,14167,38263,21020,15612,17700,9836,8882,9093,8337,7126,8894,1519,4353,5,324,0,0,1,1,0,0
90,마들역,37.6651909458561,127.057689943554,6,0,9529,1200,23325,2833,61538,8330,56045,10892,27319,8910,18990,8662,16958,9798,17256,10692,15969,12281,13934,13062,13425,16316,13243,19605,11991,26777,11361,41985,6786,45325,5291,23810,4234,20385,3596,21095,1054,11940,7,750,0,0,0,0,0,0
91,마장역,37.5661245472562,127.042966737062,0,0,2310,550,5818,3309,15935,6732,20334,16424,10423,7075,7409,5806,7073,5420,7592,5991,7172,6091,7315,5962,7499,6830,8269,7819,9500,10486,11980,15992,7268,11283,4491,6970,4362,6370,3839,7100,861,2830,3,269,0,0,0,0,0,0
92,마천역,37.495034582344,127.152841764562,21,0,6067,213,10810,3648,29315,4333,26682,10662,12611,6520,8609,6629,7464,5900,8528,6482,8108,6421,6812,6589,7039,9393,8445,11509,8736,13129,9180,21462,4178,19398,2996,10554,2214,9720,1379,9983,352,6647,0,728,0,0,0,0,0,0
93,마포구청역,37.5634799638172,126.903407498445,6,1,6498,1983,13094,7741,38899,14457,51633,34760,29077,17050,18784,12366,17234,10976,17376,13485,17467,14364,16042,14217,16553,16755,19171,18431,23556,24220,36196,40278,16332,30440,11338,18891,11696,17138,8872,20349,2401,8520,2,84,0,0,0,0,0,0
94,마포역,37.5395405068307,126.945846741087,9,0,2318,1373,7235,10787,25034,24033,33912,72700,16861,35944,12414,15742,12835,14324,14132,13852,15661,15144,15178,13374,16409,13691,20887,16212,33928,24314,60710,41407,23595,24414,17341,12911,20841,10770,17631,12024,2346,4905,8,522,0,0,0,0,0,0
95,망우역,37.5992888287112,127.092358315354,266,5,7475,782,11831,2772,28865,5645,24399,13864,15490,8334,12234,8500,11114,7811,11821,8652,11344,9836,10404,11052,9766,12366,11252,15670,11383,19551,11690,28415,7887,18922,5260,12909,4485,8774,3194,9772,1011,5584,4,361,0,0,0,0,0,0
96,망원역,37.5560790523854,126.910094334311,1,0,5158,773,9812,4902,27036,8907,37738,32096,22619,28478,15767,18516,15494,20233,17751,24330,19027,26183,19213,25741,20602,28209,23757,29616,27747,34557,37009,47532,24490,34584,19410,16826,21508,14705,18167,15169,3985,7584,0,25,0,0,0,0,0,0
97,매봉역,37.4869250553702,127.046697871026,6,1,1326,459,6454,8240,15951,22345,19229,68692,13362,39661,10605,14097,10795,11819,11291,11269,12589,11658,14118,10300,15965,11267,19181,12094,34762,16751,64548,23138,23786,15399,14148,8695,16425,7053,11400,8688,1461,3340,0,332,0,0,0,0,0,0
98,먹골역,37.6106157806661,127.077762184215,7,0,7445,612,12846,3161,35387,5250,43102,14873,24685,8947,14837,8019,13011,9132,13601,9722,13443,10691,12012,11718,11473,14023,12378,17021,13583,22968,14893,36062,9322,33190,6094,18121,5628,15725,4870,17027,1273,7783,3,500,0,0,0,0,0,0
99,면목역,37.5886968712998,127.08749925382,14,0,12650,763,22754,5443,58068,8774,74633,25029,39013,16676,22298,13830,19254,13013,20355,15379,20109,16389,18050,16995,17633,21347,19838,28096,21090,34910,20095,54713,15547,50902,9052,28481,7820,24398,6291,26704,1561,12956,5,984,0,0,0,0,0,0
100,명동역,37.5609598626754,126.986395560098,23,0,615,871,1965,12698,3406,42536,5085,104940,6262,58007,7745,33406,12004,31306,16586,30819,20577,29397,25072,26104,32253,23893,40442,20731,55264,20245,101761,19897,44835,11036,35465,4833,30254,3676,16917,3055,1755,1192,1,138,1,0,0,0,0,0
101,명일역,37.5513942973681,127.144039211129,1,0,4785,785,12680,3430,37308,6982,33111,12655,16169,9523,13643,8166,11940,8235,12873,8898,11712,9951,10598,10539,10909,12780,12686,16112,11450,19400,12038,33646,6981,32981,5480,13771,5748,12436,3857,12583,897,7225,3,589,0,0,0,0,0,0
102,목동역,37.52612248118,126.864607193772,0,0,7352,1120,19869,6488,59378,14452,71500,27847,32127,20832,21739,15481,20373,13860,20870,15756,20699,19135,19950,19596,19489,23374,21798,29203,25434,43827,28771,78256,15756,58136,12769,30093,12806,26862,14902,29058,2668,12194,1,111,0,0,0,0,0,0
103,몽촌토성역,37.5178028959182,127.112844983956,2,0,1474,954,3285,4767,10486,8561,14476,24604,8096,14918,5836,8363,5712,7346,6348,7709,6988,7810,7603,7765,9010,7615,11772,8125,15514,9669,21900,14422,9340,10248,6530,5885,6728,5110,6128,6023,1229,2086,1,100,0,0,0,0,0,0
104,무악재역,37.5825560184073,126.950230958933,6,1,1690,264,4968,2432,14438,3039,16398,6114,9267,3265,6353,3389,5233,3367,5088,3595,5038,4072,4486,4224,4198,5313,5149,6366,6210,8916,6458,14509,2902,12526,2116,7331,1825,6362,1462,7174,317,3308,0,0,0,0,0,0,0,0
105,문래역,37.5179720940164,126.894756202452,27,1,3509,1970,12672,9770,42295,36291,45909,123794,24516,55631,17694,21358,16693,18120,19616,20192,21192,21153,21213,20029,23449,21462,29582,24527,52836,32314,104777,54476,36135,37819,22996,19457,25895,17387,23565,19890,3401,6710,1,211,0,2,0,0,0,0
106,문정역,37.4860238552656,127.122475829669,2,0,2102,2984,6373,10775,22082,49115,30083,172018,17972,82088,13953,27231,15322,16256,16847,16755,19976,18902,22123,16549,25208,18146,29150,18947,70292,23028,130666,32570,44556,25115,27325,13361,26364,11088,21977,12708,3229,4726,1,105,0,0,0,0,0,0
107,미아사거리역,37.6132684542852,127.030082101855,52,1,14434,1860,36779,8013,95685,20011,103823,33185,58281,31249,39236,26763,36244,26093,36877,29636,37220,31379,34770,34359,37447,43123,42556,49936,40311,64434,41296,103367,30007,81869,28253,45338,18864,40523,15026,39536,3130,18078,1,1,0,0,0,0,0,0
108,미아역,37.6266400754021,127.026032022663,56,3,10518,1302,20408,4511,48207,16104,54935,31082,32292,16864,22672,14322,19787,15370,20777,14853,20730,16675,19347,18248,19756,22774,23009,25971,23041,31703,26804,48131,15844,39817,9652,23500,9133,21330,7526,20468,1584,11471,1,3,0,0,0,0,0,0
109,반포역,37.5081434093748,127.011581635081,1,0,798,596,2738,6816,7709,11643,10108,19121,6782,16063,4770,7991,5102,8504,6723,8817,7453,8612,7954,7309,9681,7566,13772,7354,15261,8340,17248,10700,11677,7000,8590,4239,9252,3793,8077,4297,1667,1425,11,108,0,1,0,0,0,0
110,발산역,37.5586687177515,126.8377251087,2,0,3019,2277,8846,13626,25897,32953,26609,108104,15971,54473,16105,26059,19068,23377,21923,24657,23181,26570,26050,23273,30837,22243,38389,24060,55701,29112,81796,42598,36327,32793,27440,15124,29737,12563,27846,12502,3703,5082,3,525,0,0,0,0,0,0
111,방배역,37.4814561264392,126.997535255649,3,0,2607,3446,9244,16438,23064,28739,31316,74042,23768,46808,17209,22564,16969,18262,18949,19238,21438,20876,22564,20963,24617,20079,32998,22215,43034,29274,68715,37548,27596,26750,19578,16453,20229,16083,17958,19236,3362,6048,0,3,0,0,0,0,0,0
112,방이역,37.5087434268367,127.126086986658,1,0,2135,764,7156,3468,19392,7962,16715,23582,9478,12717,7574,7235,7406,6313,8706,7791,8460,8612,7748,8399,8695,9567,10324,12547,12364,15763,19774,21089,10238,15584,7722,8624,9197,7120,9931,7292,1101,3540,0,375,0,0,0,0,0,0
113,방학역,37.6674311601371,127.044317183294,510,2,10740,1721,15341,5799,31003,8842,28366,19056,18316,10071,15879,10246,14152,9377,14829,10667,13734,11635,12851,13005,12264,15749,14388,18898,14395,19377,17871,29477,9172,26363,6480,13697,5331,12757,4267,11180,1086,6286,95,1475,0,0,0,0,0,0
114,방화역,37.5775887548875,126.81280121976,5,0,4498,4,10552,3343,27498,5830,24057,14102,12794,6517,9677,5457,8811,6360,9920,8022,10313,7448,8661,7653,9247,8655,11225,10097,10173,12181,10327,19418,4625,19508,3372,11466,2770,10266,2100,10687,568,5413,1,620,0,0,0,0,0,0
115,버티고개역,37.5478239071303,127.00672181283,1,0,706,330,1849,1306,4999,2675,7736,5092,4364,3217,2930,2444,2703,2320,3077,2223,2995,2513,2578,2886,3114,3220,3388,3346,4288,4327,5876,6424,3196,5092,1992,3007,1678,3152,1476,3833,366,1427,2,74,0,0,0,0,0,0
116,보라매역,37.4999181359871,126.920588561199,18,0,5526,1177,8196,6064,22292,18399,32901,41778,18493,13293,10818,8358,11235,7960,10800,9661,11684,10105,11021,9739,12463,10256,16243,11991,18109,17429,34021,28166,11676,22174,8334,12095,8050,10986,6301,12265,1399,5437,4,372,0,0,0,0,0,0
117,보문역,37.5855380945306,127.019994457457,4,0,3711,1203,8016,5263,20547,11466,31874,23317,17055,12012,11124,8210,10255,7384,11382,8297,11591,9147,10570,8632,11565,10012,13894,11091,15772,15396,20310,23753,10067,18529,7055,11822,7306,10989,6250,14148,2114,6377,0,126,0,0,0,0,0,0
118,복정역,37.4707382891863,127.126701394602,1,0,4441,2579,10787,9999,30951,13194,39298,21584,22845,15279,14103,9863,11477,8428,12978,10061,12649,10253,12408,9610,14547,10441,18204,13322,24937,19546,28950,32647,15091,24724,8978,14561,7826,13101,7335,14998,2021,4615,11,409,0,0,0,0,0,0
119,봉은사역,37.5142374358367,127.060220347306,1,0,1474,1068,4719,10659,8395,33223,9784,90517,7425,60872,7657,25448,10854,21111,13592,19655,16520,20507,18493,19161,21988,15203,28388,15494,51885,17271,83354,19115,40579,12342,26413,6619,24824,6003,18594,5567,2163,1904,0,1,0,0,0,0,0,0
120,봉천역,37.4824689098378,126.941682007426,57,1,15494,1601,28410,6977,80538,12965,120833,25972,69211,19413,36459,18569,29498,19008,30930,21119,31223,23682,26760,25115,26190,33318,28901,37185,29106,51948,32926,85683,18335,71795,14011,43682,13951,40237,10271,45612,2702,17569,0,105,1,1,0,0,0,0
121,봉화산역,37.6173454295036,127.091361241699,6,0,4726,977,14378,2731,47391,5667,39408,12097,17384,6428,12431,5745,10355,5470,10284,7686,10016,8866,9094,8491,8367,10162,9217,12548,11141,17704,9752,29768,5190,28932,3827,16792,3340,13438,2872,15435,738,6801,1,508,0,0,0,0,0,0
122,북한산보국문역,37.6121187346003,127.008245268539,1,1,2001,626,6684,2370,19654,5036,24129,8001,14119,5739,10049,4994,8265,5061,9056,5865,8778,6007,8297,6575,8102,8174,9463,9945,9226,13041,8826,20351,5481,17730,3330,10871,3279,9539,2456,9509,818,4288,4,4,0,0,0,0,0,0
123,북한산우이역,37.6629879523308,127.012739014317,1,0,1107,626,2587,6000,8332,4967,8338,5331,4811,7623,3521,8504,3949,6268,5362,4761,5391,4305,7016,3817,7085,3814,10403,3606,7047,3885,4436,5014,3278,4850,1752,2981,1100,2652,687,2464,250,1162,1,82,0,0,0,0,0,0
124,불광역,37.6100441859992,126.930302239049,51,4,10203,1488,22531,8716,61162,14706,72296,39703,39611,36810,28078,30157,27576,27479,29938,28879,31477,31388,31634,31244,32894,34529,35929,37858,36764,46706,38849,71370,22360,57915,17217,32755,15341,27121,10811,29691,1959,13676,1,203,0,0,0,0,0,0
125,사가정역,37.5809295768134,127.088486427527,11,0,11434,1452,22939,6973,56493,12219,69974,25936,40401,15949,23842,14422,21057,14523,22121,15977,20794,17125,19311,18467,19184,23433,20888,28785,23464,38652,23455,63158,17140,54470,11428,29010,10806,24532,9175,26033,2417,11739,2,923,0,0,0,0,0,0
126,사당역,37.4765532208396,126.981549541445,275,29,21237,4055,47923,40839,133455,61733,184959,97798,126045,72723,76150,57634,67448,61274,75095,64348,76714,66432,74306,65761,72285,79264,80951,103447,100989,149453,130748,230369,83666,156677,72167,88699,92876,82073,89377,95108,14109,36907,13,2702,0,0,0,0,0,0
127,사평역,37.50423262798,127.015267960691,2,0,777,173,2917,2593,8837,5238,10061,7459,5517,3347,3930,2784,3991,3028,4137,3379,4625,4085,3940,4069,5015,4022,7305,5372,6502,6521,6897,9569,4086,7624,2622,3977,2011,3813,1806,4754,392,1603,2,1,0,0,0,0,0,0
128,삼각지역,37.534432134689,126.972913902586,2,0,2100,1049,5421,7425,14168,23865,21150,46942,12941,18235,9071,12249,10433,11573,12050,12149,13460,12029,13714,11079,15267,11526,18093,13027,29445,17418,45820,27002,19133,17252,13571,10416,16056,9659,14715,13402,2663,4556,1,250,0,0,0,0,0,0
129,삼성역,37.5088119293814,127.063020940329,115,0,4105,4724,6837,37355,14406,119470,18448,320875,19071,219840,20698,87551,30268,63381,36648,56044,47001,62912,57745,51626,71461,44842,88358,43399,171805,45806,280986,52843,144261,28651,98535,14651,85904,12295,64266,12710,6998,4382,1,1712,0,0,0,0,0,0
130,삼성중앙역,37.5129614592575,127.053025579452,0,0,730,479,2091,4046,4867,13812,6111,39510,5163,28374,4480,11414,5039,6048,5853,6021,6734,7228,7544,5685,8138,6466,10457,6114,21086,7918,37443,10906,15767,7109,9081,4245,8773,3592,7314,3766,1180,1701,1,7,0,0,0,0,0,0
131,삼양사거리역,37.6213073258081,127.020479780253,2,0,1232,301,2689,909,6992,1996,8192,4651,5183,2947,4248,2781,3754,3132,4279,3243,4421,3425,3571,3830,3515,4693,3357,5259,3348,5373,3339,7521,2293,6415,1482,3464,1238,2754,1027,2439,352,1136,0,0,0,0,0,0,0,0
132,삼양역,37.6269118474291,127.018147716421,2,2,1068,287,2758,923,6567,1206,7652,3067,4774,2401,3540,2464,3120,2358,3234,2591,3475,2947,2814,3266,2690,4385,2806,4652,2769,4614,2413,6641,1711,5740,1149,3297,929,3107,525,2607,145,1234,0,0,0,0,0,0,0,0
133,삼전역,37.5045436968849,127.08735570822,3,0,3497,404,6828,2514,18906,3760,28649,9732,17892,6617,9239,4823,7850,4908,8052,5636,8135,6305,7492,6964,7250,7251,8225,9648,9452,14422,11947,22702,6442,20287,4754,11637,4295,10867,4191,12590,835,6461,1,148,0,0,0,0,0,0
134,상계역,37.6607133396972,127.073417091825,27,2,12648,173,35950,7685,88720,16141,75817,18130,40284,15024,27305,15653,24443,15305,24276,18471,23788,18814,21496,19911,22160,24018,24801,29681,23209,39230,22529,63952,13929,61123,9764,35217,10270,31095,10767,31725,2105,17780,0,10,0,0,0,0,0,0
135,상도역,37.5028526010093,126.94790894056,0,0,4377,1157,11158,4559,32304,7758,42796,16964,25142,13689,14887,10064,12814,9031,13618,9964,13615,11060,12508,11471,12252,13398,14211,16214,16853,21608,17587,37221,9630,28329,7707,16832,7471,15853,7463,17773,2094,7264,7,416,0,0,0,0,0,0
136,상봉역,37.5966989669088,127.085742145107,896,36,16788,2361,28260,9262,74779,18612,96720,41566,48466,26483,29523,19077,25944,19201,28845,21573,27733,24012,26420,24631,26893,28483,31377,35003,37051,47783,41793,82567,27791,72742,20114,38065,20527,32517,15254,36434,3908,16916,44,2150,0,0,0,0,0,0
137,상수역,37.5477625707505,126.922416317552,4,0,1019,758,3136,2784,7628,6273,12531,23940,7207,17852,5499,12380,5796,11616,7577,12719,9064,14674,9157,13488,9960,13380,12534,16089,17289,20329,25071,27861,16880,17951,14103,8445,18999,5976,23263,6839,3993,3066,1,41,0,0,0,0,0,0
138,상왕십리역,37.5644348647729,127.029270145908,55,1,5273,487,12879,5214,38534,12346,58724,36668,31267,19841,19184,12639,17338,11239,18497,13692,17651,14726,16355,15350,18054,17187,18184,20429,23121,30318,28904,48020,17337,33242,11552,19837,10623,19697,8361,22276,1648,8288,1,7,0,0,0,0,0,0
139,상월곡역,37.6065408142226,127.048811061085,23,1,4644,546,8977,1661,24557,3413,28401,12625,14031,6608,8845,4711,7760,4752,7778,5287,7547,5602,6791,6020,6457,7327,7329,8923,7850,12229,9701,18222,6641,16574,3106,9977,2567,9030,2131,10179,1016,5125,0,91,0,0,0,0,0,0
140,상일동역,37.5566634789051,127.165892145281,12,0,8820,782,31963,5380,90967,11721,60416,18101,30853,9939,21753,8422,18419,9411,18869,12520,17643,13612,15488,14158,16405,18364,18436,21809,19440,31087,19334,52954,10259,55464,7119,29594,5392,24032,4047,24464,1353,14719,8,1828,0,0,0,0,0,0
141,새절역,37.5908600347313,126.913562546888,3,0,9600,645,19907,4653,54764,7799,62501,15426,29871,9485,18332,8666,16407,9445,17910,11608,16639,13058,14407,13900,13778,17785,16846,20284,15640,27988,14810,48766,9193,41457,6204,23456,5623,20120,4851,22414,1116,11210,1,1812,0,0,0,0,0,0
142,샛강역,37.517366563071,126.92837506516,3,0,969,896,1872,4245,4537,15136,5925,37791,4143,13792,4156,6974,4869,6545,5056,5832,5942,5842,6449,6234,7671,5253,10128,6042,17610,7667,30612,11576,11278,6237,7807,3754,8344,2847,8596,3329,1475,1403,0,10,0,0,0,0,0,0
143,서강대역,37.5521312710891,126.93549404719,17,0,359,84,1357,1143,3214,2681,3925,7415,2751,5324,2315,2838,2302,2570,2612,2582,2594,2808,2656,2835,3140,2591,3976,3213,4930,3558,5722,4188,3245,2873,2843,1783,3658,2137,3097,1874,873,935,7,49,0,0,0,0,0,0
144,서대문역,37.5657492320378,126.966631900266,7,0,2665,1320,5841,14411,16890,68232,21945,157539,15116,41107,14449,18786,16354,14524,16659,14006,16356,19064,19131,14988,24145,12991,33187,12875,58383,16188,114351,23465,31049,13451,22606,8577,20445,8558,15433,9334,2183,3431,2,211,0,0,0,0,0,0
145,서빙고역,37.5195501176669,126.988393978303,38,0,779,585,2051,2560,3226,4235,2921,8390,2835,2937,2344,1853,2068,1621,2311,1809,2588,1973,2466,2038,3173,2333,4415,2215,6223,2567,6586,3599,2708,2737,1837,1591,1479,1615,1085,1640,248,716,26,190,0,0,0,0,0,0
146,서울대입구역,37.4812845008265,126.952695107942,3597,15,27641,2305,42338,12828,123151,30814,181999,64154,113655,59231,60875,47282,53691,42891,58562,46323,59896,51262,55223,54322,61118,59288,66678,70945,75372,101642,85900,172349,51454,141217,42056,80822,49865,72944,45059,91991,9026,32725,0,6399,0,0,0,0,0,0
147,서울숲역,37.5436349863299,127.044741683677,120,0,2592,473,5064,4738,13450,19640,21113,41419,14498,26333,8062,16717,7985,18155,10121,20849,12259,25847,15405,27096,21188,26935,29476,22860,39859,21235,51933,27439,27547,17789,17841,9146,16513,7670,11206,8894,1581,3147,23,538,0,0,0,0,0,0
148,서울역,37.5533163107152,126.969738305903,746,16,9151,6038,11560,33958,36079,87958,57500,181615,41250,118758,39862,58244,46185,49543,54505,49638,57758,51064,50662,47737,64574,51264,74463,52639,120907,62540,182945,70761,86590,46397,57287,29311,63411,25836,42161,21304,10028,7638,13,570,0,0,0,0,0,0
149,서초역,37.491835518946,127.007644026196,25,0,1260,4502,8928,19044,15581,48376,23456,122231,23348,86755,17766,35816,23052,25527,22488,20399,27650,24827,29408,21677,34352,19327,39811,19912,68076,20355,103262,22025,42410,14694,25840,8999,26887,8370,19746,10426,3614,3206,0,0,0,0,0,0,0,0
150,석계역,37.6150019340823,127.065670206166,2089,37,14139,3482,30241,7925,73771,12811,80793,21627,45957,16474,32777,16088,27750,18706,28430,21942,27906,23185,24646,25864,24058,33080,24918,41504,26502,53454,23958,88564,18389,70850,13437,40456,14056,34211,11695,37734,3212,17296,61,1363,0,0,0,0,0,0
151,석수역,37.4350857189035,126.90230723405,400,1,7439,2879,15938,6347,39236,11851,38534,17703,20608,11440,13088,9924,10960,6557,11461,7660,11232,8260,10592,8221,12167,10085,14181,12059,17224,18555,18953,31275,9804,27495,6307,14433,5307,15533,3937,15029,1116,6246,28,222,0,0,0,0,0,0
152,석촌고분역,37.5024642758104,127.096491224145,4,0,2324,307,5038,1965,14663,4607,23938,12159,15085,8721,8052,4871,6979,4551,7416,5389,7444,5856,6550,5871,6691,7258,8401,8145,8881,11437,12455,20678,6186,16388,4347,10451,4420,9044,3855,10017,738,4558,0,10,0,0,0,0,0,0
153,석촌역,37.5054105299706,127.106990485844,4,0,5754,721,13343,5716,37981,12789,50975,31266,31183,26315,20016,17206,18564,17985,20130,19098,20515,20889,19724,20068,20634,22781,24048,25958,28077,35585,34080,53122,19668,41280,16107,22345,17764,21667,16714,23386,3026,8625,6,488,0,0,0,0,0,0
154,선릉역,37.5044937750958,127.048948120105,46,3,4225,7383,11972,46439,24328,146640,36183,397301,32861,286780,36989,124570,49557,85029,57682,72774,69859,80800,81326,71130,100699,60506,137003,59815,208563,67946,356405,77170,167167,45506,101630,23594,107996,20953,96326,23712,12482,8782,59,533,0,0,0,0,0,0
155,선유도역,37.5381532418967,126.89332482044,1,0,1594,1038,5051,3716,19089,11207,22254,39162,9760,16944,6765,6737,7039,7448,7947,6800,7997,8428,8244,8511,9172,8506,11748,9119,17959,11148,36431,19905,13216,15912,7452,7928,6714,6654,5345,7939,1283,3196,0,24,0,0,0,0,0,0
156,선정릉역,37.5109290398758,127.043613714302,20,2,1977,2173,5620,11296,13356,28787,16651,111467,13177,86655,11179,32772,12812,19509,14311,18238,16710,19501,19294,18367,21635,16164,27817,17486,48600,20052,96882,24586,51767,17017,25048,10217,24279,9824,21063,11692,3157,3706,16,343,0,1,0,0,0,0
157,성수역,37.5445852156774,127.056057944077,34,1,5091,3582,9043,26496,23439,74257,30166,264973,22793,138959,19012,45732,19822,34927,23832,36401,28422,40953,31996,38086,37313,37874,49046,38513,97921,42886,221331,54660,96942,33425,55148,16456,60794,13423,45189,15150,5403,8272,3,1944,0,0,0,0,0,0
158,성신여대입구역,37.5929627242628,127.017120398018,48,5,6093,1908,18674,7124,49206,20130,60363,40932,37545,31373,27543,25559,27064,26186,31806,29447,32708,31310,31090,32743,34925,33788,39538,39180,44431,51388,50591,74653,33252,56565,29040,31474,34517,27865,31075,30884,5271,14076,2,14,3,3,0,0,0,0
159,솔밭공원역,37.655978257268,127.013259115174,1,1,1544,267,3692,1114,9275,1460,9362,2719,5894,2124,4131,2225,3561,2447,3759,3175,3496,3455,3468,3609,3118,3731,3502,4326,2901,4713,2422,7186,1728,7183,1027,4374,736,3393,602,3112,275,1950,2,35,0,0,0,0,0,0
160,솔샘역,37.6202451573205,127.013569926861,2,1,2573,220,9161,1156,28398,2945,27329,4527,13991,3129,8645,3121,7367,3551,7877,4263,7004,4772,5808,5513,5660,7118,6038,9281,5162,11821,4465,21875,2737,20645,2072,11412,1589,9860,1310,9650,460,4406,1,1,0,0,0,0,0,0
161,송정역,37.5611540020654,126.812412256202,31,2,3635,1264,7832,4230,21001,7678,22050,13449,13344,8026,10129,6928,9250,7086,9294,7868,9368,8163,8722,8242,9508,9526,10755,10688,12765,12753,13486,19248,7394,15741,5064,10262,4851,8778,4175,9973,962,4650,5,318,0,0,0,0,0,0
162,송파나루역,37.5110095122823,127.112653785965,0,0,1767,132,3431,1473,11085,3628,15264,9163,9752,7369,5385,4207,5363,5660,5333,5881,5969,7091,5435,6041,5640,6728,6479,8437,7687,11143,11030,18392,5909,15021,5397,6279,6511,5832,5357,6597,651,3156,1,20,0,0,0,0,0,0
163,송파역,37.4997113580808,127.112184453853,4,0,2225,538,8457,4536,23950,11038,28701,18189,15773,9318,11042,7232,10217,7228,10086,7932,9931,8863,9551,9145,11580,10179,13894,12533,12081,16482,15174,25626,7955,20832,5589,10745,4414,10761,3446,10392,826,4370,2,392,0,0,0,0,0,0
164,수락산역,37.6778778660233,127.055341897382,31,0,9149,651,21472,5030,53412,8885,47831,17764,26736,15960,18181,16633,16610,14727,17721,14984,18355,13835,17555,14006,18048,16686,18917,20939,18636,26079,18837,41100,11843,44162,7645,24715,6658,19888,4691,20987,1111,10879,15,1208,0,0,0,0,0,0
165,수색역,37.5808084927877,126.895641436132,0,0,788,650,1966,4429,3910,6112,4084,16825,3058,9373,2472,3150,2371,2287,2331,2241,2455,2962,2548,2451,2786,2384,4850,2939,8682,3760,12943,3585,6134,3169,3110,1894,2404,1334,1713,1740,404,947,9,95,0,0,0,0,0,0
166,수서역,37.4852843181606,127.10445168236,330,7,7563,4573,18120,26776,55608,58401,75026,98158,47995,54688,43882,39552,36679,29784,46012,36869,42417,37710,33370,36792,49126,41482,58841,48616,74188,59046,91384,83513,40664,62871,39625,39480,27168,33117,26567,37373,6909,11385,11,998,0,0,0,0,0,0
167,수유역,37.6378664771973,127.025492107399,85,4,18995,3232,45694,11960,113560,20019,125789,56038,72932,36802,49651,28606,44992,28775,46513,32569,45439,35785,42488,40150,41791,47572,46709,59542,52769,75444,58036,125214,34256,108567,24710,61130,24663,55033,21942,53171,5153,29190,1,15,0,0,0,0,0,0
168,숙대입구역,37.5445952301115,126.972118127372,10,0,2695,665,7141,6370,16549,22450,24758,51287,16318,27200,12879,15642,13465,14944,15614,15179,16062,15522,16041,15930,18498,15666,25617,18050,32530,23175,47260,30579,22754,21333,16453,12210,18857,11573,16891,12787,2434,4821,0,1,1,1,0,0,0,0
169,숭실대입구역,37.4963136741799,126.953612918928,11,0,5276,574,12154,3270,36247,8466,50424,20299,27230,16057,16112,13404,14559,12946,15329,13788,16172,14775,14929,15817,15090,17363,17874,20775,21345,27290,19717,45578,11875,34866,10320,20104,11092,18977,10071,21252,2720,8793,3,515,0,0,0,0,0,0
170,시청역,37.5653372841193,126.977181235023,41,0,2509,5279,4687,33217,10944,125791,14082,365105,16156,150859,19997,53018,30025,48593,31420,43759,38660,45030,49009,38500,60821,34795,72059,28900,143821,31055,300208,31237,99118,14923,72035,8105,71965,7274,50824,6896,6355,2718,6,119,0,0,0,0,0,0
171,신금호역,37.5544716890745,127.020484110799,5,0,2757,269,6705,2929,20802,8281,27880,14839,14172,6831,8640,5532,7442,5471,7917,6120,7698,6843,6913,7152,7452,8719,10422,10867,10651,14390,9755,23956,6760,17060,4814,10215,3811,8976,3032,10496,784,4042,8,283,0,0,0,0,0,0
172,신길역,37.5167834187845,126.918353640838,955,9,11923,2174,14606,7580,37259,21708,51377,45067,24463,17046,14449,9178,13429,8999,15704,10422,14251,11830,12920,11126,14065,12578,18127,16150,25616,25602,44102,40370,16259,27010,10771,17855,10929,19346,8495,21682,2231,7679,19,586,0,0,0,0,0,0
173,신내역,37.612487415788,127.104266904089,10,0,771,610,1916,4254,5484,4974,4724,5536,2639,1671,2086,1580,1879,1346,2049,1323,2117,1867,1976,1665,2430,2422,4300,2297,4411,3408,4087,4368,1625,3365,932,1710,794,1425,753,1328,285,744,3,94,0,0,0,0,0,0
174,신논현역,37.5048075124198,127.025469415506,31,1,2782,1739,12190,14573,31150,41755,42132,90326,27545,99339,22978,53548,28018,39753,33374,38446,36737,44874,39148,40805,44692,39709,53981,45008,73748,56988,107131,89588,76376,51739,55307,23870,66788,19982,67879,20561,7760,7767,6,571,0,0,0,0,0,0
175,신답역,37.5698350860798,127.04706653169,2,1,941,97,1652,422,6409,1036,9505,1721,3929,1043,2238,920,1858,1199,1747,1329,1808,1376,1626,1574,1628,2378,1566,2989,1807,4107,2192,9079,925,6927,572,3069,482,3390,433,3281,105,1504,0,9,0,0,0,0,0,0
176,신당역,37.5656622427144,127.019468475358,143,4,13008,2068,16723,15141,33880,33839,51219,75330,33252,43346,25295,30106,25665,26905,28618,26239,28609,28873,28555,27041,32162,27580,38896,32256,45997,40489,58315,58089,35170,46849,27011,26113,25896,23302,30322,27353,5856,16120,3,875,0,0,0,0,0,0
177,신대방삼거리역,37.4997428128212,126.928210959471,19,0,10028,1052,17610,7341,50414,13774,76371,30652,41555,18471,22699,12935,19672,12263,20595,13682,19106,15798,17374,16808,17696,19087,20184,24072,22786,33376,28804,60420,15212,47589,11368,27486,9891,24952,8589,25556,2204,11857,5,548,0,0,0,0,0,0
178,신대방역,37.487641446009,126.913500702287,127,1,24894,1612,36684,8705,87923,17888,127476,32590,75807,20969,40338,17353,32108,18061,32610,21397,31966,24153,27814,27175,27342,37055,30121,42781,34166,61560,41087,94152,21984,80570,15268,50793,12851,54315,10599,61124,2876,24884,0,10,0,0,0,0,0,0
179,신도림역,37.5089048744726,126.891307981962,4067,22,37294,5100,52060,19455,141337,46667,144200,126083,88360,73138,59227,61481,56099,57136,64871,60912,65709,64873,63921,61684,67363,69580,76991,80367,96458,111288,138525,181628,75600,129326,61773,70453,69862,66650,58053,81724,9149,33139,33,7147,0,0,0,0,0,0
180,신림역,37.4842644294274,126.929740854865,244,17,38964,3517,74981,19195,200062,34271,305689,62385,176604,49278,91241,40127,74800,41835,79789,48802,75849,56222,66593,63209,65906,79785,73228,94496,81370,141424,83844,245572,52325,212820,42400,126442,46537,119185,45549,135595,9630,58998,6,147,0,0,0,0,0,0
181,신목동역,37.5442703452459,126.883086765892,2,0,1906,312,5810,1883,17790,2933,17477,5771,8118,2410,4813,2380,4587,2868,4675,3009,4535,3682,3846,3798,4343,3887,5079,5541,5894,7607,5809,13744,2769,11502,1805,5998,1729,6276,1587,6718,481,2676,1,27,0,0,0,0,0,0
182,신반포역,37.5034947245635,126.996064297745,0,0,368,806,1846,6615,5482,7147,6576,8968,4349,5367,3249,3962,3179,3275,3768,3709,4303,4715,4230,4239,5646,4722,10515,4542,10322,5233,8889,7799,5081,5253,3468,2858,2994,2792,2602,3339,512,1393,0,11,0,0,0,0,0,0
183,신방화역,37.567486525915,126.817218331242,4,0,4563,581,11093,3049,27506,4613,25801,10994,13414,5861,9438,5203,8202,5997,8990,7405,9298,7433,8176,7066,8516,10129,9746,10888,8972,13622,9565,23619,5112,20328,4283,11439,3375,10238,2820,10819,802,5238,0,56,0,0,0,0,0,0
184,신사역,37.5164314730183,127.02029272549,35,4,2420,1467,5240,19804,10197,44201,17155,114242,13267,136267,16834,65990,21617,43271,25333,43825,29407,46811,36419,45270,43723,41770,55219,42495,84284,49665,135887,66628,93050,33281,59376,12626,75070,9289,68525,9166,6107,3801,0,92,0,0,0,0,0,0
185,신설동역,37.5760227613002,127.024452169845,310,10,10334,4137,10605,14976,22118,36730,32083,90523,21225,48572,19610,29769,23095,26262,25692,26369,29250,27738,30049,24906,33340,23695,42057,24044,56671,27854,78756,33298,30686,23337,19203,14307,19244,13017,14211,15268,3054,6981,10,747,0,0,0,0,0,0
186,신용산역,37.5292591477099,126.967960513832,0,0,1275,770,3676,8824,10770,32654,15605,89809,11687,59758,9618,24098,12877,17902,13320,17177,15783,18843,16524,17209,19818,17175,25242,17970,47471,21876,85455,28544,38721,17863,25239,9567,24857,7856,18083,8094,3003,2341,1,0,0,0,0,0,0,0
187,신이문역,37.6017744461345,127.067379878325,1324,22,8942,990,14218,2136,37255,4230,38393,7708,20565,4640,14028,5580,11677,6716,11520,8044,11590,8177,9828,9492,9146,12340,8806,15796,8771,20152,8108,32097,5688,24737,3452,15405,2802,12566,2375,15214,825,5783,40,679,0,0,0,0,0,0
188,신정네거리역,37.5202158982635,126.852876007423,41,0,8373,1199,16685,3982,50001,5123,45249,11957,23024,7779,15188,7014,13308,8329,13699,9524,12477,11359,10919,11589,10638,15048,12133,18290,12954,27309,11853,46400,6988,37778,5215,19210,4257,16937,3891,18358,834,8885,10,511,0,0,0,0,0,0
189,신정역,37.5250131753674,126.856079401594,57,0,11760,554,23273,3879,67381,7675,81624,13046,35532,8458,18734,6520,15957,7372,15490,8847,14929,9783,12240,11212,11111,15090,12372,19385,14970,27111,14884,47130,7879,37697,5368,23089,4805,20381,4283,23997,1059,9742,1,112,0,0,0,0,0,0
190,신촌역,37.5551954567089,126.936962654548,51,3,4817,2495,12375,16970,33033,38643,46176,81839,31696,85743,29499,51680,35311,47277,42963,49885,44378,59237,46107,51209,53504,48099,65156,49642,84063,67215,85038,96380,58438,62103,57267,30735,69502,26121,68780,29322,10506,13530,3,66,0,0,0,0,0,0
191,신풍역,37.5001085601918,126.909731743281,31,0,10110,1113,17093,4719,41922,11402,52217,20899,28761,10349,16147,8986,13385,9336,15015,10339,13982,11238,12498,11616,13167,14695,14555,18485,16375,27494,19080,42857,10515,32686,7324,18531,6414,17961,5058,19347,1345,7593,4,985,0,0,0,0,0,0
192,쌍문역,37.6485317952362,127.034651559958,109,1,22391,1017,52262,9134,124578,15059,131755,27599,72639,19627,46771,18709,38568,19535,38304,24196,35835,25543,31794,28330,30324,37253,33338,46410,34122,62135,33164,103459,21051,98817,14420,57606,12453,51672,9818,50303,2965,27069,2,402,0,0,0,0,0,0
193,아차산역,37.5522410643204,127.089561549724,0,0,8629,1445,15771,5146,43568,12984,58248,25206,29311,18886,19330,21088,17603,20011,21023,20675,22483,21601,23196,20212,23219,22235,28916,25734,27727,33940,26525,55427,16026,40233,11387,22464,13514,19115,13494,20750,1668,8663,2,280,0,0,0,0,0,0
194,아현역,37.5574025689432,126.956132861047,20,1,4375,1038,10956,7647,27341,12694,37235,22884,20691,11673,14690,9712,13796,9581,14739,10749,14451,11809,13043,12121,14037,13740,22281,15609,18521,21054,20232,31737,11891,24454,7973,14976,7064,14959,5111,17032,1346,6622,0,9,0,0,0,0,0,0
195,안국역,37.5764929103816,126.985419169939,21,0,1485,1592,2945,19314,5684,90652,7977,97038,7498,55401,8821,33202,12239,32587,17133,30811,19297,32531,24684,30266,35677,23515,47745,20282,91999,19577,99642,19419,41424,9428,30478,4834,29639,4193,18832,4302,2165,1926,0,18,0,0,0,0,0,0
196,안암역,37.5862930020861,127.02923341461,7,0,1346,1154,3018,5035,7522,16587,10413,36621,8700,29554,9882,18237,11585,12690,12860,14583,12433,17327,14334,13704,18204,11336,22306,11160,34732,13782,30205,18147,16623,13481,13912,8415,17547,8709,17932,11503,4954,5532,0,534,0,0,0,0,0,0
197,암사역,37.550133857734,127.127537293281,32,0,14545,844,26245,6456,79805,8661,102508,19087,46914,13586,25441,11472,22326,12705,23158,16450,22081,15627,18617,18286,18227,24303,20030,27422,20397,39922,21994,72362,12383,57296,9596,30172,8064,29346,6055,29635,1653,12925,3,1180,0,0,0,0,0,0
198,압구정로데오역,37.5275085746723,127.040591450907,55,0,1187,724,3231,10528,5097,22995,6999,70720,6260,104489,7785,46994,12406,35455,15742,32164,17650,32010,22462,29437,29188,27584,37680,29078,56617,34399,83310,42941,62562,21694,50179,7062,41781,4583,40926,4442,3363,1708,29,317,0,0,0,0,0,0
199,압구정역,37.5264849726148,127.028486030642,49,3,2827,1977,7469,21563,14969,44514,22818,134161,17748,154460,22024,70970,27816,51609,32146,45226,35433,48774,42684,46581,50714,38770,61391,41940,87196,47398,129862,55275,93332,30415,69986,13987,57848,10463,43851,11294,4803,3777,5,844,0,0,0,0,0,0
200,애오개역,37.553402332792,126.956655789028,0,0,2089,381,4999,3665,17328,10207,23742,30479,11102,12110,7805,6561,8008,6003,8132,6394,8768,7396,8076,7368,8882,7666,10555,8720,13346,11604,23367,20397,8112,13244,5307,7606,4866,7153,4070,8301,850,3446,2,1105,0,0,0,0,0,0
201,약수역,37.5544909839515,127.010887137982,90,1,7035,1146,11634,7138,29622,21701,43571,51057,29530,28541,21760,18637,20129,17706,21953,17644,22898,19176,21889,19902,22527,21726,26800,25894,32376,32390,44617,47747,23240,31333,17869,19690,19142,17895,16076,20344,2878,6952,3,1210,1,3,0,0,0,0
202,양재역,37.4845687081114,127.034146039501,67,1,4876,2382,13042,38771,34576,105902,43510,240644,31103,126230,28111,52654,31854,41024,35532,36816,38803,44287,42043,39054,50732,38228,65197,40772,121602,53458,201266,72799,88697,48225,56754,28751,56461,25197,43439,25136,4743,9860,5,740,0,0,0,1,0,0
203,양천구청역,37.5123744505094,126.865717870736,7,0,4500,858,11132,2130,32642,5283,29270,9515,15227,4565,9865,4176,8747,4649,9178,6359,8219,7089,7003,7088,6811,9106,7532,11347,8703,17211,8985,28312,3766,25217,2555,13609,2161,12296,2258,12916,588,7082,1,438,0,0,0,0,0,0
204,양천향교역,37.5680628368766,126.841960762674,3,0,4016,980,9128,4882,28954,10180,29158,37359,14350,17179,10513,8802,10840,8139,12322,8995,11860,8595,11280,10143,11936,9502,14368,11521,19123,16000,31484,26442,11628,25037,7278,15385,6593,12901,4722,15775,1128,7787,0,38,0,0,0,0,0,0
205,양평역,37.5255688309654,126.886419299276,40,1,3123,676,9595,4731,29857,13234,32045,46078,14575,19700,11634,11848,11113,12050,12157,11804,13028,10401,13661,11224,14121,12431,16292,13038,22092,18363,38969,27955,12819,19813,8456,13493,6665,11481,5545,11581,887,6556,25,583,0,0,0,0,0,0
206,어린이대공원역,37.5479446668453,127.074641659468,8,0,3251,889,7169,10153,17609,15034,30271,47376,20812,29009,12559,18506,12058,16805,14170,19025,16330,21592,16712,19487,21359,18483,26720,16817,37966,20082,42226,28308,21350,22011,14808,13236,15990,12333,15473,14541,4271,7238,2,229,0,0,0,0,0,0
207,언주역,37.5073281931356,127.033952822224,4,0,1050,801,2419,7344,5862,18677,8324,57679,6902,40405,7383,18493,8980,10518,10590,10312,10707,11793,12215,10451,14022,9498,17902,9750,32560,10718,51667,12798,23515,9538,12925,5598,12439,5166,10945,5324,1782,2655,1,110,0,0,0,0,0,0
208,여의나루역,37.5271361343623,126.932981451891,8,0,1103,1123,2386,9985,5244,38711,7803,64669,4625,30197,4282,17086,5434,18853,7400,22573,8897,29536,13012,33413,20213,33252,30766,30250,51901,27842,70266,29172,39463,17347,42682,9552,36259,6215,26836,6117,7028,1880,9,328,0,0,0,0,0,0
209,여의도역,37.5211664706025,126.924638422261,14,0,4300,4372,7567,40888,17826,265707,23679,374269,21664,138791,22864,57153,33267,57885,33924,55126,44041,60125,52114,53205,67858,46445,94051,44004,250214,49770,324734,63708,134876,33927,105247,17392,94482,14538,64443,15312,7138,4872,3,1541,0,0,0,0,0,0
210,역삼역,37.5006600052986,127.036460414211,38,2,3075,7003,7618,43544,13696,128541,22786,329368,21623,264016,22125,97649,30165,59594,36128,50425,43888,57694,52516,48845,67809,43207,91072,40724,181514,44699,279053,51224,137375,31953,75214,17380,78151,14512,60337,16250,10106,6425,0,1,0,0,0,0,0,0
211,역촌역,37.6062193423086,126.922831293899,1,0,1765,239,5673,1870,15580,2694,15956,8159,7905,3823,5033,3056,4635,3901,5306,3973,5307,4300,4533,4421,3952,4903,4072,7020,4341,8872,5104,15810,2497,13454,1746,6888,1584,7124,1354,7212,306,3887,0,0,0,0,0,0,0,0
212,연신내역,37.6191924317614,126.921096185129,258,11,25850,1644,51121,10969,132229,23324,156342,33452,84051,34008,54695,32148,50404,33817,54448,36085,50905,40232,46902,41128,46930,51911,54189,62212,49164,81330,46731,133416,31768,120614,24707,63493,25369,59214,22712,60413,3715,32130,3,1266,0,0,0,0,0,0
213,염창역,37.5469649168106,126.874867107681,2,0,10705,668,25048,4914,74750,7959,80760,21984,40434,11326,24046,9529,20238,9806,21296,12611,19979,13700,16790,15084,16145,19897,17208,24271,20073,40120,24171,68965,12173,61695,8966,36595,8240,30820,6523,36310,1381,15221,3,218,0,0,0,0,0,0
214,영등포구청역,37.5258305232222,126.896668349116,30,1,6192,3651,14999,16526,47972,43088,56924,146741,33838,64505,26217,30483,27219,25993,29024,27454,30168,30282,31593,28160,32977,28641,41733,32096,62549,39706,125496,63815,42211,41529,28138,23599,29469,22576,23365,25911,4286,9819,3,217,0,0,0,0,0,0
215,영등포시장역,37.5227021758736,126.905179576089,4,0,2326,954,5794,5426,19994,13995,28814,38505,12490,21990,8937,12997,10061,12175,11278,12549,12583,14713,12658,13165,14695,12260,17027,12532,22860,15503,35264,27724,14825,17555,9868,10173,8860,9682,7847,12047,1410,3953,0,4,0,0,0,0,0,0
216,영등포역,37.5156764732488,126.90785793823,3995,79,16433,5921,16995,20274,38874,56305,51267,119606,34937,85194,32336,62890,36745,60631,43656,62192,49827,66494,52693,62519,62406,64212,74392,65054,92141,78089,139473,104500,79951,65649,82457,33396,72181,25192,57325,25520,9083,9460,40,1768,0,0,0,0,0,0
217,오금역,37.5021280700015,127.127930582636,6,0,4778,358,10297,5506,33589,14618,36457,34513,19285,11949,12127,7985,11269,6949,12778,8254,12043,8931,10547,8514,11429,10992,15654,12681,19039,18498,25589,27270,9477,21813,6477,13310,5869,11488,4966,14369,923,5849,3,1355,0,0,0,0,0,0
218,오류동역,37.4943827932767,126.844807477983,483,1,11720,2026,17886,5047,51884,6454,52812,11183,27134,9766,18030,9148,16180,9565,18179,11449,16381,12597,14198,13686,13951,16693,14751,18969,15196,27458,14742,44125,8382,38896,6353,22905,5751,20223,4862,20009,1251,8738,27,648,0,0,0,0,0,0
219,오목교역,37.5245304608023,126.875289218474,0,0,4368,1473,14127,8196,49094,28981,56513,75928,27341,53831,20320,29756,21888,27610,25725,27832,25894,31635,26641,29771,30484,30941,35892,36896,46489,48073,71592,76339,35970,49903,36393,25225,29240,21642,29329,22706,4616,9600,0,12,0,0,0,0,0,0
220,옥수역,37.5415518643708,127.017380201215,207,19,2659,911,9353,4557,23110,8686,30425,14872,18747,10282,13472,9062,11897,9716,12876,11104,13361,12164,12930,12364,14102,14717,15902,17112,17396,23317,17761,33729,11642,25297,8467,15438,7963,13587,6374,16487,1439,5230,12,365,0,0,0,0,0,0
221,온수역,37.4919566907461,126.823825338009,240,4,12435,2176,24287,7585,72630,20187,82326,30334,37844,19263,22306,12700,20116,12286,22328,15620,20733,16064,18457,16532,20718,19188,28159,24505,26996,34688,25149,64118,12093,53187,8258,29335,8250,26102,6272,26395,2001,13142,40,2986,0,0,0,0,0,0
222,올림픽공원역,37.5163245709914,127.130963650207,25,2,2493,1203,11340,8242,26504,11872,27427,21575,17503,12853,12664,10697,11766,10532,13183,12134,13167,12940,12545,13403,15496,13020,20456,14353,23840,17609,25572,25902,12166,21069,7813,13724,6526,12402,5158,14259,1078,5588,0,76,0,0,0,0,0,0
223,왕십리역,37.5612611631671,127.037078472459,1722,10,13636,1888,21295,12459,56944,29388,91567,66810,57182,39425,37264,33703,37042,34034,41635,41094,44199,43072,43952,44846,48967,47776,56899,58138,68722,80420,77751,128382,51007,84674,47134,46453,59344,38832,59702,48023,9826,18846,142,3758,0,0,0,0,0,0
224,외대앞역,37.5962624346633,127.063683442668,471,11,4241,1155,7710,3140,17447,3651,21071,11954,12150,8627,10188,8092,9649,7873,10700,8369,10904,9201,10619,9844,11211,11145,12376,12806,14258,15834,11584,22497,7741,17837,6561,11204,7137,10713,6214,12497,1571,6082,58,789,0,0,0,0,0,0
225,용답역,37.5621209757458,127.050887278781,10,1,2491,227,3060,779,7092,1776,11736,3541,6308,2701,3939,2738,3623,2854,3904,3015,4369,3530,3807,3433,3911,4049,4415,5211,4442,6087,3573,9539,2132,6588,1401,4244,1048,5059,1150,5704,293,2343,0,0,0,0,0,0,0,0
226,용두역,37.5740549248114,127.038262110343,31,0,1079,135,1547,830,4711,2123,8115,6324,4006,3416,3218,3039,3591,3440,3731,2823,3743,3651,3787,3858,3968,3981,4334,3850,4602,4147,5808,7412,2333,5568,1428,2723,1302,2858,829,2485,168,1167,0,16,0,0,0,0,0,0
227,용마산역,37.573704888224,127.086757224194,6,1,4721,556,10518,2316,24183,4143,29750,10242,16454,6055,9069,5709,7588,5212,7482,5748,7246,5912,6721,6520,6748,8168,7287,10063,7226,12989,7715,21417,5157,19366,3032,11069,2558,10738,2052,12334,774,5112,2,349,0,0,0,0,0,0
228,용산역,37.5300691538724,126.964815014401,316,5,2911,4506,5195,27068,17823,65354,27990,138674,26831,90818,21602,62919,35367,46707,32572,47930,41425,50862,39555,46802,58657,46992,68392,47345,94667,51277,141587,58928,79282,43098,70444,25773,66351,19779,43215,14445,10204,3652,94,737,0,0,0,0,0,0
229,우장산역,37.5488098724086,126.836320627782,0,0,6019,769,20497,4720,55211,16637,54880,24431,27393,13509,20086,11910,19210,12716,20425,14025,20282,16680,18207,17391,20811,20063,23592,24174,22264,29524,19058,50657,11065,43080,8431,24068,7518,19513,6083,24059,1098,10116,3,346,0,0,0,0,0,0
230,월계역,37.6332595324731,127.058843478444,629,2,4880,1057,9181,2408,24373,7787,21231,9280,13316,7912,10713,5957,9687,6284,10056,7382,10310,9176,8756,7474,10074,9380,11786,12283,10876,13716,9237,19453,5201,18432,3775,9549,3459,8485,2738,9342,859,4058,59,665,0,0,0,0,0,0
231,월곡역,37.6018044220648,127.041447136594,12,0,6426,882,12500,3842,39430,7061,43642,23974,21484,15099,14966,10359,13202,10067,14359,11073,14058,11847,12790,12277,12244,14985,14622,19124,16647,23280,24052,38830,11666,31570,8413,17254,7344,16301,5404,16892,1834,8034,2,141,0,0,0,0,0,0
232,월드컵경기장역,37.5696211494292,126.899098167507,0,0,1000,861,2396,2844,8303,4851,10326,8861,5594,8016,5221,8328,6212,10067,6669,10344,7149,12526,9086,12669,12533,11202,15292,9629,13221,8932,15111,12845,6773,9580,5140,4933,6784,3832,3583,3636,744,1248,0,69,0,0,0,0,0,0
233,을지로3가역,37.5662761796769,126.990967458779,12,0,1387,2525,2919,24710,7043,94925,11746,228076,13262,98025,15084,41942,19957,33935,23306,31860,28245,33780,33561,30264,39504,27650,49532,28273,106466,33535,192499,40206,75932,19872,49553,8452,60096,6542,55250,7087,6056,2533,2,216,1,0,0,0,0,0
234,을지로4가역,37.5666368996611,126.997623004003,7,2,1286,1441,2126,17425,3948,49745,7401,123558,8669,59915,11392,32886,16302,28371,18823,25295,22088,25121,26083,23250,31267,20542,36516,17210,70864,15229,105974,15454,47113,8050,24149,3944,20913,3798,16584,4054,2787,1623,0,113,0,0,0,0,0,0
235,을지로입구역,37.5660229020616,126.982183995362,61,1,1643,1803,2751,27978,7699,114902,12957,284767,13447,134192,15937,57413,23623,48631,28525,40226,37862,39849,43327,34815,53550,30719,65832,30042,134872,33868,234919,39183,94935,19633,82809,9925,56189,9710,43748,10352,5154,3275,1,1281,0,0,0,0,0,0
236,응봉역,37.549945423924,127.034470070506,193,0,1169,286,2712,1191,6901,2102,7052,2371,4564,1805,3032,1584,2563,1682,3075,1852,2500,2478,2254,2740,2733,2824,3215,3534,3029,4173,2758,5296,1761,5382,1353,2618,1062,2052,980,2653,261,999,6,206,0,0,0,0,0,0
237,응암역,37.598483842041,126.915524077713,8,0,10909,1133,25484,5081,73686,9560,87630,17710,41799,11439,25372,12571,22588,13555,23863,16757,22912,17488,20043,19804,19372,24206,20860,29646,20813,41462,20875,73958,12942,61240,9613,37277,8490,29682,7331,33350,1688,15592,0,652,0,0,0,0,0,0
238,이대역,37.5568039038233,126.946422762684,57,0,2665,1184,6911,7958,20572,11643,26341,32355,16029,29627,11730,19271,13186,16136,17371,18210,19201,21414,17451,17590,19642,16097,25206,17503,33923,21058,30984,31263,18302,23738,14585,13776,15688,14053,12282,16709,2876,7518,2,27,0,0,0,0,0,0
239,이수역,37.4867887823399,126.982202828739,52,0,4090,1042,8572,8544,26686,15025,41048,41524,26069,26313,17326,17937,17109,16250,18496,16636,20267,18632,20194,18537,20675,20225,23867,24353,29026,31564,43095,51967,23394,34097,21317,17869,24574,15495,23336,16491,3972,6312,10,499,0,0,0,0,0,0
240,이촌역,37.5224489050814,126.973325479803,102,7,2289,1157,7621,8794,21052,19055,24986,35211,18194,19404,13405,12857,13035,12994,15090,15376,15493,17095,15768,16134,18422,17114,26161,17473,29921,20423,33892,28126,15377,20661,11006,12620,12142,11032,8316,13004,1538,4333,16,334,0,0,0,0,0,0
241,이태원역,37.534507184382,126.994320286276,4,0,2046,950,4345,6735,8811,11233,13514,26480,9693,20908,7490,13327,8184,13350,10251,14861,11910,16556,12548,15701,15825,16576,21146,19446,25196,23177,29296,30335,20974,21682,18383,10927,25493,7955,28228,8969,3618,4329,1,414,0,0,0,0,0,0
242,일원역,37.4839850708765,127.084120707858,3,0,2041,1367,7977,8706,21830,29554,20500,25794,14423,17003,13853,14589,14613,10705,14191,12220,13454,14211,14492,11677,18640,11256,24344,10136,31861,12734,16791,18286,8658,15603,5671,9359,3900,9217,3283,10911,840,3473,2,37,0,0,0,1,0,0
243,잠실나루역,37.5206944003696,127.103799674868,9,0,2888,1301,11170,9859,37680,22502,44019,37029,26770,23710,20188,16666,18881,14724,19371,18481,17666,18590,18929,16961,21213,16351,26567,17057,32030,22858,29633,38561,13884,28189,10075,16309,8001,15802,6336,18850,1582,6268,1,71,1,1,0,0,0,0
244,잠실새내역,37.5116083485804,127.08630073432,15,1,3943,772,15477,8677,52727,16751,68707,27172,40567,28195,25488,21092,23626,22387,25973,24955,26374,27136,24553,28886,26073,32549,33011,37035,33200,51340,37006,79253,27642,53947,24241,28098,27132,24508,29132,29107,5109,10137,9,417,0,0,0,0,0,0
245,잠실역,37.5133092702048,127.100215181119,85,10,11640,6430,46996,47426,116915,99407,166894,223704,116602,159452,76772,102061,77330,104397,87461,107327,96935,112205,102067,109753,114627,115256,138385,128013,189725,163358,253060,238638,153945,155205,144153,88610,126612,82046,106480,93934,16446,29105,8,549,2,2,1,0,0,0
246,잠원역,37.5128827106508,127.011401392881,2,0,889,461,4546,5134,11912,6916,15034,10048,9154,6587,6228,4451,6049,5061,6852,5696,6968,6314,6258,6333,7093,6757,8826,7655,10273,9983,10110,14540,6418,10247,4256,6060,4457,5852,3773,7447,585,2311,0,5,1,1,0,0,0,0
247,장승배기역,37.5048846414365,126.939063345317,24,0,7031,1057,11382,4113,29589,8220,42620,17650,24047,10131,14373,9235,12309,9206,12635,9232,13087,10259,11812,11159,11152,13405,12887,15993,13359,20421,15591,33430,8619,26536,6383,14962,6151,14380,5177,15292,1412,6756,5,360,0,0,0,0,0,0
248,장지역,37.478631698139,127.126172045084,3,0,5496,2230,16947,9278,46778,22909,53690,52369,28101,29967,17272,19637,15915,17058,18932,19659,18918,19606,18591,19604,21740,22668,27951,25825,36276,30659,49675,49304,25747,34050,20668,19447,18580,16043,13311,19433,2644,7446,0,10,0,0,0,0,0,0
249,장한평역,37.5615921805583,127.063699193793,5,0,6411,993,17053,10360,52515,21799,69987,68975,34141,28752,20177,16252,17532,14470,20005,15903,19888,16601,19089,16745,19994,19345,24153,23719,34897,33812,55639,60211,24774,44937,14592,24733,13125,21102,11354,23590,2236,9428,10,1019,0,1,0,0,0,0
250,정릉역,37.6026037968404,127.013521423935,2,1,1917,460,5181,1586,13616,2977,16406,6401,11238,3622,8020,3653,6902,3886,7413,4827,6951,4961,6183,5546,5945,6741,6257,7958,6909,10216,7234,15313,4045,12146,2496,7195,2238,6160,1683,5831,477,2073,1,3,0,0,0,0,0,0
251,제기동역,37.5781644906615,127.034935905941,340,4,4614,1979,8276,8495,21378,18388,30394,41199,21507,35867,24680,38524,33302,42149,38489,40384,40591,41322,42506,44080,44157,38746,40551,29726,39830,24626,37710,25796,17185,17802,10653,11304,9189,9670,7322,11387,2038,4462,9,355,0,0,0,0,0,0
252,종각역,37.5702216815202,126.983133839231,137,0,2075,4407,2943,22272,5344,96690,8178,214460,10244,123990,13860,50557,21921,42624,25896,37417,32201,39635,38994,32540,48817,27789,57355,28063,111891,32017,185999,38854,79174,18640,64407,6961,81655,4585,62774,3555,6340,1341,14,133,3,2,0,0,0,0
253,종로3가역,37.5704208439207,126.992144196794,287,30,6003,8061,8446,39010,13682,96040,20385,260283,27998,210043,45372,158513,71193,148910,89319,143579,107680,139581,122887,131073,139549,110649,158773,96747,203788,90280,297847,94119,168235,47187,113625,18809,132437,13454,103780,13342,13363,6166,28,826,1,2,0,0,0,0
254,종합운동장역,37.5111302556967,127.07383586044,6,1,2623,1098,8990,8345,24981,17526,32246,33354,22256,17819,14068,12742,13210,10820,14701,13569,14383,16829,13617,14343,16476,16547,20821,19409,26315,29770,28851,45884,15103,26813,13133,14870,21453,14425,17549,17648,2157,5664,5,284,0,1,0,1,0,0
255,중계역,37.6450777073231,127.064110346569,14,0,8594,1905,23082,4296,61886,15491,62337,24639,32139,11991,21296,8970,18962,9358,18936,12688,17798,14166,14840,13688,16452,15958,20961,18117,18207,26441,16931,44039,8800,44697,5726,24885,7321,21283,5104,23041,1363,11663,2,661,0,1,0,0,0,0
256,중곡역,37.5658680402426,127.084257974673,10,0,5406,534,12400,4426,31287,11052,46368,18674,25669,9215,14885,8156,12799,7557,13104,8078,12068,9214,11065,10026,11271,12867,16157,14535,15282,19314,13444,31191,9090,27489,5699,16198,4817,14405,4162,15898,1109,7130,7,136,0,0,0,0,0,0
257,중랑역,37.5948317972278,127.075662270251,151,2,5982,559,9197,1900,22188,2982,20262,5771,14048,4625,9095,4133,7817,4487,7784,5674,7748,6027,6870,6409,6515,8854,6422,10542,6607,14713,6792,22220,4504,15405,3055,9919,3125,7683,2303,9453,599,3615,11,219,0,0,0,0,0,0
258,중앙보훈병원역,37.5283953876669,127.148407138571,7,1,2524,565,11216,6131,36059,10766,35109,18977,22082,12852,16184,12040,15472,7714,12862,9949,9416,12883,13993,10160,15684,9431,14992,8965,17955,13627,12498,24786,4731,21669,3204,11612,2897,11457,2205,13808,446,4252,1,430,0,0,0,0,0,0
259,중화역,37.6025418946255,127.079293906515,5,0,9032,892,15290,4050,37494,8317,47104,23720,25677,11435,15751,8439,13984,8678,14752,10052,13950,11154,12596,11693,12134,14661,13874,18143,16280,23360,18347,36893,10964,35211,6917,19300,6919,17200,5239,19319,1497,8344,6,584,0,0,0,0,0,0
260,증미역,37.5581213429662,126.860633381512,0,0,2104,819,7304,3229,20720,8457,20652,33979,10608,11403,7852,7067,8027,5777,8288,6795,8492,7450,8187,7464,9078,9202,10057,9386,14539,11212,29480,19828,8754,17601,5731,8799,4741,7987,3285,8116,1009,3837,0,54,0,0,0,0,0,0
261,증산역,37.5837391279813,126.909472356624,8,0,7180,632,15116,3393,39704,5133,47882,10086,24474,7458,15832,7089,13329,8047,13503,9293,13138,10842,11830,11501,10837,14319,11955,17755,12431,23767,12372,41952,7521,32955,5073,19050,4439,18255,3827,19321,1056,8632,2,799,0,0,0,0,0,0
262,창동역,37.653320494324,127.047640454654,1722,10,15576,3120,36374,12249,93115,18492,79956,37803,49040,27716,38146,24937,34900,26764,36208,30200,35619,34305,32953,37966,34246,42082,38916,50230,39796,60654,40314,93969,23842,81411,18542,45788,18716,39368,15508,40154,3743,19680,201,2682,0,1,0,0,0,0
263,창신역,37.5794120427143,127.015283298946,5,0,2239,274,5182,1989,14857,6183,16403,6755,8401,2978,4921,2205,4178,2406,4246,3006,3993,3046,3407,2898,3767,3581,6452,4173,5031,5826,4499,9263,2631,7927,2242,4726,1545,4777,1413,5533,415,2290,0,31,0,0,0,0,0,0
264,천왕역,37.4868420352704,126.838581632594,13,3,6996,1351,16818,4651,49985,7911,60516,14281,30570,7803,15279,6841,12329,7818,12850,9754,12803,10120,11595,10797,11677,13274,13788,16856,14013,24246,12878,46297,7081,38801,4601,21088,3945,17725,3105,17655,833,8265,11,671,0,0,0,0,0,0
265,천호역,37.5384968055586,127.123919374783,33,1,17522,3508,28178,22765,68247,32152,89696,62105,51380,53892,36645,40900,38282,41297,43752,44965,45677,47959,45278,49597,50190,55710,56703,63261,67184,81691,75521,121713,53818,88214,48323,44493,41348,39634,35549,39510,6127,18224,30,1615,0,0,0,0,0,0
266,청구역,37.5602029883938,127.013921207826,6,0,3122,717,5934,4137,13968,11395,20205,40789,11660,16902,9051,9002,8181,7215,8375,7329,9340,8344,8984,8055,9317,8667,11543,10013,14541,12347,26579,17435,16622,12683,9945,7960,8956,7565,8077,9184,2277,3539,7,313,0,0,0,0,0,0
267,청담역,37.5194483760543,127.053708883222,11,0,1987,3667,5986,27050,10050,59048,12956,146644,10841,95240,10384,36640,13081,20701,15333,19390,17661,21600,19992,18330,28768,16284,37422,15877,60125,17453,109758,19262,56399,12766,31124,8168,28626,7744,26384,6244,4014,2725,4,1252,0,0,0,0,0,0
268,청량리역,37.5807185198462,127.048499848096,2355,50,15680,5529,23051,30321,63233,31581,83347,57270,52567,61431,56069,61480,52964,66530,60935,64035,67539,67190,66147,73825,73102,73828,81511,69853,74938,68095,74457,93545,43917,63085,39469,35033,26928,33252,16755,30980,4631,12057,40,2657,2,1,0,0,0,0
269,총신대입구역,37.4867887823399,126.982202828739,75,2,5727,839,15463,11117,46534,18108,57006,42121,33787,31841,24825,23039,23646,21730,26450,23841,27033,26351,25689,28516,26221,32448,28848,37755,34054,49837,42340,73316,25454,48034,21114,26174,21143,21956,18114,23230,2334,9272,1,46,0,0,0,0,0,0
270,충무로역,37.5613929793562,126.994137154178,44,6,2509,2790,3811,18065,8454,54842,11664,176455,12206,93962,12862,46314,16695,35855,21260,32586,25175,33046,31982,28895,36462,24897,46156,24804,82798,27346,144571,31330,66576,17688,43912,8917,47916,8407,38101,9297,6170,4201,8,423,0,0,0,0,0,0
271,충정로역,37.5597479688989,126.964484159441,43,1,4097,1192,8341,7181,22098,30587,29948,93116,17977,43651,13240,16630,14142,13116,15344,13874,17299,15912,17604,13962,18544,13964,22426,15329,39048,20169,76191,29657,23546,20928,14736,13304,14321,13557,11998,15880,1805,5850,2,203,2,4,0,0,0,0
272,태릉입구역,37.6184559179347,127.075391704694,154,2,10550,2312,14791,7883,39815,12457,45877,24342,26923,16200,18806,12982,16711,13620,18122,14665,18362,15850,17870,16460,18627,18117,20505,22164,25786,29024,25463,44838,16361,39972,11298,21568,11362,21199,9732,23832,2872,11620,8,2488,0,0,0,0,0,0
273,하계역,37.6364621312659,127.067977670097,12,0,7987,1202,23972,6414,68615,17138,70223,23331,36642,17783,25045,13846,23224,14558,24197,17846,22593,20550,21428,19800,23640,22285,27010,25651,26684,33007,23345,54723,13677,55780,9954,29666,10070,26114,8869,28438,1998,14217,2,822,0,0,0,0,0,0
274,학동역,37.5143566006166,127.031897380783,3,0,1778,2439,4272,25517,8265,53770,10957,188240,10233,138279,9859,44886,12375,24277,15431,20097,18370,22625,22877,19427,29180,16582,37943,16380,69856,16691,165498,18876,74654,11814,36578,7097,36915,6457,30919,6101,5617,2679,10,171,0,0,0,0,0,0
275,학여울역,37.4968779978912,127.071153022687,1,0,539,286,1783,1764,3740,3346,4089,7762,2580,5418,2073,4995,2646,3717,3500,3755,3728,4073,3901,4080,4886,3706,5674,3119,7139,3333,6960,4395,3112,3140,1831,2007,1762,1693,1176,2163,193,817,0,2,0,0,0,0,0,0
276,한강진역,37.5397871707134,127.001742505154,5,0,557,566,1262,7198,2826,18842,4650,34874,3761,26407,2759,14263,3449,14258,4438,13421,5763,18501,7344,12850,11477,13160,18127,14091,27425,17092,32567,22645,22246,11329,16150,3063,20719,2722,30658,2976,1973,1218,5,756,0,0,0,0,0,0
277,한남역,37.5294253166994,127.009186483335,76,1,1650,670,2566,3871,4546,10514,5797,14358,4518,10793,4521,5362,4437,4298,4712,4576,4654,4974,5395,4402,6687,4795,7828,5596,13628,6468,14546,7146,7093,6015,5075,2722,5323,3012,5904,2678,933,1260,17,361,0,0,0,0,0,0
278,한성대입구역,37.5884047925683,127.006000831773,55,5,6439,1002,12289,6873,30879,19102,37991,30762,23975,22084,17999,16117,17015,15282,19710,17112,20086,18505,19088,17474,20824,18258,28030,21340,30161,27797,31642,36878,16936,29953,12824,17856,12842,16282,11285,19380,2246,9441,1,1908,0,0,0,0,0,0
279,한성백제역,37.5165199821667,127.116440092824,0,0,725,195,2549,1104,6621,1715,7388,5754,4481,3755,2916,2426,2800,2498,2985,2468,3215,2675,3093,3213,3535,2799,4650,3462,5067,4078,6768,6705,2930,5708,2288,3171,2074,2848,1540,3281,299,1522,0,12,0,0,0,0,0,0
280,한양대역,37.5557087864257,127.04361716382,4,0,840,236,2153,5334,4859,11751,7959,41587,6399,33381,5698,21139,8379,13240,10835,16216,12114,16597,12347,13658,14120,9031,20717,8280,30740,9711,29600,9992,14323,6101,10089,4167,11453,4233,9798,5267,3238,2224,1,18,0,0,0,0,0,0
281,한티역,37.496274896741,127.052900695072,19,3,1911,1034,7008,9303,19990,25343,22904,44301,13815,37652,11317,22198,13002,17470,15426,19336,16139,24015,16372,17407,20440,17155,25144,21984,34325,28083,42359,32604,27005,23379,28092,12170,20743,10816,23042,12176,3065,4300,59,231,0,0,0,0,0,0
282,합정역,37.549901442065,126.914447288631,58,2,10102,4252,21470,19845,55992,48144,75040,130536,47919,99099,34549,54621,35895,54626,42623,58391,48713,66174,51587,61778,55957,62273,66717,72147,91803,94367,151603,142424,96897,91855,74720,43605,97188,37710,98356,42061,15648,18865,2,329,0,0,0,0,0,0
283,행당역,37.5573529744311,127.029493728053,2,0,3861,731,10913,2574,32588,5302,43038,9737,19704,6494,12146,5204,10720,5659,10732,7135,9909,7794,8753,8257,8894,10437,8601,12261,9236,17556,9956,31811,6053,21835,4623,12989,4075,11573,3820,13851,926,4421,12,217,0,0,0,0,0,0
284,혜화역,37.5820258983338,127.00192463086,25,0,2525,2706,6622,21125,16545,48170,20583,116948,22307,74935,28004,49805,31765,44067,32368,50308,34990,63612,43117,58537,59946,43234,67778,41897,88153,49565,108881,60916,57317,45021,52891,16093,79302,15653,62063,16540,8579,8023,0,157,0,0,0,0,0,0
285,홍대입구역,37.5568635281461,126.923764988566,320,5,12742,3265,24078,16705,66855,42725,85429,120961,53744,124414,40082,83174,45389,88023,57017,110061,67981,123130,72874,118853,86433,119592,110161,129401,141841,157538,180498,210383,136788,135380,130379,61148,182219,46450,186923,52046,26056,25730,341,2830,0,0,0,0,0,0
286,홍제역,37.5887881726718,126.944158013369,31,3,8679,1370,22852,9581,61294,12112,68434,24615,39755,20062,27586,17749,24766,15624,26915,17818,24735,19499,22770,20999,23523,24973,26003,29838,27768,37860,26257,59355,14232,49249,10662,27797,8825,25513,6838,25064,1251,11701,2,0,0,0,0,0,0,0
287,화계역,37.6340837961475,127.017492363882,4,1,1932,624,3812,1272,12217,2000,14004,4371,7846,3267,5591,3442,5143,3578,5455,3822,5037,4368,4463,4355,4370,5058,4927,6089,4185,6574,3523,9996,2811,9182,1654,5189,1194,4603,902,4219,285,2223,0,2,0,0,0,0,0,0
288,화곡역,37.5416435540232,126.840432411284,79,0,21209,1575,40023,10087,113616,14943,144380,28296,66135,22576,40614,16875,35711,18224,37026,21143,35320,24984,30308,27258,28690,34302,32503,45217,35201,61138,34773,116077,21442,94169,14711,53084,12876,46689,10484,49239,2468,23387,1,979,1,0,0,0,0,0
289,화랑대역,37.6198379616943,127.083525948283,10,0,5097,965,20347,2644,59859,7061,53236,13024,23464,7971,14612,6453,12940,6602,13720,7240,12734,8611,10810,8640,11354,10354,14728,12624,14337,19576,12074,34027,6627,31736,4434,17708,3748,15529,2957,15819,1023,8194,4,554,0,0,0,0,0,0
290,회기역,37.5897782042758,127.058039297256,656,5,10947,3223,20104,10886,53751,28346,67941,50740,42723,32041,33705,26742,33031,24913,36602,28383,34566,33705,35295,29529,38799,31468,43155,35371,55205,46869,46267,70163,26475,54947,22009,32512,24330,33096,24753,43012,5839,17355,117,2237,2,2,0,0,0,0
291,회현역,37.5587602432284,126.978428202919,44,0,1675,697,3040,17892,4669,50452,7318,131313,8291,94357,12753,68776,21767,58351,30331,46821,36844,41502,44768,36777,53262,30222,67579,21802,89893,16452,117077,14113,44231,7707,40414,4275,19591,4872,13030,4209,2121,1688,0,251,1,1,0,0,0,0
292,효창공원앞역,37.5392943328525,126.961393582224,13,0,2573,750,6700,4955,20540,11553,30285,37445,17443,22238,11596,10223,10734,9472,11671,10098,11978,10931,11439,10606,11977,10983,15086,13234,20370,16268,35204,25510,15494,19068,8737,11519,8436,11042,7178,12152,1811,4881,6,417,0,0,0,0,0,0
293,흑석역,37.5091654663414,126.96344496646,2,0,3105,1170,5851,6290,16257,10371,20950,14623,12790,11577,10307,9672,10287,7784,10574,9475,10353,10944,11011,9211,11632,11443,14254,12561,18801,16487,14923,25277,8400,17345,7125,11047,7241,9581,7515,11117,1498,4705,0,16,0,0,0,0,0,0
