,Unnamed: 0,상가업소번호,상호명,지점명,상권업종대분류코드,상권업종대분류명,상권업종중분류코드,상권업종중분류명,상권업종소분류코드,상권업종소분류명,표준산업분류코드,표준산업분류명,시도코드,시도명,시군구코드,시군구명,행정동코드,행정동명,법정동코드,법정동명,PNU코드,대지구분코드,대지구분명,지번본번지,지번부번지,지번주소,도로명코드,도로명,건물본번지,건물부번지,건물관리번호,건물명,도로명주소,구우편번호,신우편번호,동정보,층정보,호정보,전화번호,경도,위도,상권번호,데이터기준일자
1482,8767,16173497,블록체인과암호화폐,,P,스포츠,P01,운영관리시설,P01A99,기타운영설비,P85501,일반 교과 학원,11,서울특별시,11680,강남구,1168059000,삼성2동,1168010500,삼성동,1168010500101140014,1,대지,114,14.0,서울특별시 강남구 삼성동 114-14,116803122004,서울특별시 강남구 봉은사로,454,,1168010500101140014000001,금탁타워,서울특별시 강남구 봉은사로 454,135509,6153.0,,9,901,,127.049233853074,37.511542777542296,,2018-08-29
2027,12125,16423558,KKM,,P,스포츠,P02,실내운동시설,P02A01,체육관,R91131,종합 스포츠시설 운영업,11,서울특별시,11680,강남구,1168053100,논현2동,1168010800,논현동,1168010800101110011,1,대지,111,11.0,서울특별시 강남구 논현동 111-11,116804166461,서울특별시 강남구 선릉로133길,8,,1168010800101110011009393,,서울특별시 강남구 선릉로133길 8,135820,6059.0,,3,,,127.040064900774,37.5182535504036,1991.0,2020-03-02
2102,12597,16423452,커넥스터,,P,스포츠,P02,실내운동시설,P02A01,체육관,R91131,종합 스포츠시설 운영업,11,서울특별시,11650,서초구,1165065200,양재2동,1165010200,양재동,1165010200103770003,1,대지,377,3.0,서울특별시 서초구 양재동 377-3,116503121005,서울특별시 서초구 동산로,64,,1165010200103770003004285,화성빌딩,서울특별시 서초구 동산로 64,137898,6784.0,,5,,02-573-1333,127.04574675521299,37.471796047440904,,2020-03-02
2104,12604,16421920,루카스포츠,,P,스포츠,P02,실내운동시설,P02A01,체육관,R91131,종합 스포츠시설 운영업,11,서울특별시,11680,강남구,1168053100,논현2동,1168010800,논현동,1168010800101110013,1,대지,111,13.0,서울특별시 강남구 논현동 111-13,116804166459,서울특별시 강남구 선릉로131길,8,,1168010800101110013005681,노벨빌딩,서울특별시 강남구 선릉로131길 8,135820,6059.0,,5,502,,127.040260883106,37.5179668061118,1991.0,2020-03-02
2239,13422,16202500,짱뽕킹,FIT,P,스포츠,P02,실내운동시설,P02A13,헬스클럽,R91132,체력단련시설 운영업,11,서울특별시,11680,강남구,1168054500,압구정동,1168010700,신사동,1168010700105910016,1,대지,591,16.0,서울특별시 강남구 신사동 591-16,116803121022,서울특별시 강남구 논현로,820,,1168010700105910017027664,제이씨빌딩,서울특별시 강남구 논현로 820,135893,6025.0,,,1,02-543-0806,127.02850577589899,37.5215830352671,2053.0,2018-09-14
2251,13524,16102367,마레복싱짐,,P,스포츠,P02,실내운동시설,P02A04,복싱도장,P85611,스포츠 교육기관,11,서울특별시,11650,서초구,1165053000,서초3동,1165010800,서초동,1165010800115230014,1,대지,1523,14.0,서울특별시 서초구 서초동 1523-14,116504163232,서울특별시 서초구 반포대로21길,49,,1165010800115230014020630,,서울특별시 서초구 반포대로21길 49,137871,6670.0,하,1,,02-586-2628,127.00817658044501,37.4865343057942,,2018-03-08
2397,14418,16101310,앤드핏,,P,스포츠,P02,실내운동시설,P02A13,헬스클럽,R91132,체력단련시설 운영업,11,서울특별시,11650,서초구,1165054000,잠원동,1165010600,잠원동,1165010600100200005,1,대지,20,5.0,서울특별시 서초구 잠원동 20-5,116502102001,서울특별시 서초구 강남대로,603,,1165010600100200006019195,인성빌딩,서울특별시 서초구 강남대로 603,137903,6526.0,,,1,,127.01928558158001,37.5155508825179,,2018-03-08
2435,14707,16426735,주짓수브라더스,,P,스포츠,P02,실내운동시설,P02A30,이종격투기,P85611,스포츠 교육기관,11,서울특별시,11680,강남구,1168059000,삼성2동,1168010500,삼성동,1168010500100510000,1,대지,51,,서울특별시 강남구 삼성동 51,116803122005,서울특별시 강남구 삼성로,605,,1168010500100510000015804,청송빌딩,서울특별시 강남구 삼성로 605,135868,6095.0,,1,,02-3446-3446,127.052704674305,37.5134718899824,,2020-03-02
2448,14783,16417017,클럽버디,,P,스포츠,P02,실내운동시설,P02A13,헬스클럽,R91132,체력단련시설 운영업,11,서울특별시,11680,강남구,1168073000,일원1동,1168011400,일원동,1168011400106420003,1,대지,642,3.0,서울특별시 강남구 일원동 642-3,116804166706,서울특별시 강남구 일원로3길,78,,1168011400106420003002181,,서울특별시 강남구 일원로3길 78,135945,6342.0,1,,,,127.08579280834101,37.492936199659205,,2020-03-02
2620,15835,16412798,귤녀의운동이야기,,P,스포츠,P01,운영관리시설,P01A11,기타경기후원업/경기단체,R91199,그외 기타 스포츠 서비스업,11,서울특별시,11680,강남구,1168064000,역삼1동,1168010100,역삼동,1168010100108370024,1,대지,837,24.0,서울특별시 강남구 역삼동 837-24,116804166219,서울특별시 강남구 도곡로1길,10,,1168010100108370024026100,,서울특별시 강남구 도곡로1길 10,135937,6253.0,,2,,,127.03244710525,37.49056505784,1872.0,2020-03-02
2663,16172,16422445,나,무필라테스,P,스포츠,P01,운영관리시설,P01A11,기타경기후원업/경기단체,R91199,그외 기타 스포츠 서비스업,11,서울특별시,11680,강남구,1168064000,역삼1동,1168010100,역삼동,1168010100106510000,1,대지,651,,서울특별시 강남구 역삼동 651,116803122004,서울특별시 강남구 봉은사로,210,,1168010100106510001021517,송산빌딩,서울특별시 강남구 봉은사로 210,135913,6135.0,,,402,02-565-0978,127.035238135942,37.507428611734795,,2020-03-02
2674,16261,16420262,스포츠유니버스,,P,스포츠,P02,실내운동시설,P02A99,기타실내운동시설,R91139,그외 기타 스포츠시설 운영업,11,서울특별시,11680,강남구,1168064000,역삼1동,1168010100,역삼동,1168010100108310000,1,대지,831,,서울특별시 강남구 역삼동 831,116802102001,서울특별시 강남구 강남대로,354,,1168010100108310000025303,혜천빌딩,서울특별시 강남구 강남대로 354,135792,6242.0,1140,,5,070-4036-0925,127.029714326866,37.4946424504004,,2020-03-02
5643,37147,16717801,아울골프아카데미,,P,스포츠,P02,실내운동시설,P02A10,실내골프연습장,R91136,골프연습장 운영업,11,서울특별시,11650,서초구,1165066000,내곡동,1165011100,신원동,1165011100102050001,1,대지,205,1.0,서울특별시 서초구 신원동 205-1,116503000031,서울특별시 서초구 청계산로,203,,1165011100102050001000001,,서울특별시 서초구 청계산로 203,137180,6802.0,1,1,101,,127.056263726911,37.4472724858109,,2020-10-08
5645,37171,16707286,발렉스골프,,P,스포츠,P02,실내운동시설,P02A10,실내골프연습장,R91136,골프연습장 운영업,11,서울특별시,11680,강남구,1168056500,청담동,1168010400,청담동,1168010400100410000,1,대지,41,,서울특별시 강남구 청담동 41,116803122006,서울특별시 강남구 선릉로,704,,1168010400100410001019004,청담빌딩,서울특별시 강남구 선릉로 704,135951,6069.0,,12,178,,127.041371678289,37.517795616392,,2020-10-10
5651,37205,16704261,포썸골프,,P,스포츠,P02,실내운동시설,P02A10,실내골프연습장,R91136,골프연습장 운영업,11,서울특별시,11680,강남구,1168052100,논현1동,1168010800,논현동,1168010800100180004,1,대지,18,4.0,서울특별시 강남구 논현동 18-4,116802102001,서울특별시 강남구 강남대로,584,,1168010800100180004006797,성일빌딩,서울특별시 강남구 강남대로 584,135813,6043.0,,6,104,,127.020607622013,37.513930947910204,,2020-10-09
5729,37698,16717829,제이에스골프클럽,,P,스포츠,P02,실내운동시설,P02A10,실내골프연습장,R91136,골프연습장 운영업,11,서울특별시,11650,서초구,1165053000,서초3동,1165010800,서초동,1165010800115720014,1,대지,1572,14.0,서울특별시 서초구 서초동 1572-14,116504163239,서울특별시 서초구 반포대로30길,55,,1165010800115720014020460,,서울특별시 서초구 반포대로30길 55,137874,6645.0,,,,,127.01153557279801,37.4924914010978,1870.0,2020-10-09
5926,38826,16720676,빌리프짐,선릉역점,P,스포츠,P02,실내운동시설,P02A13,헬스클럽,R91132,체력단련시설 운영업,11,서울특별시,11680,강남구,1168059000,삼성2동,1168010500,삼성동,1168010500101400003,1,대지,140,3.0,서울특별시 강남구 삼성동 140-3,116803122006,서울특별시 강남구 선릉로,524,,1168010500101400004027433,선릉대림아크로텔,서울특별시 강남구 선릉로 524,135875,6161.0,,,101,,127.048368528927,37.50664308061361,,2020-10-08
5972,39143,16707258,로그짐,학동점,P,스포츠,P02,실내운동시설,P02A13,헬스클럽,R91132,체력단련시설 운영업,11,서울특별시,11680,강남구,1168052100,논현1동,1168010800,논현동,1168010800100390020,1,대지,39,20.0,서울특별시 강남구 논현동 39-20,116804166129,서울특별시 강남구 논현로131길,28,,1168010800100390020006783,,서울특별시 강남구 논현로131길 28,135815,6045.0,,3,,,127.028094096716,37.5140738828997,1982.0,2020-10-09
6039,39693,16715660,다이아몬드짐헬스,,P,스포츠,P02,실내운동시설,P02A13,헬스클럽,R91132,체력단련시설 운영업,11,서울특별시,11650,서초구,1165051000,서초1동,1165010800,서초동,1165010800116780001,1,대지,1678,1.0,서울특별시 서초구 서초동 1678-1,116502121002,서울특별시 서초구 서초대로,346,,1165010800116780001023258,서초동동아빌라트,서울특별시 서초구 서초대로 346,137881,6631.0,1,1,101,,127.019394779621,37.4950978743409,,2020-10-08
6040,39698,16715607,골드라인헬스,,P,스포츠,P02,실내운동시설,P02A13,헬스클럽,R91132,체력단련시설 운영업,11,서울특별시,11680,강남구,1168061000,대치2동,1168010600,대치동,1168010600110070002,1,대지,1007,2.0,서울특별시 강남구 대치동 1007-2,116802122002,서울특별시 강남구 영동대로,330,7.0,1168010600110070002027489,대치동4차풍림아이원아파트,서울특별시 강남구 영동대로 330-7,135596,6177.0,401,,801,,127.066811315335,37.504303305350106,,2020-10-08
6041,39700,16715602,곤짐,,P,스포츠,P02,실내운동시설,P02A13,헬스클럽,R91132,체력단련시설 운영업,11,서울특별시,11680,강남구,1168061000,대치2동,1168010600,대치동,1168010600100660000,1,대지,66,,서울특별시 강남구 대치동 66,116802122002,서울특별시 강남구 영동대로,210,,1168010600100660000013890,쌍용아파트,서울특별시 강남구 영동대로 210,135834,6286.0,,2,207,,127.071346391542,37.4988516044173,,2020-10-10
6076,39906,16708817,바모스짐,,P,스포츠,P02,실내운동시설,P02A13,헬스클럽,R91132,체력단련시설 운영업,11,서울특별시,11680,강남구,1168053100,논현2동,1168010800,논현동,1168010800100660001,1,대지,66,1.0,서울특별시 강남구 논현동 66-1,116804166143,서울특별시 강남구 논현로150길,4,,1168010800100660001026486,대급수야빌딩,서울특별시 강남구 논현로150길 4,135816,6049.0,,1,,,127.028959451449,37.5188745997734,,2020-10-09
6228,40957,16722006,운동생활,,P,스포츠,P02,실내운동시설,P02A99,기타실내운동시설,R91139,그외 기타 스포츠시설 운영업,11,서울특별시,11680,강남구,1168064000,역삼1동,1168010100,역삼동,1168010100107990018,1,대지,799,18.0,서울특별시 강남구 역삼동 799-18,116804166184,서울특별시 강남구 논현로63길,25,,1168010100107990018025922,,서울특별시 강남구 논현로63길 25,135930,6256.0,,,301,,127.038882146547,37.4922755298847,,2020-10-10
6554,43201,16722585,파인골프아카데미,,P,스포츠,P02,실내운동시설,P02A10,실내골프연습장,R91136,골프연습장 운영업,11,서울특별시,11680,강남구,1168065000,역삼2동,1168010100,역삼동,1168010100107070013,1,대지,707,13.0,서울특별시 강남구 역삼동 707-13,116804166619,서울특별시 강남구 언주로86길,25,,1168010100107070015027581,우정에쉐르3,서울특별시 강남구 언주로86길 25,135918,6211.0,,1,3,,127.04511896244499,37.5024720013873,1922.0,2020-10-09
6555,43202,16721977,베이스골프라운지,,P,스포츠,P02,실내운동시설,P02A10,실내골프연습장,R91136,골프연습장 운영업,11,서울특별시,11680,강남구,1168053100,논현2동,1168010800,논현동,1168010800100930010,1,대지,93,10.0,서울특별시 강남구 논현동 93-10,116804166586,서울특별시 강남구 언주로150길,41,,1168010800100930010000001,,서울특별시 강남구 언주로150길 41,135819,6055.0,,1,,,127.03759698453699,37.52191877164629,2020.0,2020-10-09
6692,44097,16752634,휴먼헬스앤아이스토리,,P,스포츠,P02,실내운동시설,P02A13,헬스클럽,R91132,체력단련시설 운영업,11,서울특별시,11680,강남구,1168056500,청담동,1168010400,청담동,1168010400100910009,1,대지,91,9.0,서울특별시 강남구 청담동 91-9,116802122001,서울특별시 강남구 도산대로,427,,1168010400100910009017902,파모소빌딩,서울특별시 강남구 도산대로 427,135954,6016.0,,8,,,127.042537499114,37.5239412425034,2050.0,2020-09-22
6724,44376,16752527,헬스투유,,P,스포츠,P02,실내운동시설,P02A13,헬스클럽,R91132,체력단련시설 운영업,11,서울특별시,11650,서초구,1165058100,반포4동,1165010700,반포동,1165010700100830009,1,대지,83,9.0,서울특별시 서초구 반포동 83-9,116504163134,서울특별시 서초구 동광로47길,6,,1165010700100830009017159,한스빌,서울특별시 서초구 동광로47길 6,137805,6580.0,,,402,02-2275-5581,127.001574633323,37.4940565656305,,2020-09-22
6806,44922,16720495,원골프,,P,스포츠,P02,실내운동시설,P02A10,실내골프연습장,R91136,골프연습장 운영업,11,서울특별시,11680,강남구,1168059000,삼성2동,1168010500,삼성동,1168010500101270009,1,대지,127,9.0,서울특별시 강남구 삼성동 127-9,116803122005,서울특별시 강남구 삼성로,535,,1168010500101270009016741,삼화빌딩,서울특별시 강남구 삼성로 535,135875,6156.0,,,,,127.05464239050899,37.509612878223294,,2020-10-09
7096,46822,16752391,포이스포츠센터,,P,스포츠,P02,실내운동시설,P02A14,스포츠센터,R91131,종합 스포츠시설 운영업,11,서울특별시,11680,강남구,1168069000,개포4동,1168010300,개포동,1168010300112730000,1,대지,1273,,서울특별시 강남구 개포동 1273,116804166055,서울특별시 강남구 개포로22길,87,,1168010300102730000020783,포이초등학교,서울특별시 강남구 개포로22길 87,135961,6311.0,,,,,127.052532224077,37.476094646480206,,2020-09-22
8176,53626,16741738,핑클럽,방배점,P,스포츠,P02,실내운동시설,P02A99,기타실내운동시설,R91139,그외 기타 스포츠시설 운영업,11,서울특별시,11650,서초구,1165061000,방배2동,1165010100,방배동,1165010100104550005,1,대지,455,5.0,서울특별시 서초구 방배동 455-5,116504163292,서울특별시 서초구 방배천로14길,7,,1165010100104550005012726,,서울특별시 서초구 방배천로14길 7,137819,6677.0,,B1,1,,126.98322694662,37.4819160619309,,2020-11-23
9220,60519,16720648,로치이스포츠,,P,스포츠,P02,실내운동시설,P02A14,스포츠센터,R91131,종합 스포츠시설 운영업,11,서울특별시,11680,강남구,1168053100,논현2동,1168010800,논현동,1168010800102650023,1,대지,265,23.0,서울특별시 강남구 논현동 265-23,116804166446,서울특별시 강남구 선릉로115길,22,,1168010800102650023007420,,서울특별시 강남구 선릉로115길 22,135832,6100.0,,,203,,127.04115148179501,37.5120180754149,,2020-10-08
9221,60520,16718015,인스포츠,,P,스포츠,P02,실내운동시설,P02A14,스포츠센터,R91131,종합 스포츠시설 운영업,11,서울특별시,11680,강남구,1168061000,대치2동,1168010600,대치동,1168010600103160000,1,대지,316,,서울특별시 강남구 대치동 316,116803122005,서울특별시 강남구 삼성로,212,,1168010600103160000014551,은마아파트,서울특별시 강남구 삼성로 212,135778,6284.0,,,103,,127.065897098053,37.4996105819766,,2020-10-10
9535,62674,16559182,아람Pilates,,P,스포츠,P01,운영관리시설,P01A11,기타경기후원업/경기단체,R91199,그외 기타 스포츠 서비스업,11,서울특별시,11680,강남구,1168051000,신사동,1168010700,신사동,1168010700105650001,1,대지,565,1.0,서울특별시 강남구 신사동 565-1,116804166149,서울특별시 강남구 논현로157길,19,,1168010700105650001027843,,서울특별시 강남구 논현로157길 19,135891,6032.0,,2,,,127.026449123909,37.5222779307595,2045.0,2020-06-02
11110,73302,16251497,용인대위너복싱다이어트클럽,,P,스포츠,P02,실내운동시설,P02A04,복싱도장,G47216,건강보조식품 소매업,11,서울특별시,11680,강남구,1168064000,역삼1동,1168010100,역삼동,1168010100106680024,1,대지,668,24.0,서울특별시 강남구 역삼동 668-24,116804166347,서울특별시 강남구 봉은사로30길,74,,1168010100106680024023098,,서울특별시 강남구 봉은사로30길 74,135914,6140.0,,-1,,02-564-3868,127.036678214221,37.5027458696216,1928.0,2018-12-25
11187,73771,16250994,넥슨아레나,,P,스포츠,P02,실내운동시설,P02A99,기타실내운동시설,R91139,그외 기타 스포츠시설 운영업,11,서울특별시,11650,서초구,1165053100,서초4동,1165010800,서초동,1165010800113030037,1,대지,1303,37.0,서울특별시 서초구 서초동 1303-37,116504163435,서울특별시 서초구 서초대로77길,54,,1165010800113030037000001,서초더블유타워,서울특별시 서초구 서초대로77길 54,137855,6611.0,,-1,,,127.024805279341,37.5025493327852,,2020-07-16
11331,74648,16244527,스포플렉스,,P,스포츠,P02,실내운동시설,P02A99,기타실내운동시설,R91139,그외 기타 스포츠시설 운영업,11,서울특별시,11680,강남구,1168063000,대치4동,1168010600,대치동,1168010600108900008,1,대지,890,8.0,서울특별시 강남구 대치동 890-8,116803122010,서울특별시 강남구 테헤란로,416,,1168010600108900008012298,연봉빌딩,서울특별시 강남구 테헤란로 416,135839,6193.0,,-1,,02-568-9688,127.051895764815,37.504986470397796,,2020-07-16
11469,75560,16252244,ONECHANG,,P,스포츠,P01,운영관리시설,P01A99,기타운영설비,R91139,그외 기타 스포츠시설 운영업,11,서울특별시,11680,강남구,1168058000,삼성1동,1168010500,삼성동,1168010500101570021,1,대지,157,21.0,서울특별시 강남구 삼성동 157-21,116804166760,서울특별시 강남구 테헤란로81길,10,,1168010500101570021016896,소석빌딩,서울특별시 강남구 테헤란로81길 10,135880,6168.0,,5,,,127.05726497291401,37.507939854214,,2020-07-16
11488,75673,16250023,팜스코,,P,스포츠,P01,운영관리시설,P01A99,기타운영설비,R91139,그외 기타 스포츠시설 운영업,11,서울특별시,11680,강남구,1168052100,논현1동,1168010800,논현동,1168010800100040018,1,대지,4,18.0,서울특별시 강남구 논현동 4-18,116802122001,서울특별시 강남구 도산대로,130,,1168010800100040018005956,,서울특별시 강남구 도산대로 130,135811,6039.0,,1,,,127.022951959089,37.517185141316205,,2020-07-16
11508,75830,16247790,스포츠엠씨,,P,스포츠,P02,실내운동시설,P02A14,스포츠센터,R91131,종합 스포츠시설 운영업,11,서울특별시,11650,서초구,1165065200,양재2동,1165010200,양재동,1165010200102770005,1,대지,277,5.0,서울특별시 서초구 양재동 277-5,116503121022,서울특별시 서초구 논현로,63,,1165010200102770005002820,한덕빌딩,서울특별시 서초구 논현로 63,137895,6775.0,,4,,,127.046034579298,37.4758351206675,,2020-07-16
14216,93511,17018326,피팝스크린골프,,P,스포츠,P02,실내운동시설,P02A10,실내골프연습장,R91136,골프연습장 운영업,11,서울특별시,11680,강남구,1168054500,압구정동,1168010700,신사동,1168010700106350007,1,대지,635,7.0,서울특별시 강남구 신사동 635-7,116804166598,서울특별시 강남구 언주로170길,8,,1168010700106350008000002,스페이스데코,서울특별시 강남구 언주로170길 8,135896,6017.0,,,,,127.034309510646,37.526829700675705,2054.0,2020-11-14
16525,108465,16741942,오토테니스,논현점,P,스포츠,P03,실외운동시설,P03A10,테니스장,R91139,그외 기타 스포츠시설 운영업,11,서울특별시,11680,강남구,1168052100,논현1동,1168010800,논현동,1168010800101230002,1,대지,123,2.0,서울특별시 강남구 논현동 123-2,116803122011,서울특별시 강남구 학동로,118,,1168010800101230002007573,성도빌딩,서울특별시 강남구 학동로 118,135822,6111.0,,,B02,,127.023906733321,37.51162453137621,1967.0,2020-10-09
17657,115418,16772996,드라이빙레시피,,P,스포츠,P01,운영관리시설,P01A11,기타경기후원업/경기단체,R91199,그외 기타 스포츠 서비스업,11,서울특별시,11680,강남구,1168056500,청담동,1168010400,청담동,1168010400101300009,1,대지,130,9.0,서울특별시 강남구 청담동 130-9,116802122002,서울특별시 강남구 영동대로,738,,1168010400101300009017864,현대오피스텔,서울특별시 강남구 영동대로 738,135957,6075.0,,10,1007,,127.055376117607,37.524089679966,,2020-10-10
17878,117027,17043484,새마을휘트니스논현,,P,스포츠,P02,실내운동시설,P02A13,헬스클럽,R91132,체력단련시설 운영업,11,서울특별시,11680,강남구,1168052100,논현1동,1168010800,논현동,1168010800100500001,1,대지,50,1.0,서울특별시 강남구 논현동 50-1,116802102001,서울특별시 강남구 강남대로,556,,1168010800100500002007568,논현빌딩,서울특별시 강남구 강남대로 556,135529,6044.0,,,,,127.02154350987699,37.511559925786294,1973.0,2020-11-16
20098,131793,16125854,스포라,,P,스포츠,P02,실내운동시설,P02A01,체육관,R91131,종합 스포츠시설 운영업,11,서울특별시,11680,강남구,1168065000,역삼2동,1168010100,역삼동,1168010100107730004,1,대지,773,4.0,서울특별시 강남구 역삼동 773-4,116803005086,서울특별시 강남구 언주로,331,,1168010100107730004024356,안산빌딩,서울특별시 강남구 언주로 331,135928,6226.0,,,602,02-556-6723,127.04479931124901,37.497378450146606,,2018-04-03
20521,134407,16130959,예술통신,,P,스포츠,P01,운영관리시설,P01A99,기타운영설비,G47312,통신기기 소매업,11,서울특별시,11680,강남구,1168058000,삼성1동,1168010500,삼성동,1168010500100710006,1,대지,71,6.0,서울특별시 강남구 삼성동 71-6,116804166381,서울특별시 강남구 봉은사로81길,9,,1168010500100710006015716,대영빌딩,서울특별시 강남구 봉은사로81길 9,135870,6086.0,,1,2,,127.05361581778601,37.5138756579904,,2018-04-13
21516,140957,16134666,에스피티,,P,스포츠,P02,실내운동시설,P02A13,헬스클럽,R91132,체력단련시설 운영업,11,서울특별시,11680,강남구,1168064000,역삼1동,1168010100,역삼동,1168010100106570029,1,대지,657,29.0,서울특별시 강남구 역삼동 657-29,116804166110,서울특별시 강남구 논현로106길,28,4.0,1168010100106570029021796,,서울특별시 강남구 논현로106길 28-4,135913,6136.0,,,202,,127.03674488441901,37.5063596432149,1946.0,2018-05-11
22045,144261,16157319,EMS휘트니스,,P,스포츠,P02,실내운동시설,P02A13,헬스클럽,R91132,체력단련시설 운영업,11,서울특별시,11650,서초구,1165065200,양재2동,1165010200,양재동,1165010200102750005,1,대지,275,5.0,서울특별시 서초구 양재동 275-5,116504163169,서울특별시 서초구 마방로10길,5,,1165010200102750005002695,태석빌딩,서울특별시 서초구 마방로10길 5,137943,6775.0,,1,,02-2057-5800,127.043271667407,37.477056243277396,1782.0,2018-07-26
22321,145998,16663613,유디알멤버스,도곡점,P,스포츠,P02,실내운동시설,P02A10,실내골프연습장,R91136,골프연습장 운영업,11,서울특별시,11680,강남구,1168060000,대치1동,1168010600,대치동,1168010600105030000,1,대지,503,,서울특별시 강남구 대치동 503,116803122006,서울특별시 강남구 선릉로,120,,1168010600105000000014455,"개포1,2차우성아파트",서울특별시 강남구 선릉로 120,135828,6289.0,,,110,,127.05799055876699,37.4916004688253,,2020-10-07
22363,146227,16176589,이룸골프,,P,스포츠,P03,실외운동시설,P03A09,골프장,R91121,골프장 운영업,11,서울특별시,11680,강남구,1168059000,삼성2동,1168010500,삼성동,1168010500101130006,1,대지,113,6.0,서울특별시 강남구 삼성동 113-6,116803122004,서울특별시 강남구 봉은사로,430,,1168010500101130006000002,,서울특별시 강남구 봉은사로 430,135874,6153.0,하,1,,02-511-0067,127.04706997393,37.5109216332999,,2018-09-03
22593,147556,16180538,M휘트니스유경빌딩,방배점,P,스포츠,P02,실내운동시설,P02A13,헬스클럽,R91132,체력단련시설 운영업,11,서울특별시,11650,서초구,1165060000,방배1동,1165010100,방배동,1165010100109090009,1,대지,909,9.0,서울특별시 서초구 방배동 909-9,116503121010,서울특별시 서초구 방배로,81,,1165010100109090009015154,유경빌딩,서울특별시 서초구 방배로 81,137842,6686.0,1,6,,02-586-4131,126.99710388037799,37.4816562278605,1827.0,2018-09-12
22610,147661,16659484,버디버디스크린골프,,P,스포츠,P02,실내운동시설,P02A10,실내골프연습장,R91136,골프연습장 운영업,11,서울특별시,11680,강남구,1168053100,논현2동,1168010800,논현동,1168010800100850014,1,대지,85,14.0,서울특별시 강남구 논현동 85-14,116804166575,서울특별시 강남구 언주로133길,21,,1168010800100850014027568,조일빌딩,서울특별시 강남구 언주로133길 21,135818,6053.0,,2,,,127.033533019807,37.5159836920423,1988.0,2020-10-07
22787,149016,16663719,라니스타일피티,,P,스포츠,P02,실내운동시설,P02A13,헬스클럽,R91132,체력단련시설 운영업,11,서울특별시,11680,강남구,1168064000,역삼1동,1168010100,역삼동,1168010100108250020,1,대지,825,20.0,서울특별시 강남구 역삼동 825-20,116804166743,서울특별시 강남구 테헤란로4길,6,,1168010100108250019026266,강남역센트럴푸르지오시티,서울특별시 강남구 테헤란로4길 6,135934,6232.0,,,1133,,127.029459607276,37.4977219681228,1893.0,2020-10-07
22838,149459,16647497,트렌디골프,,P,스포츠,P02,실내운동시설,P02A10,실내골프연습장,R91136,골프연습장 운영업,11,서울특별시,11680,강남구,1168059000,삼성2동,1168010500,삼성동,1168010500101210038,1,대지,121,38.0,서울특별시 강남구 삼성동 121-38,116804166388,서울특별시 강남구 삼성로103길,12,,1168010500101210038000001,신도브래뉴주상복합,서울특별시 강남구 삼성로103길 12,135509,6155.0,,,403,,127.05337709217301,37.510386662712996,1971.0,2020-10-07
23716,155730,16030246,일동헬스라이프,,P,스포츠,P02,실내운동시설,P02A13,헬스클럽,R91132,체력단련시설 운영업,11,서울특별시,11650,서초구,1165065100,양재1동,1165010200,양재동,1165010200101080005,1,대지,108,5.0,서울특별시 서초구 양재동 108-5,116503121009,서울특별시 서초구 바우뫼로,156,,1165010200101080005005691,MJ빌딩,서울특별시 서초구 바우뫼로 156,137891,6753.0,,,202,,127.03741339284599,37.477188873771794,,2017-12-11
24321,161268,16082807,서틴플로어헬스테크,,P,스포츠,P02,실내운동시설,P02A13,헬스클럽,R91132,체력단련시설 운영업,11,서울특별시,11650,서초구,1165066000,내곡동,1165011100,신원동,1165011100104500001,1,대지,450,1.0,서울특별시 서초구 신원동 450-1,116504163305,서울특별시 서초구 본마을2길,9,6.0,1165011100104500001000289,브라운하우스,서울특별시 서초구 본마을2길 9-6,137180,6798.0,,,,,127.05423401395299,37.454987390303,,2018-02-09
24465,162545,16082802,스포츠센터더,,P,스포츠,P02,실내운동시설,P02A14,스포츠센터,R91131,종합 스포츠시설 운영업,11,서울특별시,11680,강남구,1168052100,논현1동,1168010800,논현동,1168010800101680000,1,대지,168,,서울특별시 강남구 논현동 168,116804166010,서울특별시 강남구 강남대로120길,33,,1168010800101680000008742,논현초등학교,서울특별시 강남구 강남대로120길 33,135825,6119.0,,1,,,127.026209840548,37.5084808443999,1967.0,2018-02-09
24800,165280,16075086,하와유바디,,P,스포츠,P02,실내운동시설,P02A01,체육관,R91131,종합 스포츠시설 운영업,11,서울특별시,11680,강남구,1168065000,역삼2동,1168010100,역삼동,1168010100107060020,1,대지,706,20.0,서울특별시 강남구 역삼동 706-20,116804166619,서울특별시 강남구 언주로86길,11,,1168010100107060020023277,한화진넥스빌,서울특별시 강남구 언주로86길 11,135918,6210.0,,,207,,127.04424353748999,37.5019423093006,,2018-02-01
29971,204309,16279529,주공태권도체육관,,P,스포츠,P02,실내운동시설,P02A01,체육관,R91131,종합 스포츠시설 운영업,11,서울특별시,11650,서초구,1165057000,반포2동,1165010700,반포동,1165010700100180003,1,대지,18,3.0,서울특별시 서초구 반포동 18-3,116502121003,서울특별시 서초구 반포대로,287,,1165010700100180003000001,래미안퍼스티지중심상가,서울특별시 서초구 반포대로 287,137042,6547.0,,5,,02-537-9901,127.001041815623,37.5043420879885,,2019-01-23
30301,206363,16451904,세레니티,,P,스포츠,P01,운영관리시설,P01A11,기타경기후원업/경기단체,R91199,그외 기타 스포츠 서비스업,11,서울특별시,11650,서초구,1165059000,방배본동,1165010100,방배동,1165010100100130008,1,대지,13,8.0,서울특별시 서초구 방배동 13-8,116504163276,서울특별시 서초구 방배로42길,29,,1165010100100130008015742,,서울특별시 서초구 방배로42길 29,137814,6584.0,,3,,070-4151-3919,126.990075683943,37.494751748336206,,2020-04-01
30308,206394,16441113,휠라,테스혜윤,P,스포츠,P01,운영관리시설,P01A11,기타경기후원업/경기단체,R91199,그외 기타 스포츠 서비스업,11,서울특별시,11680,강남구,1168065600,도곡2동,1168011800,도곡동,1168011800104670024,1,대지,467,24.0,서울특별시 강남구 도곡동 467-24,116803005086,서울특별시 강남구 언주로,118,,1168011800104670024001326,우성캐릭터199,서울특별시 강남구 언주로 118,135555,6295.0,,1,131,,127.051841563354,37.486910828653606,,2020-04-01
30524,207963,16441023,몸이편한,,P,스포츠,P02,실내운동시설,P02A13,헬스클럽,R91132,체력단련시설 운영업,11,서울특별시,11680,강남구,1168065000,역삼2동,1168010100,역삼동,1168010100107840013,1,대지,784,13.0,서울특별시 강남구 역삼동 784-13,116804166229,서울특별시 강남구 도곡로37길,16,,1168010100107840013025251,동우빌딩,서울특별시 강남구 도곡로37길 16,135760,6229.0,102,2,,,127.045148171132,37.494849301192104,,2020-04-01
30528,207990,16440320,휠라,테스소피,P,스포츠,P01,운영관리시설,P01A11,기타경기후원업/경기단체,R91199,그외 기타 스포츠 서비스업,11,서울특별시,11680,강남구,1168053100,논현2동,1168010800,논현동,1168010800102770014,1,대지,277,14.0,서울특별시 강남구 논현동 277-14,116804166444,서울특별시 강남구 선릉로111길,23,,1168010800102770014000001,,서울특별시 강남구 선릉로111길 23,135833,6103.0,,,402,,127.041670558066,37.5103463272622,,2020-04-01
30660,208960,16477140,화랑태권도체육관,,P,스포츠,P02,실내운동시설,P02A01,체육관,R91131,종합 스포츠시설 운영업,11,서울특별시,11680,강남구,1168073000,일원1동,1168011400,일원동,1168011400106630008,1,대지,663,8.0,서울특별시 강남구 일원동 663-8,116804166707,서울특별시 강남구 일원로5길,51,,1168011400106630008002292,,서울특별시 강남구 일원로5길 51,135945,6343.0,,4,,02-3411-9557,127.08429760210501,37.4922127823099,,2020-04-02
30694,209319,16436399,멤버쉽휘트니스플레이바이어스,,P,스포츠,P02,실내운동시설,P02A13,헬스클럽,R91132,체력단련시설 운영업,11,서울특별시,11680,강남구,1168069000,개포4동,1168010300,개포동,1168010300111970002,1,대지,1197,2.0,서울특별시 강남구 개포동 1197-2,116804166111,서울특별시 강남구 논현로10길,29,,1168010300111970002000001,친환경식품유통센터,서울특별시 강남구 논현로10길 29,135962,6312.0,5,,,,127.050382689266,37.4753114891336,,2020-04-01
30810,210218,16436613,코리안복싱클럽압구정로데오,,P,스포츠,P02,실내운동시설,P02A04,복싱도장,P85611,스포츠 교육기관,11,서울특별시,11680,강남구,1168054500,압구정동,1168010700,신사동,1168010700106620014,1,대지,662,14.0,서울특별시 강남구 신사동 662-14,116804166477,서울특별시 강남구 선릉로161길,17,,1168010700106620014009824,,서울특별시 강남구 선릉로161길 17,135897,6018.0,,2,,02-540-1282,127.03894252887,37.5272639562355,2054.0,2020-04-01
30886,210619,16446845,케이탑복싱,,P,스포츠,P02,실내운동시설,P02A04,복싱도장,P85611,스포츠 교육기관,11,서울특별시,11650,서초구,1165065100,양재1동,1165010300,우면동,1165010300107210001,1,대지,721,1.0,서울특별시 서초구 우면동 721-1,116503121020,서울특별시 서초구 태봉로,70,,1165010300101510004000001,우면프라자Ι,서울특별시 서초구 태봉로 70,137131,6764.0,,,101,,127.025570605719,37.4645310346132,,2020-04-01
31006,211542,16481787,호아스쿨,,P,스포츠,P01,운영관리시설,P01A11,기타경기후원업/경기단체,R91199,그외 기타 스포츠 서비스업,11,서울특별시,11650,서초구,1165062100,방배4동,1165010100,방배동,1165010100108370012,1,대지,837,12.0,서울특별시 서초구 방배동 837-12,116504163263,서울특별시 서초구 방배로28길,7,,1165010100108370012009160,중전빌딩,서울특별시 서초구 방배로28길 7,137835,6586.0,,,302,,126.992656660604,37.4903496121431,,2020-04-02
31041,211758,16473397,릴리필라테스,,P,스포츠,P01,운영관리시설,P01A99,기타운영설비,R91139,그외 기타 스포츠시설 운영업,11,서울특별시,11650,서초구,1165058100,반포4동,1165010700,반포동,1165010700100920001,1,대지,92,1.0,서울특별시 서초구 반포동 92-1,116503121015,서울특별시 서초구 서래로,48,,1165010700100920001016754,,서울특별시 서초구 서래로 48,137806,6577.0,,3,,02-6085-7182,126.998542320991,37.4992570081851,,2020-06-15
31224,212895,16470127,조현골프아카데미,,P,스포츠,P03,실외운동시설,P03A09,골프장,R91121,골프장 운영업,11,서울특별시,11680,강남구,1168056500,청담동,1168010400,청담동,1168010400100440019,1,대지,44,19.0,서울특별시 강남구 청담동 44-19,116804166813,서울특별시 강남구 학동로63길,6,,1168010400100440019018982,,서울특별시 강남구 학동로63길 6,135951,6069.0,,1,,,127.04502866908399,37.518437957726,,2020-04-02
31266,213192,16478499,크로스핏사당,,P,스포츠,P02,실내운동시설,P02A01,체육관,R91131,종합 스포츠시설 운영업,11,서울특별시,11650,서초구,1165061000,방배2동,1165010100,방배동,1165010100125250000,1,대지,2525,,서울특별시 서초구 방배동 2525,116502000004,서울특별시 서초구 과천대로,946,,1165010100125250000013443,,서울특별시 서초구 과천대로 946,137753,6760.0,,1,1,,126.982133606276,37.4749955569618,,2020-04-02
31347,213674,16469549,피트엑스,,P,스포츠,P02,실내운동시설,P02A01,체육관,R91131,종합 스포츠시설 운영업,11,서울특별시,11680,강남구,1168054500,압구정동,1168010700,신사동,1168010700106370018,1,대지,637,18.0,서울특별시 강남구 신사동 637-18,116804166600,서울특별시 강남구 언주로172길,15,,1168010700106370018009746,,서울특별시 강남구 언주로172길 15,135896,6017.0,,2,,02-515-3611,127.035156491313,37.5278277797767,2054.0,2020-04-02
31466,214404,16484389,히어로골프아카데미,,P,스포츠,P03,실외운동시설,P03A09,골프장,R91121,골프장 운영업,11,서울특별시,11650,서초구,1165051000,서초1동,1165010800,서초동,1165010800114390001,1,대지,1439,1.0,서울특별시 서초구 서초동 1439-1,116504163079,서울특별시 서초구 남부순환로339길,72,,1165010800114390001024085,목전빌딩,서울특별시 서초구 남부순환로339길 72,137865,6722.0,,1,,,127.02148985692,37.486203804161605,1825.0,2020-04-02
31494,214582,16473083,더핸즈,,P,스포츠,P03,실외운동시설,P03A09,골프장,R91121,골프장 운영업,11,서울특별시,11680,강남구,1168064000,역삼1동,1168010100,역삼동,1168010100108250026,1,대지,825,26.0,서울특별시 강남구 역삼동 825-26,116804166035,서울특별시 강남구 강남대로84길,13,,1168010100108250026024506,,서울특별시 강남구 강남대로84길 13,135934,6232.0,,2,,070-7778-6431,127.02957245561701,37.496866892548105,1893.0,2020-04-02
31495,214588,16455731,원스스크린골프,,P,스포츠,P02,실내운동시설,P02A10,실내골프연습장,R91136,골프연습장 운영업,11,서울특별시,11680,강남구,1168052100,논현1동,1168010800,논현동,1168010800100390018,1,대지,39,18.0,서울특별시 강남구 논현동 39-18,116804166129,서울특별시 강남구 논현로131길,30,,1168010800100390018000001,성도빌딩,서울특별시 강남구 논현로131길 30,135815,6045.0,,B2,,,127.027878262465,37.5141441909188,1982.0,2020-04-02
32254,219544,16507190,지니밸런스센터,,P,스포츠,P01,운영관리시설,P01A11,기타경기후원업/경기단체,R91199,그외 기타 스포츠 서비스업,11,서울특별시,11680,강남구,1168056500,청담동,1168010400,청담동,1168010400101170014,1,대지,117,14.0,서울특별시 강남구 청담동 117-14,116804166301,서울특별시 강남구 도산대로81길,16,6.0,1168010400101170014000001,,서울특별시 강남구 도산대로81길 16-6,135955,6011.0,,5,,,127.048015001968,37.525571374156996,2043.0,2020-05-07
32350,220098,16513892,제이앤제이스포츠,,P,스포츠,P01,운영관리시설,P01A11,기타경기후원업/경기단체,R91199,그외 기타 스포츠 서비스업,11,서울특별시,11650,서초구,1165052000,서초2동,1165010800,서초동,1165010800113370006,1,대지,1337,6.0,서울특별시 서초구 서초동 1337-6,116504163025,서울특별시 서초구 강남대로51길,10,,1165010800113370006022600,강남효성해링턴타워,서울특별시 서초구 강남대로51길 10,137860,6627.0,,1,,02-522-5117,127.029260639834,37.4912507524576,1866.0,2020-05-07
32434,220764,16503206,오웬클럽,,P,스포츠,P02,실내운동시설,P02A25,스쿼시장,R91139,그외 기타 스포츠시설 운영업,11,서울특별시,11680,강남구,1168065600,도곡2동,1168011800,도곡동,1168011800104670024,1,대지,467,24.0,서울특별시 강남구 도곡동 467-24,116803005086,서울특별시 강남구 언주로,118,,1168011800104670024001326,우성캐릭터199,서울특별시 강남구 언주로 118,135555,6295.0,,,304,02-573-0199,127.051841563354,37.486910828653606,,2020-05-07
32465,220949,16514725,강남챔피언권투체육관,,P,스포츠,P02,실내운동시설,P02A01,체육관,R91131,종합 스포츠시설 운영업,11,서울특별시,11650,서초구,1165056000,반포1동,1165010700,반포동,1165010700107050002,1,대지,705,2.0,서울특별시 서초구 반포동 705-2,116503121017,서울특별시 서초구 신반포로,330,,1165010700107050002018038,,서울특별시 서초구 신반포로 330,137808,6534.0,,3,,02-544-9998,127.019782907831,37.5103919806413,,2020-05-07
32511,221199,16494139,짐티랩,,P,스포츠,P02,실내운동시설,P02A01,체육관,R91131,종합 스포츠시설 운영업,11,서울특별시,11680,강남구,1168065000,역삼2동,1168010100,역삼동,1168010100107540000,1,대지,754,,서울특별시 강남구 역삼동 754,116803122008,서울특별시 강남구 역삼로,306,,1168010100107540000023892,개나리래미안,서울특별시 강남구 역삼로 306,135795,6216.0,102,204,204,070-4111-0070,127.04589271099199,37.498549648994704,,2020-05-07
32580,221675,16506651,헐크짐,,P,스포츠,P02,실내운동시설,P02A13,헬스클럽,R91132,체력단련시설 운영업,11,서울특별시,11650,서초구,1165065200,양재2동,1165010200,양재동,1165010200102910022,1,대지,291,22.0,서울특별시 서초구 양재동 291-22,116504163144,서울특별시 서초구 동산로13길,6,,1165010200102910022003183,,서울특별시 서초구 동산로13길 6,137896,6781.0,,1,,02-3462-7077,127.045368904729,37.4721714406702,,2020-05-07
32656,222150,16505686,셀라,,P,스포츠,P02,실내운동시설,P02A01,체육관,R91131,종합 스포츠시설 운영업,11,서울특별시,11680,강남구,1168051000,신사동,1168010700,신사동,1168010700105260014,1,대지,526,14.0,서울특별시 강남구 신사동 526-14,116804166526,서울특별시 강남구 압구정로4길,14,8.0,1168010700105260014011299,,서울특별시 강남구 압구정로4길 14-8,135888,6027.0,,1,102,,127.019911075921,37.52134983626139,2045.0,2020-05-07
32676,222296,16513470,피트니스엠바,,P,스포츠,P02,실내운동시설,P02A13,헬스클럽,R91132,체력단련시설 운영업,11,서울특별시,11650,서초구,1165066000,내곡동,1165011100,신원동,1165011100102050001,1,대지,205,1.0,서울특별시 서초구 신원동 205-1,116503000031,서울특별시 서초구 청계산로,203,,1165011100102050001000001,,서울특별시 서초구 청계산로 203,137180,6802.0,,,302,,127.056263726911,37.4472724858109,,2020-05-07
32697,222430,16512779,위드스튜디오,,P,스포츠,P02,실내운동시설,P02A01,체육관,R91131,종합 스포츠시설 운영업,11,서울특별시,11680,강남구,1168065000,역삼2동,1168010100,역삼동,1168010100107060020,1,대지,706,20.0,서울특별시 강남구 역삼동 706-20,116804166619,서울특별시 강남구 언주로86길,11,,1168010100107060020023277,한화진넥스빌,서울특별시 강남구 언주로86길 11,135918,6210.0,,,207,02-6204-5132,127.04424353748999,37.5019423093006,,2020-05-07
32824,223312,16414413,톡스크린,,P,스포츠,P03,실외운동시설,P03A09,골프장,R91121,골프장 운영업,11,서울특별시,11680,강남구,1168065000,역삼2동,1168010100,역삼동,1168010100107260002,1,대지,726,2.0,서울특별시 강남구 역삼동 726-2,116804166641,서울특별시 강남구 역삼로25길,35,,1168010100107260008000001,케이큐브타워,서울특별시 강남구 역삼로25길 35,135921,6223.0,,1,,02-558-5051,127.038838014922,37.4983663118697,1910.0,2020-03-02
33115,225085,16480942,페어앤스퀘어,,P,스포츠,P02,실내운동시설,P02A01,체육관,R91131,종합 스포츠시설 운영업,11,서울특별시,11680,강남구,1168051000,신사동,1168010700,신사동,1168010700105250002,1,대지,525,2.0,서울특별시 강남구 신사동 525-2,116804166526,서울특별시 강남구 압구정로4길,11,,1168010700105250002011043,,서울특별시 강남구 압구정로4길 11,135888,6028.0,,1,,,127.020275403993,37.5220376579107,2045.0,2020-04-02
33380,226846,16449577,웰씨짐,,P,스포츠,P02,실내운동시설,P02A13,헬스클럽,R91132,체력단련시설 운영업,11,서울특별시,11680,강남구,1168065000,역삼2동,1168010100,역삼동,1168010100107650002,1,대지,765,2.0,서울특별시 강남구 역삼동 765-2,116804166485,서울특별시 강남구 선릉로63길,9,,1168010100107650002024416,백림빌딩,서울특별시 강남구 선릉로63길 9,135927,6218.0,,3,5,02-566-6301,127.05142935809401,37.4971525460826,,2020-04-01
33815,229528,16233282,마이밸런스,,P,스포츠,P02,실내운동시설,P02A13,헬스클럽,R91132,체력단련시설 운영업,11,서울특별시,11650,서초구,1165051000,서초1동,1165010800,서초동,1165010800114250009,1,대지,1425,9.0,서울특별시 서초구 서초동 1425-9,116504163075,서울특별시 서초구 남부순환로333길,13,,1165010800114250009024437,효봉빌딩,서울특별시 서초구 남부순환로333길 13,137864,6725.0,,2,201,02-523-9686,127.01998892431699,37.4833800666938,1825.0,2018-12-04
33837,229629,16368474,휠라,테스오르난,P,스포츠,P01,운영관리시설,P01A11,기타경기후원업/경기단체,R91199,그외 기타 스포츠 서비스업,11,서울특별시,11680,강남구,1168064000,역삼1동,1168010100,역삼동,1168010100106420001,1,대지,642,1.0,서울특별시 강남구 역삼동 642-1,116804166726,서울특별시 강남구 테헤란로25길,20,,1168010100106420001000001,역삼현대벤쳐텔,서울특별시 강남구 테헤란로25길 20,135910,6132.0,,15,1503,,127.03564086428601,37.5016200971,,2019-10-01
33874,229824,16400507,어썸어스휘트니스,,P,스포츠,P02,실내운동시설,P02A13,헬스클럽,R91132,체력단련시설 운영업,11,서울특별시,11680,강남구,1168063000,대치4동,1168010600,대치동,1168010600108900060,1,대지,890,60.0,서울특별시 강남구 대치동 890-60,116804166755,서울특별시 강남구 테헤란로70길,12,,1168010600108900060000001,H타워,서울특별시 강남구 테헤란로70길 12,135839,6193.0,,1,,,127.05314307701299,37.504735168954,1932.0,2020-02-03
33889,229912,16291039,JPGYM,,P,스포츠,P02,실내운동시설,P02A13,헬스클럽,R91132,체력단련시설 운영업,11,서울특별시,11680,강남구,1168054500,압구정동,1168010700,신사동,1168010700106630016,1,대지,663,16.0,서울특별시 강남구 신사동 663-16,116804166474,서울특별시 강남구 선릉로157길,14,3.0,1168010700106630016009955,,서울특별시 강남구 선릉로157길 14-3,135897,6018.0,,2,,02-3445-0829,127.03863687829201,37.5263964589703,2054.0,2019-02-01
34296,232281,16404123,오투골프연습장&아카데미,,P,스포츠,P02,실내운동시설,P02A10,실내골프연습장,R91136,골프연습장 운영업,11,서울특별시,11650,서초구,1165053000,서초3동,1165010800,서초동,1165010800114890004,1,대지,1489,4.0,서울특별시 서초구 서초동 1489-4,116504163637,서울특별시 서초구 효령로40길,4,,1165010800114890004021442,세민정형외과,서울특별시 서초구 효령로40길 4,137869,6708.0,,지,,02-3474-3059,127.005761842388,37.4827385860329,,2020-02-03
34558,233912,16320678,헬스커넥트,,P,스포츠,P02,실내운동시설,P02A13,헬스클럽,R91132,체력단련시설 운영업,11,서울특별시,11680,강남구,1168058000,삼성1동,1168010500,삼성동,1168010500101570027,1,대지,157,27.0,서울특별시 강남구 삼성동 157-27,116803122010,서울특별시 강남구 테헤란로,501,,1168010500101570029016913,브이플렉스,서울특별시 강남구 테헤란로 501,135526,6168.0,,4,,02-6292-3400,127.05680841847601,37.507368544402,,2019-05-16
34559,233913,16320674,헬스맥스,,P,스포츠,P02,실내운동시설,P02A13,헬스클럽,R91132,체력단련시설 운영업,11,서울특별시,11680,강남구,1168058000,삼성1동,1168010500,삼성동,1168010500101560003,1,대지,156,3.0,서울특별시 강남구 삼성동 156-3,116803122005,서울특별시 강남구 삼성로,524,,1168010500101560003016820,세화빌딩,서울특별시 강남구 삼성로 524,135879,6167.0,,5,,02-581-8151,127.055894877873,37.5089561147503,,2019-05-16
34560,233914,16320694,브레인헬스,,P,스포츠,P02,실내운동시설,P02A13,헬스클럽,R91132,체력단련시설 운영업,11,서울특별시,11680,강남구,1168075000,수서동,1168011500,수서동,1168011500107160000,1,대지,716,,서울특별시 강남구 수서동 716,116803122002,서울특별시 강남구 광평로,295,,1168011500107160000026850,사이룩스오피스텔,서울특별시 강남구 광평로 295,135560,6349.0,,,1603,02-487-1863,127.104459006759,37.488555844386,1848.0,2019-05-16
34561,233915,16320665,안전지대휘트니스,,P,스포츠,P02,실내운동시설,P02A13,헬스클럽,R91132,체력단련시설 운영업,11,서울특별시,11650,서초구,1165059000,방배본동,1165010100,방배동,1165010100107530005,1,대지,753,5.0,서울특별시 서초구 방배동 753-5,116502005009,서울특별시 서초구 동작대로,230,,1165010100107530006015628,화련회관,서울특별시 서초구 동작대로 230,137828,6551.0,,1,,02-595-9682,126.983656826717,37.496922298536504,,2019-05-16
34891,235776,16243836,에이스골프존,,P,스포츠,P02,실내운동시설,P02A10,실내골프연습장,R91136,골프연습장 운영업,11,서울특별시,11650,서초구,1165053000,서초3동,1165010800,서초동,1165010800117200002,1,대지,1720,2.0,서울특별시 서초구 서초동 1720-2,116504163407,서울특별시 서초구 서초대로41길,19,,1165010800117200002021783,한국사학진흥재단,서울특별시 서초구 서초대로41길 19,137885,6595.0,,-1,,,127.007404262106,37.4936281325204,1879.0,2020-07-16
35353,238492,16242270,실내테니스,,P,스포츠,P02,실내운동시설,P02A02,실내테니스장,R91139,그외 기타 스포츠시설 운영업,11,서울특별시,11650,서초구,1165053000,서초3동,1165010800,서초동,1165010800115440004,1,대지,1544,4.0,서울특별시 서초구 서초동 1544-4,116502121003,서울특별시 서초구 반포대로,94,,1165010800115440004020857,남양빌딩,서울특별시 서초구 반포대로 94,137872,6648.0,,-1,,,127.009572980218,37.488681521901796,1870.0,2020-07-16
35761,240843,16383597,헬스에어테크놀로지코리아,,P,스포츠,P02,실내운동시설,P02A13,헬스클럽,R91132,체력단련시설 운영업,11,서울특별시,11680,강남구,1168056500,청담동,1168010400,청담동,1168010400100060000,1,대지,6,,서울특별시 강남구 청담동 6,116802122001,서울특별시 강남구 도산대로,456,,1168010400100060000017943,백영청담빌딩,서울특별시 강남구 도산대로 456,135949,6062.0,,,101,02-3445-0288,127.04655613933599,37.523748490092004,,2019-12-03
35762,240844,16383592,아자휘트니스,,P,스포츠,P02,실내운동시설,P02A13,헬스클럽,R91132,체력단련시설 운영업,11,서울특별시,11650,서초구,1165053100,서초4동,1165010800,서초동,1165010800113120003,1,대지,1312,3.0,서울특별시 서초구 서초동 1312-3,116503121016,서울특별시 서초구 서운로,197,,1165010800113120003027688,롯데캐슬클래식아파트,서울특별시 서초구 서운로 197,137778,6608.0,,1,,,127.02080783087,37.499470700625,,2019-12-03
35794,241047,16379887,아크PTSTUDIO,,P,스포츠,P02,실내운동시설,P02A13,헬스클럽,R91132,체력단련시설 운영업,11,서울특별시,11680,강남구,1168064000,역삼1동,1168010100,역삼동,1168010100108320021,1,대지,832,21.0,서울특별시 강남구 역삼동 832-21,116803122008,서울특별시 강남구 역삼로,110,,1168010100108320021027834,태양21,서울특별시 강남구 역삼로 110,135936,6252.0,,1,,070-7576-1992,127.03112401316002,37.4931943094896,,2019-12-02
35813,241153,16379055,휠라,테스데이,P,스포츠,P02,실내운동시설,P02A13,헬스클럽,R91132,체력단련시설 운영업,11,서울특별시,11650,서초구,1165053100,서초4동,1165010800,서초동,1165010800116890002,1,대지,1689,2.0,서울특별시 서초구 서초동 1689-2,116502121002,서울특별시 서초구 서초대로,335,,1165010800116890003020068,서흥빌딩,서울특별시 서초구 서초대로 335,137882,6607.0,다,5,,,127.018069431466,37.495267076466,1889.0,2019-12-02
36063,242639,16385151,한국씨름연맹,,P,스포츠,P01,운영관리시설,P01A99,기타운영설비,R91139,그외 기타 스포츠시설 운영업,11,서울특별시,11680,강남구,1168064000,역삼1동,1168010100,역삼동,1168010100106340006,1,대지,634,6.0,서울특별시 강남구 역삼동 634-6,116804166341,서울특별시 강남구 봉은사로22길,63,,1168010100106340006028019,,서울특별시 강남구 봉은사로22길 63,135908,6130.0,,5,,02-501-5999,127.02978684366998,37.5030228594679,,2019-12-03
36214,243530,16662650,으라차차운동장,,P,스포츠,P02,실내운동시설,P02A14,스포츠센터,R91131,종합 스포츠시설 운영업,11,서울특별시,11650,서초구,1165059000,방배본동,1165010100,방배동,1165010100107550014,1,대지,755,14.0,서울특별시 서초구 방배동 755-14,116503121011,서울특별시 서초구 방배중앙로,204,,1165010100107550014000001,리첸시아,서울특별시 서초구 방배중앙로 204,137828,6552.0,B101,,B103,,126.985676893834,37.4972370082012,,2020-10-07
36240,243682,16264708,VRZONEX,,P,스포츠,P02,실내운동시설,P02A99,기타실내운동시설,R91139,그외 기타 스포츠시설 운영업,11,서울특별시,11680,강남구,1168058000,삼성1동,1168010500,삼성동,1168010500101590000,1,대지,159,,서울특별시 강남구 삼성동 159,116802122002,서울특별시 강남구 영동대로,513,,1168010500101590009016086,코엑스,서울특별시 강남구 영동대로 513,135798,6164.0,,-1,,,127.05913910242799,37.5118203253706,1976.0,2020-07-16
36854,246480,16269277,루드헬스,,P,스포츠,P02,실내운동시설,P02A13,헬스클럽,R91132,체력단련시설 운영업,11,서울특별시,11680,강남구,1168053100,논현2동,1168010800,논현동,1168010800100600017,1,대지,60,17.0,서울특별시 강남구 논현동 60-17,116804166143,서울특별시 강남구 논현로150길,25,,1168010800100600017005337,김빌딩,서울특별시 강남구 논현로150길 25,135816,6047.0,,7,,,127.030486004036,37.519797203344496,2001.0,2019-01-17
36947,246861,16458717,케이케이주니어,,P,스포츠,P01,운영관리시설,P01A11,기타경기후원업/경기단체,R91199,그외 기타 스포츠 서비스업,11,서울특별시,11650,서초구,1165065100,양재1동,1165010200,양재동,1165010200100980000,1,대지,98,,서울특별시 서초구 양재동 98,116504163477,서울특별시 서초구 양재천로21길,18,,1165010200100980000005776,블루스카이,서울특별시 서초구 양재천로21길 18,137891,6748.0,,1,,,127.039423597697,37.4764843862249,,2020-04-02
36961,246935,16574859,헬스클라우드,,P,스포츠,P02,실내운동시설,P02A13,헬스클럽,R91132,체력단련시설 운영업,11,서울특별시,11680,강남구,1168064000,역삼1동,1168010100,역삼동,1168010100107030005,1,대지,703,5.0,서울특별시 강남구 역삼동 703-5,116804166502,서울특별시 강남구 선릉로93길,54,,1168010100107030005022574,일환빌딩,서울특별시 강남구 선릉로93길 54,135513,6151.0,,6,6045,,127.04429318375,37.5042584238097,1943.0,2020-07-17
36962,246936,16574872,헬스포트,,P,스포츠,P02,실내운동시설,P02A13,헬스클럽,R91132,체력단련시설 운영업,11,서울특별시,11680,강남구,1168064000,역삼1동,1168010100,역삼동,1168010100107400002,1,대지,740,2.0,서울특별시 강남구 역삼동 740-2,116804166201,서울특별시 강남구 논현로85길,35,,1168010100107400002027224,세하빌딩,서울특별시 강남구 논현로85길 35,135924,6237.0,,3,,,127.03524341404498,37.498228883342,1910.0,2020-07-17
37169,247932,16379707,반포아이언짐,,P,스포츠,P02,실내운동시설,P02A01,체육관,R91131,종합 스포츠시설 운영업,11,서울특별시,11650,서초구,1165057000,반포2동,1165010700,반포동,1165010700100020008,1,대지,2,8.0,서울특별시 서초구 반포동 2-8,116504163450,서울특별시 서초구 신반포로15길,29,,1165010700100020008017794,신반포상가,서울특별시 서초구 신반포로15길 29,137800,6503.0,,,114-1,02-599-8006,126.994681807611,37.5054594982065,,2019-12-02
37170,247933,16378885,크라크라짐,,P,스포츠,P02,실내운동시설,P02A01,체육관,R91131,종합 스포츠시설 운영업,11,서울특별시,11680,강남구,1168053100,논현2동,1168010800,논현동,1168010800100940020,1,대지,94,20.0,서울특별시 강남구 논현동 94-20,116803122006,서울특별시 강남구 선릉로,755,,1168010800100940020005095,진성빌딩,서울특별시 강남구 선릉로 755,135819,6055.0,,1,,,127.039168272577,37.5220126598488,2020.0,2019-12-02
37196,248082,16264572,제임스짐,,P,스포츠,P02,실내운동시설,P02A13,헬스클럽,R91132,체력단련시설 운영업,11,서울특별시,11680,강남구,1168058000,삼성1동,1168010500,삼성동,1168010500101590000,1,대지,159,,서울특별시 강남구 삼성동 159,116802122002,서울특별시 강남구 영동대로,513,,1168010500101590009016086,코엑스,서울특별시 강남구 영동대로 513,135798,6164.0,,-2,,,127.05913910242799,37.5118203253706,1976.0,2020-07-16
37460,249361,16272186,피델리스에프앤비,,P,스포츠,P01,운영관리시설,P01A99,기타운영설비,G47219,기타 식료품 소매업,11,서울특별시,11680,강남구,1168058000,삼성1동,1168010500,삼성동,1168010500101450009,1,대지,145,9.0,서울특별시 강남구 삼성동 145-9,116803122005,서울특별시 강남구 삼성로,570,,1168010500101450009000001,대한해운사옥,서울특별시 강남구 삼성로 570,135878,6163.0,,8,,,127.054120932931,37.5123929637803,,2019-01-18
37502,249603,16358894,위아더휘트니스,,P,스포츠,P02,실내운동시설,P02A13,헬스클럽,R91132,체력단련시설 운영업,11,서울특별시,11650,서초구,1165059000,방배본동,1165010100,방배동,1165010100107610006,1,대지,761,6.0,서울특별시 서초구 방배동 761-6,116503121011,서울특별시 서초구 방배중앙로,187,,1165010100107610006015686,,서울특별시 서초구 방배중앙로 187,137828,6554.0,,2,,,126.985516688457,37.4957038434011,1886.0,2019-09-02
38269,253696,16259054,퍼스트클래스코리아,,P,스포츠,P01,운영관리시설,P01A99,기타운영설비,R91139,그외 기타 스포츠시설 운영업,11,서울특별시,11650,서초구,1165065200,양재2동,1165010200,양재동,1165010200102770005,1,대지,277,5.0,서울특별시 서초구 양재동 277-5,116503121022,서울특별시 서초구 논현로,63,,1165010200102770005002820,한덕빌딩,서울특별시 서초구 논현로 63,137895,6775.0,,4,,,127.046034579298,37.4758351206675,,2020-07-16
38420,254829,16440937,요가미학,,P,스포츠,P01,운영관리시설,P01A99,기타운영설비,R91139,그외 기타 스포츠시설 운영업,11,서울특별시,11680,강남구,1168053100,논현2동,1168010800,논현동,1168010800102410003,1,대지,241,3.0,서울특별시 강남구 논현동 241-3,116803122011,서울특별시 강남구 학동로,342,,1168010800102410004000001,에스케이허브블루,서울특별시 강남구 학동로 342,135830,6099.0,,,B113,,127.040582778587,37.5166809152696,,2020-06-15
42313,281128,16562653,금산미학바이오헬스,,P,스포츠,P02,실내운동시설,P02A13,헬스클럽,R91132,체력단련시설 운영업,11,서울특별시,11680,강남구,1168053100,논현2동,1168010800,논현동,1168010800100980006,1,대지,98,6.0,서울특별시 강남구 논현동 98-6,116804166584,서울특별시 강남구 언주로148길,6,,1168010800100980006005274,,서울특별시 강남구 언주로148길 6,135819,6057.0,,6,,02-3448-9321,127.035119142892,37.520186555181496,2020.0,2020-11-21
42314,281131,16562335,케어스트림헬스코리아,,P,스포츠,P02,실내운동시설,P02A13,헬스클럽,R91132,체력단련시설 운영업,11,서울특별시,11680,강남구,1168065000,역삼2동,1168010100,역삼동,1168010100107080022,1,대지,708,22.0,서울특별시 강남구 역삼동 708-22,116804166497,서울특별시 강남구 선릉로89길,13,,1168010100107080022022930,,서울특별시 강남구 선릉로89길 13,135919,6212.0,,8,801,02-3438-7300,127.04825331787501,37.5032451728656,1922.0,2020-06-15
42315,281132,16562285,이음헬스앤케어,,P,스포츠,P02,실내운동시설,P02A13,헬스클럽,R91132,체력단련시설 운영업,11,서울특별시,11680,강남구,1168064000,역삼1동,1168010100,역삼동,1168010100106810017,1,대지,681,17.0,서울특별시 강남구 역삼동 681-17,116803122004,서울특별시 강남구 봉은사로,310,,1168010100106810017021349,숨빌딩,서울특별시 강남구 봉은사로 310,135916,6143.0,,10,,,127.04095051087799,37.509160101884206,,2020-11-22
42588,283100,16562275,주부맘헬스바이오,,P,스포츠,P02,실내운동시설,P02A13,헬스클럽,R91132,체력단련시설 운영업,11,서울특별시,11680,강남구,1168074000,일원2동,1168010300,개포동,1168010300100130003,1,대지,13,3.0,서울특별시 강남구 개포동 13-3,116803122001,서울특별시 강남구 개포로,623,,1168010300100130003019067,대청타워,서울특별시 강남구 개포로 623,135989,6336.0,,2,201,,127.079635157872,37.494330083366705,,2020-06-15
42644,283474,16612122,이투이헬스,,P,스포츠,P02,실내운동시설,P02A13,헬스클럽,R91132,체력단련시설 운영업,11,서울특별시,11680,강남구,1168052100,논현1동,1168010800,논현동,1168010800102030000,1,대지,203,,서울특별시 강남구 논현동 203,116803122004,서울특별시 강남구 봉은사로,129,1.0,1168010800102030000000001,751빌딩,서울특별시 강남구 봉은사로 129-1,135545,6121.0,,6,606,,127.028062116788,37.506072265423605,,2020-08-04
42646,283476,16613107,휠라,테스율,P,스포츠,P01,운영관리시설,P01A99,기타운영설비,R91139,그외 기타 스포츠시설 운영업,11,서울특별시,11680,강남구,1168051000,신사동,1168011000,압구정동,1168011000104150000,1,대지,415,,서울특별시 강남구 압구정동 415,116803122007,서울특별시 강남구 압구정로,113,22.0,1168011000104150000005054,미성상가,서울특별시 강남구 압구정로 113-22,135899,6000.0,27,지,1,,127.019629206167,37.524735448193795,,2020-08-04
42841,284612,16566640,휠라,테스도어,P,스포츠,P01,운영관리시설,P01A99,기타운영설비,R91139,그외 기타 스포츠시설 운영업,11,서울특별시,11680,강남구,1168056500,청담동,1168010400,청담동,1168010400100190036,1,대지,19,36.0,서울특별시 강남구 청담동 19-36,116804166469,서울특별시 강남구 선릉로148길,52,10.0,1168010400100190036018325,,서울특별시 강남구 선릉로148길 52-10,135949,6064.0,,3,,,127.043677055924,37.5224096755595,,2020-06-15
44235,294176,17216297,206짐,,P,스포츠,P02,실내운동시설,P02A13,헬스클럽,R91132,체력단련시설 운영업,11,서울특별시,11680,강남구,1168059000,삼성2동,1168010500,삼성동,1168010500100510000,1,대지,51,,서울특별시 강남구 삼성동 51,116803122005,서울특별시 강남구 삼성로,605,,1168010500100510000015804,청송빌딩,서울특별시 강남구 삼성로 605,135868,6095.0,,B1,,,127.052704674305,37.5134718899824,,2020-12-21
44236,294177,17216358,팀에이치짐,,P,스포츠,P02,실내운동시설,P02A13,헬스클럽,R91132,체력단련시설 운영업,11,서울특별시,11680,강남구,1168064000,역삼1동,1168010100,역삼동,1168010100107350010,1,대지,735,10.0,서울특별시 강남구 역삼동 735-10,116804166719,서울특별시 강남구 테헤란로14길,5,,1168010100107350010023909,삼흥역삼빌딩,서울특별시 강남구 테헤란로14길 5,135923,6235.0,,2,,,127.03319680094299,37.499077164518,,2020-12-21
44237,294178,17216337,액트짐,신논현점,P,스포츠,P02,실내운동시설,P02A13,헬스클럽,R91132,체력단련시설 운영업,11,서울특별시,11680,강남구,1168064000,역삼1동,1168010100,역삼동,1168010100106010018,1,대지,601,18.0,서울특별시 강남구 역삼동 601-18,116803122004,서울특별시 강남구 봉은사로,116,,1168010100106010018022390,은성빌딩,서울특별시 강남구 봉은사로 116,135907,6123.0,,2,,,127.02637149873999,37.5047428036901,,2020-12-21
44239,294199,17199428,코인테니스,,P,스포츠,P02,실내운동시설,P02A02,실내테니스장,R91139,그외 기타 스포츠시설 운영업,11,서울특별시,11680,강남구,1168052100,논현1동,1168010800,논현동,1168010800101430016,1,대지,143,16.0,서울특별시 강남구 논현동 143-16,116804166012,서울특별시 강남구 강남대로124길,3,6.0,1168010800101430016008566,호은빌딩,서울특별시 강남구 강남대로124길 3-6,135825,6114.0,,B1,,,127.02303515810699,37.509067345542796,,2020-12-07
44309,294608,17228245,헬스락,,P,스포츠,P02,실내운동시설,P02A02,실내테니스장,R91139,그외 기타 스포츠시설 운영업,11,서울특별시,11680,강남구,1168052100,논현1동,1168010800,논현동,1168010800101490008,1,대지,149,8.0,서울특별시 강남구 논현동 149-8,116804166778,서울특별시 강남구 학동로18길,30,,1168010800101490008007862,,서울특별시 강남구 학동로18길 30,135824,6115.0,,,B01,,127.02806619205201,37.510992051857706,,2020-12-22
44310,294610,17228408,강남파워점핑줄넘기전문클럽&경희대국가대표태권도,,P,스포츠,P02,실내운동시설,P02A99,기타실내운동시설,R91139,그외 기타 스포츠시설 운영업,11,서울특별시,11680,강남구,1168065000,역삼2동,1168010100,역삼동,1168010100107560013,1,대지,756,13.0,서울특별시 강남구 역삼동 756-13,116803122006,서울특별시 강남구 선릉로,325,,1168010100107560013024037,중앙빌딩,서울특별시 강남구 선릉로 325,135927,6218.0,,1,2,,127.051546936098,37.498586170542495,,2020-12-22
44351,294864,17193974,제이엠스포츠,,P,스포츠,P02,실내운동시설,P02A14,스포츠센터,R91131,종합 스포츠시설 운영업,11,서울특별시,11680,강남구,1168074000,일원2동,1168010300,개포동,1168010300100130003,1,대지,13,3.0,서울특별시 강남구 개포동 13-3,116803122001,서울특별시 강남구 개포로,623,,1168010300100130003019067,대청타워,서울특별시 강남구 개포로 623,135989,6336.0,,,301,,127.079635157872,37.494330083366705,,2020-12-07
44502,295919,17191433,골프존파크역삼,강남역점,P,스포츠,P02,실내운동시설,P02A10,실내골프연습장,R91136,골프연습장 운영업,11,서울특별시,11680,강남구,1168064000,역삼1동,1168010100,역삼동,1168010100106480000,1,대지,648,,서울특별시 강남구 역삼동 648,116804166759,서울특별시 강남구 테헤란로7길,12,,1168010100106480000023703,,서울특별시 강남구 테헤란로7길 12,135911,6133.0,,1,,,127.03096816032301,37.500005011740605,1937.0,2020-12-07
44586,296479,17216303,허브코퍼레이션,,P,스포츠,P01,운영관리시설,P01A99,기타운영설비,R91139,그외 기타 스포츠시설 운영업,11,서울특별시,11680,강남구,1168053100,논현2동,1168010800,논현동,1168010800102340009,1,대지,234,9.0,서울특별시 강남구 논현동 234-9,116803121022,서울특별시 강남구 논현로,608,,1168010800102340019008886,덕수빌딩,서울특별시 강남구 논현로 608,135830,6109.0,,7,735,,127.03390667927201,37.508057477918705,1949.0,2020-12-21
44587,296480,17216276,능쥬코퍼레이션,,P,스포츠,P01,운영관리시설,P01A99,기타운영설비,R91139,그외 기타 스포츠시설 운영업,11,서울특별시,11680,강남구,1168059000,삼성2동,1168010500,삼성동,1168010500100160002,1,대지,16,2.0,서울특별시 강남구 삼성동 16-2,116804166816,서울특별시 강남구 학동로68길,29,,1168010500100160002000001,삼성동힐스테이트1단지아파트,서울특별시 강남구 학동로68길 29,135877,6090.0,116,,2002,,127.04927804409701,37.5160844470046,,2020-12-21
44593,296531,17199647,지젤발레스튜디오,,P,스포츠,P02,실내운동시설,P02A99,기타실내운동시설,R91139,그외 기타 스포츠시설 운영업,11,서울특별시,11650,서초구,1165052000,서초2동,1165010800,서초동,1165010800113380020,1,대지,1338,20.0,서울특별시 서초구 서초동 1338-20,116502102001,서울특별시 서초구 강남대로,305,,1165010800113380020023228,현대렉시온,서울특별시 서초구 강남대로 305,137860,6628.0,,21,2101,,127.03076749095699,37.490154825093704,,2021-02-08
44601,296593,17190518,더블유큐티에프피티이엘티디,,P,스포츠,P02,실내운동시설,P02A13,헬스클럽,R91132,체력단련시설 운영업,11,서울특별시,11650,서초구,1165053000,서초3동,1165010800,서초동,1165010800114870134,1,대지,1487,134.0,서울특별시 서초구 서초동 1487-134,116503121008,서울특별시 서초구 명달로,28,,1165010800114870134021724,,서울특별시 서초구 명달로 28,137869,6713.0,,,602,,127.005897613319,37.4801717185606,,2020-12-07
44623,296810,17216299,흥골프아카데미,,P,스포츠,P02,실내운동시설,P02A10,실내골프연습장,R91136,골프연습장 운영업,11,서울특별시,11680,강남구,1168059000,삼성2동,1168010500,삼성동,1168010500101220018,1,대지,122,18.0,서울특별시 강남구 삼성동 122-18,116804166390,서울특별시 강남구 삼성로107길,23,9.0,1168010500101220018016519,,서울특별시 강남구 삼성로107길 23-9,135509,6155.0,,,301,,127.052446823351,37.510604467444104,1971.0,2020-12-21
45962,305434,17243733,이완스포츠매니지먼트,,P,스포츠,P02,실내운동시설,P02A01,체육관,R91131,종합 스포츠시설 운영업,11,서울특별시,11650,서초구,1165059000,방배본동,1165010100,방배동,1165010100107900026,1,대지,790,26.0,서울특별시 서초구 방배동 790-26,116503121011,서울특별시 서초구 방배중앙로,147,,1165010100107900026016250,방배타운하우스,서울특별시 서초구 방배중앙로 147,137830,6560.0,,,603,,126.986410783115,37.492305538458794,,2020-12-23
45963,305438,17246395,블랙포스짐,,P,스포츠,P02,실내운동시설,P02A13,헬스클럽,R91132,체력단련시설 운영업,11,서울특별시,11680,강남구,1168052100,논현1동,1168010800,논현동,1168010800101350017,1,대지,135,17.0,서울특별시 강남구 논현동 135-17,116804166781,서울특별시 강남구 학동로20길,16,,1168010800101350017007392,,서울특별시 강남구 학동로20길 16,135822,6113.0,,1,,,127.02823255127701,37.512119737146,1975.0,2020-12-23
45964,305466,17228419,클라이밍파크,한티점,P,스포츠,P03,실외운동시설,P03A25,인공암벽,R91132,체력단련시설 운영업,11,서울특별시,11680,강남구,1168063000,대치4동,1168010600,대치동,1168010600109220001,1,대지,922,1.0,서울특별시 강남구 대치동 922-1,116803122006,서울특별시 강남구 선릉로,324,,1168010600109220001013988,SH타워,서울특별시 강남구 선릉로 324,135843,6205.0,,3,,,127.05209064248899,37.4985184500709,1906.0,2020-12-22
45992,305574,17246381,짐타운,,P,스포츠,P02,실내운동시설,P02A13,헬스클럽,R91132,체력단련시설 운영업,11,서울특별시,11680,강남구,1168054500,압구정동,1168010700,신사동,1168010700106360016,1,대지,636,16.0,서울특별시 강남구 신사동 636-16,116804166600,서울특별시 강남구 언주로172길,14,,1168010700106360016009777,,서울특별시 강남구 언주로172길 14,135896,6017.0,,1,,,127.03489897148701,37.5276184338216,2054.0,2020-12-23
45993,305575,17243643,라잇바디짐,,P,스포츠,P02,실내운동시설,P02A13,헬스클럽,R91132,체력단련시설 운영업,11,서울특별시,11680,강남구,1168063000,대치4동,1168010600,대치동,1168010600109000018,1,대지,900,18.0,서울특별시 강남구 대치동 900-18,116804166654,서울특별시 강남구 역삼로65길,20,,1168010600109000018012828,,서울특별시 강남구 역삼로65길 20,135840,6197.0,,3,301,,127.052537203676,37.5025587657573,1932.0,2020-12-23
46261,307171,17246398,워너골프,,P,스포츠,P02,실내운동시설,P02A10,실내골프연습장,R91136,골프연습장 운영업,11,서울특별시,11650,서초구,1165056000,반포1동,1165010700,반포동,1165010700107010013,1,대지,701,13.0,서울특별시 서초구 반포동 701-13,116503121017,서울특별시 서초구 신반포로,310,,1165010700107010013018074,,서울특별시 서초구 신반포로 310,137808,6533.0,,1,,,127.01769907674601,37.5097259112939,,2020-12-23
46262,307172,17246404,핑골프,,P,스포츠,P02,실내운동시설,P02A10,실내골프연습장,R91136,골프연습장 운영업,11,서울특별시,11650,서초구,1165058000,반포3동,1165010600,잠원동,1165010600100700002,1,대지,70,2.0,서울특별시 서초구 잠원동 70-2,116503121019,서울특별시 서초구 잠원로,51,,1165010600100700002017536,뉴코아백화점,서울특별시 서초구 잠원로 51,137711,6511.0,,5,,,127.007423858098,37.5092345394587,,2020-12-23
46289,307341,17228440,에이블스퀘어복싱클럽,,P,스포츠,P02,실내운동시설,P02A18,킥복싱,P85611,스포츠 교육기관,11,서울특별시,11680,강남구,1168064000,역삼1동,1168010100,역삼동,1168010100107470022,1,대지,747,22.0,서울특별시 강남구 역삼동 747-22,116803121022,서울특별시 강남구 논현로,403,,1168010100107470022024823,,서울특별시 강남구 논현로 403,135925,6247.0,,2,,,127.038833421973,37.496077592053794,1910.0,2020-12-22
46291,307364,17246378,디아크골프랩,,P,스포츠,P02,실내운동시설,P02A10,실내골프연습장,R91136,골프연습장 운영업,11,서울특별시,11650,서초구,1165060000,방배1동,1165010100,방배동,1165010100109260003,1,대지,926,3.0,서울특별시 서초구 방배동 926-3,116504163255,서울특별시 서초구 방배로19길,19,,1165010100109260003015216,,서울특별시 서초구 방배로19길 19,137843,6682.0,,3,1,,126.994029676759,37.4849369644426,,2020-12-23
46301,307404,17233768,올바디골프,,P,스포츠,P02,실내운동시설,P02A10,실내골프연습장,R91136,골프연습장 운영업,11,서울특별시,11680,강남구,1168056500,청담동,1168010400,청담동,1168010400101300000,1,대지,130,,서울특별시 강남구 청담동 130,116804166688,서울특별시 강남구 영동대로142길,25,,1168010400101300000017633,청담아이파크,서울특별시 강남구 영동대로142길 25,135957,6075.0,101,1,,,127.05504483296801,37.525240377742705,,2020-12-22
46302,307405,17228295,라이언골프아카데미,,P,스포츠,P02,실내운동시설,P02A10,실내골프연습장,R91136,골프연습장 운영업,11,서울특별시,11680,강남구,1168064000,역삼1동,1168010100,역삼동,1168010100108360068,1,대지,836,68.0,서울특별시 강남구 역삼동 836-68,116804166246,서울특별시 강남구 도곡로7길,7,,1168010100108360068026926,,서울특별시 강남구 도곡로7길 7,135937,6254.0,,2,,,127.034576468411,37.491177175428206,1872.0,2020-12-22
46380,307909,17189600,서정스포츠,,P,스포츠,P02,실내운동시설,P02A14,스포츠센터,R91131,종합 스포츠시설 운영업,11,서울특별시,11680,강남구,1168053100,논현2동,1168010800,논현동,1168010800102280003,1,대지,228,3.0,서울특별시 강남구 논현동 228-3,116803121022,서울특별시 강남구 논현로,616,,1168010800102280007008668,,서울특별시 강남구 논현로 616,135830,6108.0,,4,4134,,127.033535479218,37.5087752845629,1949.0,2020-12-07
46449,308285,17182437,플레이존스포츠,,P,스포츠,P02,실내운동시설,P02A14,스포츠센터,R91131,종합 스포츠시설 운영업,11,서울특별시,11680,강남구,1168051000,신사동,1168010700,신사동,1168010700105280008,1,대지,528,8.0,서울특별시 강남구 신사동 528-8,116803122007,서울특별시 강남구 압구정로,106,,1168010700105280008010797,,서울특별시 강남구 압구정로 106,135888,6028.0,,1,,,127.02032336244801,37.5226958229931,2045.0,2020-12-07
46683,309647,17186013,아이러브스포츠,,P,스포츠,P02,실내운동시설,P02A14,스포츠센터,R91131,종합 스포츠시설 운영업,11,서울특별시,11650,서초구,1165051000,서초1동,1165010800,서초동,1165010800116040014,1,대지,1604,14.0,서울특별시 서초구 서초동 1604-14,116504163736,서울특별시 서초구 서초중앙로8길,90,,1165010800116040014024025,,서울특별시 서초구 서초중앙로8길 90,137877,6643.0,,,102,,127.020363830723,37.48670807478629,,2020-12-07
47370,313767,17452770,스포츠재활재활PT운동진정성,,P,스포츠,P02,실내운동시설,P02A01,체육관,R91131,종합 스포츠시설 운영업,11,서울특별시,11650,서초구,1165062100,방배4동,1165010100,방배동,1165010100108780014,1,대지,878,14.0,서울특별시 서초구 방배동 878-14,116504163401,서울특별시 서초구 서초대로33길,29,,1165010100108780014010220,,서울특별시 서초구 서초대로33길 29,137840,6588.0,,,201,,126.996066157523,37.489919097406705,,2021-02-04
47472,314386,17452889,스튜디오베이스,,P,스포츠,P02,실내운동시설,P02A01,체육관,R91131,종합 스포츠시설 운영업,11,서울특별시,11680,강남구,1168065600,도곡2동,1168011800,도곡동,1168011800104670024,1,대지,467,24.0,서울특별시 강남구 도곡동 467-24,116803005086,서울특별시 강남구 언주로,118,,1168011800104670024001326,우성캐릭터199,서울특별시 강남구 언주로 118,135555,6295.0,,22,14,,127.051841563354,37.486910828653606,,2021-02-04
47493,314555,17452808,스포원테니스장,,P,스포츠,P02,실내운동시설,P02A99,기타실내운동시설,R91139,그외 기타 스포츠시설 운영업,11,서울특별시,11650,서초구,1165061000,방배2동,1165010100,방배동,1165010100104210023,1,대지,421,23.0,서울특별시 서초구 방배동 421-23,116504163295,서울특별시 서초구 방배천로24길,11,,1165010100104210023000001,명림빌딩,서울특별시 서초구 방배천로24길 11,137817,6675.0,,1,,,126.984112521268,37.4849872642644,,2021-02-04
