,gid,acci_cnt,lm_nb.step
0,다사584438,0.0,0.601263683670672
1,다사583441,0.5,0.332130390003666
2,다사580448,0.0,0.236570166418379
3,다사591477,0.0,0.210703993196931
4,다사590447,0.5,0.156494827624457
5,다사575464,0.5,0.150198918355497
6,다사568455,0.0,0.12006513468092
7,다사607455,0.0,0.112836513720808
8,다사578453,0.5,0.110502854381051
9,다사594430,0.0,0.107617721705993
10,다사608468,1.0,0.101312388000304
11,다사598429,0.0,0.0979863885725167
12,다사580413,0.0,0.0928295792210367
13,다사595463,0.5,0.0899526943938091
14,다사545441,0.0,0.0862015900483734
15,다사562459,0.0,0.083215889648204
16,다사597472,0.0,0.0827020381487294
17,다사576450,0.0,0.080125548265427
18,다사580407,0.0,0.079188475683805
19,다사554425,0.0,0.0775884018890196
20,다사579451,0.0,0.0767568662990994
21,다사610438,0.0,0.0728419215785076
22,다사585436,0.0,0.0689831435332746
23,다사542430,0.0,0.0680426691879913
24,다사580447,0.5,0.0656348745192583
25,다사551454,0.0,0.0652096145261127
26,다사598420,0.0,0.0636659268868139
27,다사580441,0.0,0.0631782347692071
28,다사585477,0.0,0.0625180953283594
29,다사592441,0.5,0.0615313780380519
30,다사597422,0.0,0.0605513395312806
31,다사556458,0.0,0.0552289222334537
32,다사583440,0.0,0.0515029491444099
33,다사548448,0.0,0.0491840121617185
34,다사583476,0.0,0.0486200864142021
35,다사541420,0.0,0.0465298657827008
36,다사549438,0.0,0.0454791511925882
37,다사568449,0.0,0.0439172096838601
38,다사542436,0.0,0.0422455464121366
39,다사647407,0.0,0.0422442424196763
40,다사577408,0.0,0.041846567364878
41,다사579453,0.0,0.041608560215661
42,다사585445,0.0,0.0408122908264897
43,다사592422,0.0,0.0396565737914514
44,다사598415,0.0,0.0393566411004222
45,다사566437,0.0,0.0385346145293086
46,다사608469,0.0,0.0381169150325833
47,다사556425,0.0,0.0375271240524233
48,다사594412,0.0,0.0364911096261648
49,다사566459,0.0,0.0355577958001969
50,다사584463,0.0,0.0349803931245173
51,다사555426,0.0,0.0348673900178179
52,다사602449,0.0,0.0331847208350303
53,다사546437,0.0,0.0330520278499343
54,다사542439,0.0,0.0329797034356435
55,다사589402,0.0,0.0329370143895626
56,다사590448,0.5,0.0326521212545717
57,다사601451,0.0,0.0325608193512446
58,다사545439,0.0,0.032489587127631
59,다사649431,0.0,0.0324518467624317
60,다사542433,0.0,0.0321879344797936
61,다사578456,0.0,0.031704066414472
62,다사581467,0.0,0.0303664410908523
63,다사595426,0.0,0.0301466155768134
64,다사585434,0.0,0.0294074927812068
65,다사611439,0.0,0.0293276064483442
66,다사594465,0.0,0.0292612148760388
67,다사593477,0.0,0.0284085291959288
68,다사610454,0.0,0.0279133084675232
69,다사635435,0.0,0.0275296239754805
70,다사586432,0.0,0.027457115085531
71,다사576458,0.0,0.026936736200307
72,다사572469,0.0,0.0268219808995246
73,다사569461,0.0,0.0266705423657391
74,다사579443,0.0,0.0265516869945627
75,다사576460,0.0,0.0262445993467134
76,다사581447,0.0,0.0256536993696004
77,다사560448,0.0,0.0255091845152551
78,다사578454,0.0,0.0254045391878434
79,다사589463,0.0,0.0251751593277736
80,다사652414,0.0,0.0250375286651501
81,다사590446,0.0,0.0249777395492437
82,다사616457,0.0,0.0247467887364336
83,다사604467,0.0,0.0243939636706993
84,다사607387,0.0,0.0239019500616301
85,다사588429,0.0,0.0238831228746737
86,다사629436,0.0,0.0236591636660186
87,다사547442,0.0,0.0236133558613301
88,다사568448,0.0,0.0234359797944853
89,다사601450,0.5,0.023223623610206
90,다사542420,0.0,0.0231388649401815
91,다사628438,0.0,0.0225329480027588
92,다사635436,0.0,0.0219623831809886
93,다사583475,0.0,0.0217917474725943
94,다사609429,0.0,0.0217358599236036
95,다사586418,0.0,0.0214206444550958
96,다사611462,0.0,0.0212683404169222
97,다사600452,0.0,0.0210637207701495
98,다사570468,0.0,0.0208898530012002
99,다사591464,0.0,0.0206860428032732
100,다사549448,0.0,0.0204765246140602
101,다사588478,0.0,0.020436240600382
102,다사592412,0.0,0.0203289878807336
103,다사571429,0.0,0.020133927595455
104,다사593471,0.0,0.0201182444590131
105,다사586435,0.0,0.0200386031997313
106,다사557457,0.0,0.020015153427743
107,다사618434,0.0,0.0197046510536527
108,다사575461,0.0,0.0195528962454681
109,다사568438,0.0,0.0193782378507345
110,다사601468,0.0,0.0193294630087266
111,다사597420,0.0,0.0193157202963497
112,다사648431,0.0,0.0193036002497758
113,다사573430,0.0,0.0191411621911428
114,다사599419,0.0,0.0189111719189896
115,다사581437,0.0,0.0188558076266332
116,다사590426,0.0,0.0186784383579657
117,다사577456,0.0,0.0186279503285686
118,다사614462,0.0,0.0184528973149869
119,다사544446,0.0,0.0184039913762298
120,다사571468,0.0,0.0183186042252089
121,다사615452,0.0,0.0182037280244746
122,다사579473,0.0,0.0179035702722712
123,다사543421,0.0,0.0177095088163418
124,다사641409,0.0,0.0175504621385685
125,다사556457,0.0,0.0172726824174612
126,다사546444,0.0,0.0171124391768685
127,다사591421,0.0,0.017067339502204
128,다사544445,0.0,0.0169760070865033
129,다사578473,0.0,0.0168644209929553
130,다사597421,0.0,0.0167661923430575
131,다사579448,0.0,0.0165880461996648
132,다사595407,0.0,0.0164653156982277
133,다사568446,0.0,0.0164464225185734
134,다사607471,0.0,0.0162667586718837
135,다사616463,0.0,0.0161552633226662
136,다사624437,0.0,0.0160080688125339
137,다사572472,0.0,0.0160076952247904
138,다사609419,0.0,0.0159995689555155
139,다사561452,0.0,0.0159936190268667
140,다사575458,0.0,0.015681954860826
141,다사597444,0.0,0.0156327927130423
142,다사604473,0.0,0.0156276959608662
143,다사563460,0.0,0.0153385276542323
144,다사591471,0.0,0.0152656824260319
145,다사567438,0.0,0.0152293070479877
146,다사552424,0.0,0.0151851626754966
147,다사583466,0.0,0.015155292948868
148,다사622436,0.0,0.0151508730531819
149,다사578444,0.0,0.015006959360626
150,다사592437,0.0,0.0149089518415172
151,다사588410,0.0,0.0148535360469798
152,다사654417,0.0,0.0146835146655906
153,다사554427,0.0,0.0146620430113353
154,다사545432,0.0,0.0143184623320942
155,다사569442,0.0,0.0140835592059284
156,다사605460,0.0,0.0137786601543955
157,다사556446,0.0,0.013764287067014
158,다사587435,0.0,0.0136735693096642
159,다사596457,0.0,0.0136116736136456
160,다사602467,0.0,0.0135864993902689
161,다사606457,0.0,0.0134916917311974
162,다사593473,0.0,0.0134614172585847
163,다사546436,0.0,0.013443113241771
164,다사556460,0.0,0.0134334165554171
165,다사548431,0.0,0.0134290066650892
166,다사617457,0.0,0.0132391952051607
167,다사584428,0.0,0.0130986098957697
168,다사623433,0.0,0.013096812773692
169,다사545430,0.0,0.0130889922307411
170,다사564461,0.0,0.0130188488764021
171,다사573447,0.0,0.0129688536482123
172,다사598441,0.0,0.0128577401391841
173,다사586434,0.5,0.0127121446428585
174,다사574470,0.0,0.0126820765980107
175,다사575402,0.0,0.0125980235294676
176,다사653416,0.0,0.0125970329849544
177,다사631431,0.0,0.0124998837648341
178,다사585414,0.0,0.0124777575597509
179,다사554448,0.0,0.012430082783727
180,다사588452,0.0,0.0123646419609984
181,다사597427,0.0,0.0123328508417033
182,다사601449,0.0,0.012318370162601
183,다사613445,0.5,0.0122904253574174
184,다사646433,0.0,0.011964769913696
185,다사567465,0.0,0.0119526801749681
186,다사595428,0.0,0.0119276580065484
187,다사599422,0.0,0.0117743124349272
188,다사553450,0.0,0.0117675853187899
189,다사570463,0.0,0.011739569513884
190,다사582415,0.0,0.0117305580453393
191,다사574463,0.0,0.0116819875614313
192,다사607436,0.0,0.0116814808862229
193,다사599439,0.0,0.0116793683512553
194,다사587429,0.0,0.0116714076510101
195,다사581448,0.5,0.0116668646887243
196,다사650426,0.0,0.011634171655967
197,다사592421,0.0,0.0116139395605077
198,다사553430,0.0,0.0115658409841178
199,다사635437,0.0,0.0114237893798085
200,다사555459,0.0,0.0114119179669823
201,다사595438,0.0,0.0112877940504964
202,다사604452,0.0,0.0111977949230591
203,다사564437,0.0,0.0111584899598557
204,다사641428,0.0,0.0110302400880342
205,다사603432,0.0,0.0110196786964689
206,다사597428,0.0,0.0109992626594204
207,다사615451,0.0,0.0109660135167639
208,다사601422,0.0,0.0109358992773053
209,다사562436,0.0,0.0109091416825971
210,다사602466,0.0,0.0108259802244341
211,다사610462,0.0,0.0108153496470306
212,다사595451,0.0,0.0107856852433142
213,다사608459,0.0,0.0107686965170228
214,다사561456,0.0,0.0107486660013037
215,다사545449,0.0,0.0107267998334512
216,다사610397,0.0,0.0106596266439888
217,다사612443,0.0,0.0106317242748979
218,다사589427,0.0,0.0106253921635777
219,다사570433,0.0,0.0105778449978907
220,다사561448,0.0,0.0105764971401086
221,다사582433,0.0,0.0105696340999555
222,다사577458,0.0,0.01050088932483
223,다사589470,0.0,0.0104269737106468
224,다사600449,0.0,0.0104244284571914
225,다사594464,0.0,0.0104233168830306
226,다사651418,0.0,0.010396426799169
227,다사605425,0.0,0.0103451240084583
228,다사570435,0.0,0.0103229944203188
229,다사616456,0.0,0.0103033722371478
230,다사570439,0.0,0.0102773593527396
231,다사570464,0.0,0.0102672251669967
232,다사553449,0.0,0.0102536195718477
233,다사587462,0.5,0.0102349762655386
234,다사575471,0.0,0.0101815893086121
235,다사587455,0.0,0.0101597555988921
236,다사609457,0.0,0.0101426237199809
237,다사604443,0.0,0.0100629105134351
238,다사618444,0.0,0.0100394782986495
239,다사613439,0.0,0.0100274756005143
240,다사585468,0.0,0.00999412510960687
241,다사552432,0.0,0.00991877072949307
242,다사559418,0.0,0.00991560540424414
243,다사568428,0.0,0.00991359795876946
244,다사571466,0.0,0.00989155467734459
245,다사580451,0.0,0.00983662664520714
246,다사596446,0.0,0.00977286312426658
247,다사600417,0.0,0.00974685078358417
248,다사605431,0.0,0.00972809240673733
249,다사569432,0.0,0.00968608971337415
250,다사589405,0.0,0.00968374521365147
251,다사611461,0.0,0.00961054551137509
252,다사542422,0.0,0.00960691907150227
253,다사607453,0.0,0.00958157052915512
254,다사617447,0.0,0.00941062187933732
255,다사613456,0.0,0.00936332247163603
256,다사592416,0.0,0.00934539183202814
257,다사575463,0.0,0.00931460786806452
258,다사648432,0.5,0.00929133342439491
259,다사595420,0.0,0.00925403477243745
260,다사593456,0.0,0.00918778371923899
261,다사584434,0.0,0.00907340981167011
262,다사653407,0.0,0.00906946868477356
263,다사577447,0.0,0.00906805933143544
264,다사594419,0.0,0.00906670411243008
265,다사567451,0.0,0.00901473017669174
266,다사583468,0.0,0.00900673905753613
267,다사565454,0.0,0.00897358991319781
268,다사616459,0.0,0.00896613586790656
269,다사586431,0.0,0.0089482034290062
270,다사637405,0.0,0.00893687232532956
271,다사590420,0.0,0.00892305653990284
272,다사560455,0.0,0.00891491412013625
273,다사579474,0.0,0.00887459722035804
274,다사608453,0.0,0.00884499371350961
275,다사616434,0.0,0.00880645141862867
276,다사606474,0.0,0.00880049779532324
277,다사565437,0.0,0.00878167790112725
278,다사581444,0.5,0.00877548400229012
279,다사576461,0.0,0.00875436734458207
280,다사569444,0.0,0.00873651350075947
281,다사583472,0.0,0.00869090258756677
282,다사567462,0.0,0.00863681281860449
283,다사610398,0.0,0.00862862556750306
284,다사646415,0.0,0.0085973004943354
285,다사607470,0.0,0.00856993132094932
286,다사626439,0.0,0.00856898745450153
287,다사562435,0.0,0.0085641417692487
288,다사572463,0.0,0.00854193236012913
289,다사616462,0.0,0.00853018520072713
290,다사600451,0.0,0.00850523611217243
291,다사588417,0.0,0.00842902980427557
292,다사600472,0.0,0.00842441271324742
293,다사658421,0.0,0.00839518121400268
294,다사609449,0.0,0.00836492846196365
295,다사655420,0.0,0.00833863633675449
296,다사570429,0.0,0.00830289531879917
297,다사576435,0.0,0.00830177566015065
298,다사617430,0.0,0.00829261501296449
299,다사558452,0.0,0.00829150762744276
300,다사558420,0.0,0.00824111921130023
301,다사574430,0.0,0.00817439139463254
302,다사601417,0.0,0.00812494190679179
303,다사593469,0.0,0.00812441016892474
304,다사605474,0.0,0.00810022220920206
305,다사619442,0.0,0.00806288220645011
306,다사606389,0.0,0.00804139332801849
307,다사632427,0.0,0.00797412304144425
308,다사587470,0.0,0.00793832902520115
309,다사546447,0.0,0.00792932099723756
310,다사617446,0.0,0.00791315253652892
311,다사589460,0.0,0.0078284478192689
312,다사564458,0.0,0.00782515666999456
313,다사611395,0.0,0.00779066446022656
314,다사561427,0.0,0.00778690134828105
315,다사594429,0.0,0.00777067044287527
316,다사552452,0.0,0.00769119984003844
317,다사593474,0.0,0.00761958403811977
318,다사561446,0.0,0.00760335060578534
319,다사648433,0.0,0.00759008060374727
320,다사581432,0.0,0.00757565143275089
321,다사616433,0.0,0.00755488116564826
322,다사573469,0.0,0.00754656677093585
323,다사596424,0.0,0.0075168210904452
324,다사552439,0.0,0.00750970061891231
325,다사583470,0.0,0.00745555122406156
326,다사594477,0.0,0.00739613478554862
327,다사592477,0.0,0.00738246920389765
328,다사610443,0.0,0.00738207973797058
329,다사581445,0.0,0.00736770432915653
330,다사617463,0.0,0.00735830115773591
331,다사568464,0.0,0.00735251871837701
332,다사593440,0.0,0.00730749376883245
333,다사606442,0.0,0.007304426373351
334,다사639425,0.0,0.00730033236997688
335,다사578465,0.0,0.00728181644767793
336,다사603447,0.0,0.00725280125795182
337,다사589478,0.0,0.00723843412983447
338,다사553451,0.0,0.00721598174220823
339,다사580480,0.0,0.0072122413182746
340,다사587431,0.0,0.00720532120292629
341,다사593476,0.0,0.00720321641225774
342,다사589426,0.5,0.00719761466450166
343,다사606436,0.0,0.00718014189273748
344,다사604418,0.0,0.00716337676663543
345,다사602473,0.0,0.00715920534222586
346,다사591455,0.0,0.00712652987948661
347,다사566451,0.0,0.00712016365071819
348,다사604390,0.0,0.00708992187938344
349,다사584439,0.0,0.00707759815524533
350,다사559452,0.0,0.00706483597257809
351,다사572429,0.0,0.00702793267339263
352,다사607476,0.0,0.00699123669392457
353,다사542427,0.0,0.00698855989729239
354,다사610396,0.0,0.00697877044136665
355,다사569424,0.0,0.00695763388752108
356,다사617454,0.0,0.00695370111276204
357,다사556451,0.0,0.00694596220273291
358,다사555446,0.0,0.00692619508682958
359,다사592472,0.0,0.00692470784766732
360,다사606471,0.0,0.00691269799507101
361,다사640428,0.0,0.0068816115471345
362,다사604462,0.0,0.00687644620839474
363,다사586443,0.0,0.00686699540629901
364,다사603464,0.5,0.00686241523401698
365,다사642407,0.0,0.00684405690592027
366,다사600471,0.0,0.00680756492689954
367,다사591417,0.0,0.00680502957844371
368,다사587454,0.0,0.00679459705656004
369,다사571433,0.0,0.00679016192711297
370,다사600466,0.0,0.00677633475561508
371,다사606426,0.0,0.00677019388210161
372,다사617460,0.0,0.0067632986187531
373,다사647431,0.0,0.00669641279150766
374,다사594436,0.0,0.00669402993489919
375,다사592417,0.0,0.00669364497247411
376,다사580445,0.0,0.00668074170789007
377,다사598430,0.0,0.00667836810399897
378,다사589466,0.0,0.00665980929395269
379,다사550435,0.0,0.00665541580200152
380,다사612450,0.0,0.006631305967644
381,다사544432,0.0,0.00663042395018136
382,다사568447,0.0,0.00661755091961791
383,다사563422,0.0,0.00660658744597122
384,다사587474,0.0,0.00660357812208501
385,다사619441,0.0,0.00660021215760039
386,다사586441,0.0,0.00658554732742696
387,다사596408,0.0,0.00657482419749935
388,다사545450,0.0,0.00654957201899091
389,다사617455,0.0,0.00654184233384938
390,다사591456,0.0,0.00654063729256256
391,다사584429,0.0,0.00652633007689766
392,다사563436,0.0,0.00650982217894701
393,다사572434,0.0,0.00649465612642406
394,다사593411,0.0,0.00649372890326479
395,다사615423,0.0,0.00648599263212663
396,다사634441,0.0,0.00647479256108269
397,다사543443,0.0,0.00646647312159909
398,다사595472,0.0,0.00645887815782672
399,다사608454,0.5,0.00645663655371172
400,다사587411,0.0,0.00639527949417121
401,다사625438,0.0,0.00635948265525218
402,다사556442,0.0,0.00635250633262494
403,다사589455,0.5,0.00635004019605991
404,다사625444,0.0,0.00634573549689916
405,다사589419,0.0,0.00634356061111191
406,다사590471,0.0,0.00633767444412546
407,다사576442,0.0,0.00632501405945776
408,다사596471,0.0,0.00632351174989832
409,다사604442,0.0,0.00629298837089838
410,다사594451,0.0,0.00629115277976558
411,다사578466,0.0,0.00628885042478359
412,다사582410,0.0,0.00628518773014622
413,다사547422,0.0,0.00625733417095998
414,다사642415,0.0,0.00623002815152934
415,다사634430,0.0,0.00622348749115871
416,다사595423,0.0,0.00620908096572005
417,다사541424,0.0,0.00619753699214722
418,다사593470,0.0,0.00615153604695443
419,다사608388,0.0,0.00613522980106051
420,다사588485,0.0,0.0060823142854165
421,다사568467,0.0,0.00607504867470477
422,다사542423,0.0,0.00602786111644484
423,다사558451,0.0,0.0060118173724736
424,다사592413,0.0,0.00599500266958531
425,다사573472,0.0,0.00599422830529976
426,다사628426,0.0,0.00599416437935694
427,다사610394,0.0,0.00598439818107511
428,다사593447,0.0,0.00597870581120219
429,다사566438,0.0,0.00597778351672763
430,다사599466,0.0,0.00597322120407841
431,다사605390,0.0,0.0059595993650485
432,다사604463,0.0,0.00593407323160275
433,다사569441,0.5,0.0059260638054285
434,다사624430,0.0,0.00591370016175125
435,다사571448,0.0,0.00590337724915431
436,다사658422,0.0,0.00588904140403385
437,다사541421,0.0,0.0058423093488611
438,다사636425,0.0,0.00583178118487752
439,다사583431,0.0,0.00582662404380921
440,다사577472,0.0,0.00582361676968367
441,다사612438,0.0,0.00582336922859791
442,다사602414,0.0,0.00582002734768927
443,다사646416,0.0,0.00580750474852411
444,다사576431,0.0,0.00579637402799739
445,다사552454,0.0,0.00579054535751438
446,다사653406,0.0,0.00578570032572203
447,다사598405,0.0,0.00578416316997078
448,다사584464,0.0,0.00575724000763851
449,다사622443,0.0,0.00575698427908676
450,다사595449,0.0,0.0057491112410715
451,다사641426,0.0,0.00574253436614957
452,다사562427,0.0,0.00571675359245276
453,다사577427,0.0,0.00571211398823995
454,다사594438,0.0,0.00570044600000296
455,다사579442,0.0,0.00568242624806454
456,다사634439,0.0,0.00568176718433434
457,다사583430,0.0,0.00566857116832611
458,다사561431,0.0,0.00566334053938539
459,다사590455,0.0,0.00565832711308829
460,다사612462,0.0,0.00565550581764889
461,다사600440,0.0,0.00564539320162267
462,다사607388,0.0,0.00563392271447775
463,다사596425,0.0,0.00562495888368111
464,다사603394,0.0,0.00561248010962211
465,다사595480,0.0,0.00560356506769315
466,다사652416,0.0,0.0055944895909543
467,다사605392,0.0,0.00559271470854757
468,다사574471,0.5,0.00556960756017417
469,다사607454,0.0,0.00556456954871033
470,다사614455,0.0,0.00552492177338917
471,다사592471,0.0,0.00551413934187388
472,다사599429,0.0,0.00550879092397915
473,다사605391,0.0,0.00549624414324697
474,다사550444,0.0,0.00548857541515156
475,다사594472,0.0,0.00547761402501023
476,다사585417,0.0,0.00547138162462018
477,다사586439,0.0,0.0054541668989157
478,다사557456,0.0,0.00545340093502461
479,다사551435,0.0,0.00543648807354143
480,다사563421,0.0,0.00543444631941028
481,다사563461,0.0,0.00543164928381073
482,다사581441,0.0,0.00542835583087453
483,다사630433,0.0,0.00542323474717501
484,다사580481,0.0,0.00539466436849073
485,다사651426,0.0,0.00539037003828351
486,다사613396,0.0,0.00538312268779802
487,다사618447,0.0,0.00538198930140983
488,다사640410,0.0,0.00537401278801003
489,다사584469,0.0,0.00537385405905767
490,다사604434,0.0,0.0053726789944018
491,다사593419,0.0,0.00536524209673913
492,다사586453,0.0,0.00536420386460387
493,다사630434,0.0,0.00534659077092399
494,다사555445,0.0,0.00533626437650439
495,다사595461,0.0,0.00533476824286006
496,다사592464,0.0,0.00533086009745382
497,다사583411,0.0,0.00533029809312735
498,다사600416,0.0,0.00531994151079969
499,다사661417,0.0,0.00531230501143138
500,다사598449,0.0,0.00529148533760795
501,다사600473,0.0,0.00528617329467475
502,다사607461,0.0,0.00527730724705806
503,다사573426,0.0,0.00527723347820671
504,다사607434,0.0,0.00527590516213675
505,다사606388,0.0,0.00527404191098366
506,다사651430,0.0,0.00527229636186362
507,다사599458,0.0,0.0052594760490889
508,다사556441,0.0,0.00525453734603941
509,다사575474,0.0,0.00523109957095253
510,다사569449,0.0,0.00523015616803949
511,다사590478,0.0,0.00520398912321607
512,다사588469,0.0,0.00520108572870653
513,다사602459,0.0,0.0052009825267948
514,다사585461,0.0,0.00519368302744805
515,다사645438,0.0,0.00518056955294622
516,다사608471,0.0,0.00517812307542735
517,다사650427,0.0,0.00516445400034896
518,다사629445,0.0,0.00516445400034896
519,다사578405,0.0,0.0051602549473277
520,다사609456,0.0,0.00515574439887914
521,다사583477,0.0,0.00515543896647875
522,다사579480,0.0,0.00514917539094014
523,다사542424,0.0,0.00513481947459142
524,다사589484,0.0,0.00512906722438313
525,다사595408,0.0,0.00512887091141429
526,다사591422,0.0,0.00512157609726513
527,다사570431,0.0,0.00511653697249934
528,다사641427,0.0,0.00511578595918755
529,다사555452,0.0,0.00511389330382005
530,다사546410,0.0,0.00510760779900232
531,다사566431,0.0,0.00508641003470681
532,다사564421,0.0,0.00507996763227928
533,다사604427,0.0,0.00505747346785417
534,다사588470,0.0,0.00505740356679056
535,다사613455,0.0,0.0050352867018201
536,다사566464,0.0,0.00503160285105181
537,다사595464,0.0,0.00502267875588446
538,다사650418,0.0,0.00501192248338428
539,다사615462,0.0,0.00497927614396179
540,다사559451,0.0,0.0049415024879359
541,다사577473,0.0,0.00493936913512241
542,다사575449,0.0,0.0049366279006214
543,다사609437,0.0,0.00493454849930508
544,다사611445,0.0,0.00490496034003346
545,다사569457,0.0,0.00489906398075478
546,다사633441,0.0,0.00488902237827624
547,다사581408,0.0,0.00488074453282926
548,다사611426,0.0,0.00485003480462566
549,다사608452,0.0,0.00484919595146965
550,다사652419,0.0,0.00484492863857633
551,다사554433,0.0,0.00483034960526521
552,다사643415,0.0,0.00481839413969035
553,다사550428,0.0,0.00480624340184393
554,다사646431,0.0,0.00479988827233348
555,다사613450,0.0,0.00479454540089511
556,다사583432,0.0,0.00477939635272629
557,다사591414,0.0,0.00477860392591392
558,다사598458,0.0,0.00477373809987548
559,다사610449,0.0,0.00475620240746348
560,다사631430,0.0,0.00475361100633283
561,다사541427,0.0,0.00475343336553135
562,다사560457,0.0,0.00474639683797861
563,다사554452,0.0,0.00474513580633396
564,다사613441,0.0,0.00472722169674389
565,다사608431,0.0,0.00471190208890274
566,다사598419,0.0,0.00471182907142553
567,다사545442,0.0,0.00469166912849948
568,다사588436,0.0,0.00468978064511068
569,다사594437,0.0,0.00468423123073365
570,다사545446,0.0,0.00468079285063145
571,다사542425,0.0,0.00466691805108946
572,다사616441,0.0,0.00466605533089181
573,다사550436,0.0,0.00465696182841006
574,다사618436,0.0,0.00464684135830761
575,다사604447,0.0,0.00463971106815166
576,다사612435,0.0,0.00462236483696144
577,다사587471,0.5,0.00460822140855402
578,다사548422,0.0,0.00460628767722176
579,다사612444,0.5,0.00458494268469641
580,다사596417,0.0,0.00457165712112162
581,다사609468,0.0,0.00455484036745005
582,다사543422,0.0,0.00455224972827848
583,다사563440,0.0,0.00455171282208374
584,다사592419,0.0,0.0045330847941501
585,다사578472,0.0,0.00453006588061266
586,다사600458,0.0,0.00452780903596609
587,다사604433,0.0,0.0045209363397573
588,다사584417,0.0,0.00451133341767449
589,다사565435,0.0,0.004503831312387
590,다사566433,0.0,0.00447750147876201
591,다사648416,0.0,0.00447429455741999
592,다사573471,0.0,0.00446411124831077
593,다사559426,0.0,0.00446181106892393
594,다사578459,0.0,0.00445608265367896
595,다사608384,0.0,0.00444941867523607
596,다사571469,0.0,0.0044478195849166
597,다사566454,0.0,0.00444769295901094
598,다사581475,0.0,0.00442493844202983
599,다사586413,0.0,0.00442197744331902
600,다사589440,0.0,0.00441420546273941
601,다사612458,0.0,0.00440296902630587
602,다사605419,0.0,0.00439512260745669
603,다사612395,0.0,0.00437049709557087
604,다사608385,0.0,0.00436468516871348
605,다사599445,0.0,0.00435418026454042
606,다사617434,0.0,0.00434099700032076
607,다사569463,0.0,0.00433861683310319
608,다사607386,0.0,0.00433508370865802
609,다사590418,0.0,0.00432808064953303
610,다사588454,0.0,0.00432399212711671
611,다사598439,0.0,0.00431368312030595
612,다사557422,0.0,0.00431154015741572
613,다사662408,0.0,0.0043035782046183
614,다사601459,0.0,0.00429877724504968
615,다사616452,0.0,0.0042899740029187
616,다사592463,0.0,0.00428395023669246
617,다사584416,0.0,0.00427636214115769
618,다사653419,0.0,0.00427118830594277
619,다사586458,0.0,0.00426604812731865
620,다사578401,0.0,0.00425906811105121
621,다사594418,0.0,0.00425313495183427
622,다사648407,0.0,0.00425006131466532
623,다사591441,0.0,0.00424477455202633
624,다사570465,0.0,0.00423842353576622
625,다사664412,0.0,0.00423587857847269
626,다사612459,0.0,0.0042187610455513
627,다사596444,0.0,0.00421846053789502
628,다사601403,0.0,0.00420915881451084
629,다사602446,0.0,0.00419944443141922
630,다사616451,0.0,0.00419912173472148
631,다사591418,0.0,0.00418683152704803
632,다사556424,0.0,0.00418578970179885
633,다사592415,0.0,0.00418079343521432
634,다사582443,0.0,0.00418046808118265
635,다사592455,0.0,0.00416510642428764
636,다사587439,0.0,0.00414152712305935
637,다사613440,0.0,0.00413675718042932
638,다사548439,0.0,0.00413419586054454
639,다사639413,0.0,0.00413061504609968
640,다사609444,0.0,0.00412546811173544
641,다사578404,0.0,0.00412262712220406
642,다사571398,0.0,0.00411519335992505
643,다사595462,0.0,0.00411486571970736
644,다사595425,0.0,0.0041129961771144
645,다사628445,0.0,0.00410601791521657
646,다사598475,0.0,0.00409178752373688
647,다사613424,0.0,0.00408827197581942
648,다사613376,0.0,0.00408805301592584
649,다사582467,0.0,0.00408458790562433
650,다사578445,0.0,0.00407726041601503
651,다사659420,0.0,0.00407338899392493
652,다사565462,0.0,0.00405957360998538
653,다사589449,0.0,0.00404433999613512
654,다사634438,0.0,0.0040413241796758
655,다사615396,0.0,0.00404040849711636
656,다사541425,0.0,0.0040035843180482
657,다사631429,0.0,0.00398721542775938
658,다사610461,0.0,0.00398602572646996
659,다사593437,0.0,0.0039856358387231
660,다사595413,0.0,0.0039775426780744
661,다사556450,0.0,0.00397034834480906
662,다사614451,0.0,0.00396735114020276
663,다사598450,0.0,0.00396426468998607
664,다사617452,0.0,0.00396177246405198
665,다사590412,0.0,0.00396001924576706
666,다사561449,0.0,0.00395040267881134
667,다사613432,0.0,0.00394176963223655
668,다사607448,0.0,0.00393954304409278
669,다사573427,0.0,0.00393901613495868
670,다사620435,0.0,0.00393558007666724
671,다사572471,0.0,0.00393118151838361
672,다사620442,0.0,0.0039138526743547
673,다사563441,0.0,0.00391348978503124
674,다사577405,0.0,0.00390905638094141
675,다사587476,0.0,0.00390800998196447
676,다사561445,0.0,0.00390745493876701
677,다사585444,0.0,0.00390152366625404
678,다사610419,0.0,0.00389896336216118
679,다사561436,0.0,0.00388949506418
680,다사560453,0.0,0.00388787389253119
681,다사609461,0.0,0.00388044198834663
682,다사548452,0.0,0.00387580969193781
683,다사628427,0.0,0.00386582557175823
684,다사608391,0.0,0.00385952679262191
685,다사603444,0.0,0.00385819016676219
686,다사604430,0.0,0.00385346370541343
687,다사610428,0.0,0.00384863752408336
688,다사573440,0.5,0.00382672207709555
689,다사603446,0.0,0.00381749645942348
690,다사614422,0.0,0.00380985695918638
691,다사634427,0.0,0.00380695571184403
692,다사590458,0.0,0.00380665884186763
693,다사653417,0.0,0.00380530839308843
694,다사602395,0.0,0.00380520156936094
695,다사587478,0.0,0.00380351275863579
696,다사596460,0.0,0.00379145512782128
697,다사628401,0.0,0.00377748634683701
698,다사562456,0.0,0.0037692594870683
699,다사614440,0.0,0.00376290086346276
700,다사561453,0.0,0.00375758058953325
701,다사608448,0.0,0.00374816294606458
702,다사633403,0.0,0.00374725408731545
703,다사587445,0.0,0.00374612172814858
704,다사567431,0.0,0.00374337329445468
705,다사610444,0.0,0.00372734076941695
706,다사607474,0.0,0.00372698108718451
707,다사581433,0.0,0.00370732520196476
708,다사597457,0.0,0.00370685069664035
709,다사547443,0.0,0.00370572085659835
710,다사582434,0.0,0.00368526056594507
711,다사626438,0.0,0.00368145427666543
712,다사546449,0.0,0.00366618672723049
713,다사601446,0.0,0.00366359579526097
714,다사647432,0.0,0.00365372807989437
715,다사551424,0.0,0.00364461119640647
716,다사647409,0.0,0.00364280615617918
717,다사571431,0.0,0.00363185858049925
718,다사565463,0.0,0.00362849148099417
719,다사572447,0.0,0.00362652599592063
720,다사561434,0.0,0.00362612334262145
721,다사596443,0.0,0.00360600035176691
722,다사595448,0.0,0.00360249765459998
723,다사606435,0.0,0.00360177057088506
724,다사598455,0.0,0.00359206937872427
725,다사608428,0.0,0.00359092719114804
726,다사560456,0.0,0.0035839357227495
727,다사653411,0.0,0.00358167389580879
728,다사608467,0.0,0.00357106976392697
729,다사574446,0.0,0.00357044200292857
730,다사567428,0.0,0.00356631964576079
731,다사570449,0.0,0.00355567445449324
732,다사608427,0.0,0.00355287735538149
733,다사615436,0.0,0.00354004790514949
734,다사574434,0.0,0.00353590154258261
735,다사563439,0.0,0.00353100246157124
736,다사650430,0.0,0.00352809803479475
737,다사603459,0.0,0.00351650881250841
738,다사650431,0.0,0.00350927584109833
739,다사598403,0.0,0.00349820205830329
740,다사551444,0.0,0.00349583570610459
741,다사589450,0.0,0.00349572863806042
742,다사568445,0.0,0.0034944074937182
743,다사610447,0.0,0.00349114343695859
744,다사605440,0.0,0.00347755887356843
745,다사542429,0.0,0.00347080466331858
746,다사576441,0.0,0.00345829155326875
747,다사603477,0.0,0.00345120414651503
748,다사599454,0.0,0.00345070428704316
749,다사563435,0.0,0.00344064772567846
750,다사550432,0.0,0.00342915949603449
751,다사612426,0.0,0.00341909827210574
752,다사605424,0.0,0.00341009351319441
753,다사561430,0.0,0.0034045533964299
754,다사604432,0.0,0.00339993725616704
755,다사565456,0.0,0.00339084469668293
756,다사652430,0.0,0.00338846034666918
757,다사620398,0.0,0.00337934175233486
758,다사590403,0.0,0.0033524794496141
759,다사587469,0.0,0.0033500015331885
760,다사575442,0.0,0.00334174434328141
761,다사615466,0.0,0.00333999028848596
762,다사555425,0.0,0.00333773033019711
763,다사593454,0.0,0.00333615243421678
764,다사554439,0.0,0.00333093047790372
765,다사619434,0.0,0.00332653576414946
766,다사657416,0.0,0.00332212339057263
767,다사593472,0.0,0.00332178548286239
768,다사562434,0.0,0.0033154136262632
769,다사579481,0.0,0.00330933153842628
770,다사649435,0.0,0.00330736654849163
771,다사575401,0.0,0.00329991370139042
772,다사567457,0.0,0.00329903697410779
773,다사564427,0.0,0.00329496796906121
774,다사576443,0.0,0.00329471428738467
775,다사586415,0.0,0.00328128931938942
776,다사569426,0.0,0.00327115331111838
777,다사607400,0.0,0.00326624462744829
778,다사588468,0.0,0.00326121964803591
779,다사583416,0.0,0.00325917391177472
780,다사544443,0.0,0.00325486649433759
781,다사615422,0.0,0.00325212331782136
782,다사591416,0.0,0.0032460257150097
783,다사555448,0.0,0.00323845555357466
784,다사650428,0.0,0.00323611477931943
785,다사609450,0.0,0.00323236196998474
786,다사598442,0.0,0.00323215164461334
787,다사616373,0.0,0.00319399544031233
788,다사597466,0.0,0.00318586910028409
789,다사572457,0.0,0.00318260465510747
790,다사591431,0.0,0.00318193713931761
791,다사593442,0.0,0.00317411265884493
792,다사551434,0.0,0.00317032728764059
793,다사580440,0.0,0.00316715668425712
794,다사599428,0.0,0.00316036216596275
795,다사569467,0.0,0.00316034399376129
796,다사547424,0.0,0.00315716016185476
797,다사548423,0.0,0.00315473730874996
798,다사600422,0.0,0.0031499068553368
799,다사617456,0.0,0.00314962512698296
800,다사582468,0.0,0.00314870240645812
801,다사589404,0.0,0.00314464920681309
802,다사622442,0.0,0.00314460252099524
803,다사612425,0.0,0.00312630686718126
804,다사547437,0.0,0.00312484475427047
805,다사549431,0.0,0.00312455841302957
806,다사575460,0.0,0.00310753813816645
807,다사659417,0.0,0.00309913608936506
808,다사614427,0.0,0.00309896219946859
809,다사649430,0.0,0.00309611879564115
810,다사605473,0.0,0.00309497526259833
811,다사599453,0.0,0.00307782752766961
812,다사611469,0.0,0.00307361755004151
813,다사545443,0.0,0.00307234009211879
814,다사594424,0.0,0.00307217282158147
815,다사574441,0.0,0.0030665203634192
816,다사581460,0.0,0.00306591953138397
817,다사628439,0.0,0.00306403666647087
818,다사576402,0.0,0.00305952050194247
819,다사574450,0.0,0.00305789499957446
820,다사576472,0.5,0.00305272913204308
821,다사570461,0.0,0.00305238978846565
822,다사572448,0.0,0.00305037524227241
823,다사546419,0.0,0.0030493513752745
824,다사594414,0.0,0.00304509683319883
825,다사547433,0.0,0.0030445756327228
826,다사659421,0.0,0.00303359510188297
827,다사588440,0.0,0.00302244008450763
828,다사572428,0.0,0.00301887934076133
829,다사595443,0.0,0.00300899220430003
830,다사558421,0.0,0.00300818460492778
831,다사597477,0.0,0.00300709024367477
832,다사556423,0.0,0.00300471984959637
833,다사627440,0.0,0.00300423496478443
834,다사604460,0.0,0.00299599495130215
835,다사561455,0.0,0.00299076968887071
836,다사583428,0.0,0.00298059366766858
837,다사607460,0.0,0.00297291994429
838,다사599473,0.0,0.00297244867662511
839,다사612432,0.0,0.00297223961703516
840,다사579427,0.5,0.00296793406649069
841,다사562426,0.0,0.00295400605730803
842,다사603460,0.0,0.00294351820472615
843,다사664410,0.0,0.00293950010155693
844,다사547408,0.0,0.00293936179575047
845,다사610456,0.0,0.00293794978118507
846,다사614433,0.0,0.00292062169782843
847,다사552433,0.0,0.00292014195371774
848,다사631444,0.0,0.00291629828915357
849,다사578431,0.0,0.0029114493473343
850,다사600459,0.0,0.00291039330545576
851,다사588408,0.0,0.00290220535381024
852,다사603414,0.0,0.00290016641052147
853,다사602423,0.0,0.00289875859126982
854,다사547423,0.0,0.00289664286742359
855,다사582409,0.0,0.00289587328189508
856,다사543430,0.0,0.00289508995034578
857,다사652418,0.0,0.00289508702572178
858,다사572399,0.0,0.0028938122329133
859,다사594434,0.0,0.00289259186594309
860,다사599440,0.0,0.00288471298224687
861,다사571399,0.0,0.00288383175259711
862,다사606473,0.0,0.00288288420050453
863,다사587446,0.0,0.00288219142760314
864,다사651413,0.0,0.00288176688066406
865,다사636435,0.0,0.00287908926168116
866,다사604435,0.0,0.00287832433982766
867,다사582427,0.0,0.00287209764044446
868,다사583410,0.0,0.00286708412739828
869,다사605401,0.0,0.00286512299776003
870,다사575435,0.0,0.00284919851710148
871,다사630436,0.0,0.00284860992536281
872,다사552417,0.0,0.00284815761582654
873,다사545445,0.0,0.00284624740621166
874,다사567458,0.0,0.00284351302392869
875,다사582479,0.0,0.00283912781737165
876,다사565428,0.0,0.00283780647826638
877,다사578427,0.0,0.00283394611210557
878,다사608461,0.0,0.00283319318396901
879,다사553424,0.0,0.00283247055092621
880,다사630402,0.0,0.00283022147893181
881,다사578432,0.0,0.00282964601951463
882,다사603465,0.0,0.00282599201492995
883,다사590427,0.0,0.00282412349377697
884,다사643435,0.0,0.00282287920214246
885,다사584413,0.0,0.00282186372982979
886,다사588453,0.0,0.00281624330609299
887,다사571451,0.0,0.00281430058540296
888,다사617431,0.0,0.00280251330661548
889,다사596448,0.0,0.00280148823811929
890,다사632425,0.0,0.00279630136985017
891,다사633425,0.0,0.002792872757708
892,다사598431,0.0,0.00279245665717168
893,다사664409,0.0,0.00278951079190531
894,다사584415,0.0,0.00277743195317407
895,다사629439,0.0,0.00277186977340236
896,다사649428,0.0,0.00276513852549316
897,다사639412,0.0,0.00275915668178191
898,다사602403,0.0,0.00275644555372535
899,다사630405,0.0,0.00275580445776925
900,다사546411,0.0,0.00275580445776925
901,다사551439,0.0,0.00275286905100514
902,다사587417,0.0,0.00275132869797949
903,다사542428,0.0,0.00274928599664474
904,다사618397,0.0,0.00274849074523732
905,다사569399,0.0,0.00274745981547801
906,다사621398,0.0,0.00274577220255425
907,다사628400,0.0,0.00274577220255425
908,다사569425,0.0,0.00274573004611309
909,다사644430,0.0,0.00273937813383039
910,다사583433,0.0,0.0027278163551178
911,다사597439,0.0,0.00272733118638866
912,다사614396,0.0,0.00272498487029367
913,다사556440,0.0,0.00270528813264599
914,다사581456,0.0,0.00269742559386577
915,다사587456,0.0,0.00269009610479269
916,다사604395,0.0,0.00268562727442046
917,다사586469,0.0,0.00268360906475576
918,다사589403,0.0,0.00267749930998894
919,다사546421,0.0,0.00267733650929516
920,다사574443,0.0,0.00267397432376419
921,다사579407,0.0,0.00267259948128895
922,다사587475,0.0,0.00267216471678255
923,다사651419,0.0,0.00265754655255449
924,다사577409,0.0,0.00265374284233573
925,다사574397,0.0,0.00265366764712918
926,다사612470,0.0,0.0026524712891291
927,다사597405,0.0,0.00264990846071602
928,다사582477,0.0,0.00264281520890615
929,다사548432,0.0,0.00263398953207989
930,다사547409,0.0,0.00263031984478216
931,다사603430,0.0,0.00262999509415888
932,다사641415,0.0,0.00262710406495558
933,다사559419,0.0,0.00262690132281264
934,다사621399,0.0,0.00262626670288627
935,다사632440,0.0,0.0026224971024929
936,다사609469,0.0,0.00261945924590299
937,다사644433,0.0,0.00261793270619455
938,다사601470,0.0,0.00260963116881141
939,다사546435,0.0,0.00260536441818078
940,다사585469,0.0,0.00259451237895543
941,다사662409,0.0,0.00259057348378272
942,다사606458,0.0,0.00258523736736908
943,다사615429,0.0,0.00258079979107947
944,다사583460,0.0,0.0025806061289344
945,다사555433,0.0,0.00257431436275859
946,다사605438,0.0,0.00257375363022474
947,다사583461,0.0,0.00257155283296896
948,다사621436,0.0,0.00256994369182014
949,다사597476,0.0,0.00255842540253709
950,다사591444,0.0,0.00255533127595972
951,다사638436,0.0,0.00254884399103316
952,다사596426,0.0,0.00254850116649889
953,다사581414,0.0,0.00254759398140059
954,다사609383,0.0,0.00254488027461478
955,다사588404,0.0,0.00254325503023038
956,다사628425,0.0,0.00254312584216112
957,다사600427,0.0,0.00254197880490921
958,다사548440,0.0,0.00253956121865191
959,다사599401,0.0,0.0025389537442186
960,다사560449,0.0,0.00253889044010349
961,다사561432,0.0,0.00253370063553877
962,다사599427,0.0,0.00253095724299189
963,다사542443,0.0,0.00252964784061998
964,다사584430,0.0,0.00252646088888891
965,다사577448,0.0,0.00252003965532063
966,다사594407,0.0,0.00251804569210857
967,다사594406,0.0,0.00251804569210857
968,다사607389,0.0,0.00251686363062005
969,다사596414,0.0,0.00251346636914044
970,다사553429,0.0,0.00250664619356747
971,다사597414,0.0,0.00250385278726307
972,다사555417,0.0,0.00249590397908873
973,다사631440,0.0,0.00249551262754613
974,다사651406,0.0,0.0024952453055167
975,다사545419,0.0,0.00249064553418274
976,다사596465,0.0,0.00248539945777702
977,다사663413,0.0,0.00248459721520852
978,다사594476,0.0,0.00248393991145872
979,다사564457,0.0,0.00248028930101741
980,다사582428,0.0,0.00247856358405797
981,다사594423,0.0,0.00247467422694062
982,다사588438,0.0,0.00247215052857666
983,다사614437,0.0,0.00246898478308919
984,다사602447,0.0,0.00246747011870716
985,다사580436,0.0,0.00246288901266933
986,다사576400,0.0,0.00245756102746492
987,다사542416,0.0,0.00245641512758547
988,다사593448,0.0,0.00245205741836079
989,다사577436,0.5,0.00245144047386764
990,다사607392,0.0,0.00244698288583231
991,다사569455,0.0,0.00244698288583231
992,다사624431,0.0,0.00244266825008832
993,다사630440,0.0,0.00244201927739053
994,다사564428,0.0,0.00243377593872661
995,다사607472,0.0,0.00243166208941212
996,다사649411,0.0,0.00242786572268537
997,다사620426,0.0,0.00242786572268537
998,다사663410,0.0,0.00242491599901479
999,다사577428,0.0,0.00242298319562289
1000,다사615446,0.0,0.00241864056100394
1001,다사544422,0.0,0.00241819905218682
1002,다사592456,0.0,0.00241751378289351
1003,다사651407,0.0,0.00241608831310679
1004,다사660417,0.0,0.00241608831310679
1005,다사603428,0.0,0.00241329327772432
1006,다사582482,0.0,0.00241266715294586
1007,다사599402,0.0,0.00241009532431436
1008,다사614456,0.0,0.00240738476966309
1009,다사655407,0.0,0.00240729276358559
1010,다사547435,0.0,0.00240432911447391
1011,다사585453,0.0,0.00240144424710449
1012,다사611417,0.0,0.0023985292334616
1013,다사561435,0.0,0.00239789198770081
1014,다사542415,0.0,0.00239561515201615
1015,다사555416,0.0,0.00239561515201615
1016,다사638412,0.0,0.00239524009383603
1017,다사590402,0.0,0.0023927046110198
1018,다사553453,0.0,0.00239099583558975
1019,다사573401,0.0,0.00237820486240658
1020,다사618398,0.0,0.00237820486240658
1021,다사556430,0.0,0.00237711408719762
1022,다사641414,0.0,0.00237699329385905
1023,다사614439,0.0,0.00237660438054057
1024,다사619397,0.0,0.00237531547395705
1025,다사547400,0.0,0.00237531547395705
1026,다사637403,0.0,0.00237335365517993
1027,다사582437,0.0,0.00236981864699247
1028,다사619407,0.0,0.0023695472241384
1029,다사554450,0.0,0.00236769494195818
1030,다사577429,0.0,0.00236130898003876
1031,다사548441,0.0,0.00236090490846783
1032,다사572456,0.0,0.00235844055786388
1033,다사647435,0.0,0.00235770885118148
1034,다사546424,0.0,0.00235607932633814
1035,다사579408,0.0,0.00234851125141159
1036,다사594467,0.5,0.00234803011508743
1037,다사562442,0.0,0.00234599050929536
1038,다사618446,0.0,0.00232190437553229
1039,다사579414,0.0,0.0023187617543251
1040,다사563424,0.0,0.00231556710750199
1041,다사571397,0.0,0.00229710619902598
1042,다사580414,0.0,0.00229344808679136
1043,다사608386,0.0,0.00229261853893472
1044,다사550417,0.0,0.00229012770243074
1045,다사606472,0.0,0.0022849723094784
1046,다사568456,0.0,0.00228189301646403
1047,다사618428,0.0,0.00227597067072724
1048,다사642437,0.0,0.00227576352169594
1049,다사625437,0.0,0.00226250310365927
1050,다사580439,0.0,0.00225855624888998
1051,다사553425,0.0,0.00225209219272451
1052,다사591403,0.0,0.00224826492018504
1053,다사576401,0.0,0.00224826492018504
1054,다사576449,0.0,0.00224556612439962
1055,다사609391,0.0,0.00224553340163736
1056,다사584465,0.0,0.00224351102915491
1057,다사635438,0.0,0.00223192550801088
1058,다사639428,0.0,0.00222921384095268
1059,다사599437,0.0,0.0022265054684212
1060,다사546423,0.0,0.00222502979466805
1061,다사583420,0.0,0.00222380038641377
1062,다사633430,0.0,0.00221840007798473
1063,다사602396,0.0,0.00221570484358206
1064,다사608396,0.0,0.00221032419448415
1065,다사588451,0.0,0.00220655313327148
1066,다사569445,0.0,0.0021889319456168
1067,다사654413,0.0,0.00218676453278426
1068,다사590457,0.0,0.00218556531388885
1069,다사575446,0.0,0.0021836163122044
1070,다사601433,0.0,0.00217937799916848
1071,다사546434,0.0,0.00217818680098918
1072,다사620431,0.0,0.00217302373971121
1073,다사606391,0.0,0.00216326919073531
1074,다사586445,0.0,0.00215596760219397
1075,다사629433,0.0,0.00215199249698647
1076,다사630439,0.0,0.00215089474580128
1077,다사623435,0.0,0.00214415836423816
1078,다사624434,0.0,0.00214415836423816
1079,다사635430,0.0,0.00213375719953577
1080,다사582414,0.0,0.00213116480158726
1081,다사601416,0.0,0.00213002763353191
1082,다사608400,0.0,0.00212857555326005
1083,다사603418,0.0,0.00212841223468692
1084,다사593439,0.0,0.00212613593816102
1085,다사561433,0.0,0.00212598945072753
1086,다사563459,0.0,0.00211092852384049
1087,다사579426,0.0,0.00211053868351523
1088,다사594431,0.0,0.00211010497721747
1089,다사608421,0.0,0.00210541342141345
1090,다사609422,0.0,0.00210541342141345
1091,다사609423,0.0,0.00210541342141345
1092,다사604424,0.0,0.0021051252045069
1093,다사585437,0.0,0.00210461354625039
1094,다사584477,0.0,0.00210222679154296
1095,다사634425,0.0,0.00210027709811212
1096,다사582470,0.0,0.00209337135132909
1097,다사549417,0.0,0.00209265465244681
1098,다사606400,0.0,0.00209265465244681
1099,다사614423,0.0,0.0020901121918383
1100,다사654419,0.0,0.00208953349968706
1101,다사602441,0.0,0.00208757242607473
1102,다사660416,0.0,0.0020850365337189
1103,다사606420,0.0,0.00208127649699453
1104,다사550418,0.0,0.00207792180698548
1105,다사639414,0.0,0.00207744614805859
1106,다사663409,0.0,0.00207744614805859
1107,다사614395,0.0,0.00207683007867643
1108,다사619398,0.0,0.00207320101142493
1109,다사590440,0.0,0.00207305192398798
1110,다사661408,0.0,0.00207240124833972
1111,다사575403,0.0,0.00206988339450619
1112,다사617441,0.0,0.00206878148038896
1113,다사546409,0.0,0.00206736859972694
1114,다사578408,0.0,0.00206234817246951
1115,다사645433,0.0,0.00206174409892703
1116,다사640406,0.0,0.0020573399368889
1117,다사547406,0.0,0.0020573399368889
1118,다사555451,0.0,0.002055422811334
1119,다사564462,0.0,0.0020528346773189
1120,다사547405,0.0,0.00205234386337867
1121,다사587472,0.0,0.00205022910243692
1122,다사546402,0.0,0.0020498503781676
1123,다사630401,0.0,0.00204735992240428
1124,다사628402,0.0,0.00204735992240428
1125,다사631402,0.0,0.00204735992240428
1126,다사629402,0.0,0.0020448724924081
1127,다사625387,0.0,0.00204238808450291
1128,다사558419,0.0,0.00203702777790604
1129,다사591478,0.0,0.00203548418452723
1130,다사560419,0.0,0.002022302537443
1131,다사545421,0.0,0.00202007142121725
1132,다사582452,0.0,0.00201357473087169
1133,다사543427,0.0,0.00201037685667973
1134,다사603445,0.0,0.00200876158602703
1135,다사634428,0.0,0.00200547172958785
1136,다사579431,0.0,0.00199441057459592
1137,다사610427,0.0,0.00199161178423327
1138,다사611450,0.0,0.00198860844858566
1139,다사596449,0.5,0.00198601530397392
1140,다사573441,0.0,0.00198550994473336
1141,다사647436,0.0,0.00198430024015207
1142,다사607443,0.0,0.00197517801127085
1143,다사572449,0.0,0.00197323163545061
1144,다사572450,0.0,0.00197323163545061
1145,다사567463,0.0,0.00197061784147438
1146,다사561428,0.0,0.00195899235878922
1147,다사597438,0.0,0.0019569863821686
1148,다사602430,0.0,0.00195384908574312
1149,다사579415,0.0,0.0019537263881029
1150,다사558418,0.0,0.0019534982031989
1151,다사551453,0.0,0.0019514097417906
1152,다사598466,0.0,0.00194653973155036
1153,다사574426,0.0,0.00194576820735
1154,다사619444,0.0,0.00193076415165538
1155,다사641425,0.0,0.00192119179553173
1156,다사584436,0.0,0.00191969023195792
1157,다사599404,0.0,0.00190365277966861
1158,다사612442,0.0,0.00189101700736559
1159,다사580459,0.0,0.00188965482048521
1160,다사572470,0.0,0.00188503325077091
1161,다사555447,0.0,0.00187840283409672
1162,다사616396,0.0,0.00187522637533277
1163,다사615437,0.0,0.00187194695836049
1164,다사610441,0.0,0.00185937912198794
1165,다사589436,0.0,0.00185591539126139
1166,다사599399,0.0,0.00184955015498005
1167,다사571456,0.0,0.00183883724714015
1168,다사593468,0.0,0.00183507997290518
1169,다사554449,0.0,0.00183407521114002
1170,다사619426,0.0,0.00183349147573445
1171,다사653414,0.0,0.00183227146990624
1172,다사585462,0.0,0.00182989402385366
1173,다사598404,0.0,0.00181957579723323
1174,다사606390,0.0,0.00181447550419832
1175,다사609451,0.0,0.00181253765448916
1176,다사582480,0.0,0.00178596088883178
1177,다사596413,0.0,0.00175821680608552
1178,다사609397,0.0,0.0017348362731849
1179,다사580460,0.0,0.0017223717253768
1180,다사545434,0.0,0.00172001923963318
1181,다사655416,0.0,0.00170889930172657
1182,다사641407,0.0,0.00170239314114482
1183,다사587432,0.0,0.00169543265909531
1184,다사588435,0.0,0.00168467241834247
1185,다사567432,0.0,0.00168104692761065
1186,다사556429,0.0,0.00167686212745738
1187,다사599415,0.0,0.00166534917699567
1188,다사597431,0.0,0.0016633628292387
1189,다사581442,0.0,0.00164760589672388
1190,다사606448,0.0,0.00164274760464272
1191,다사601469,0.0,0.00164205795014467
1192,다사545431,0.0,0.00163779683489921
1193,다사600470,0.0,0.00161754965701671
1194,다사581438,0.0,0.00160766381850948
1195,다사607420,0.0,0.00160724218170921
1196,다사570398,0.0,0.00159004845576724
1197,다사580438,0.0,0.00158124657430819
1198,다사611438,0.0,0.00156500887690678
1199,다사606441,0.0,0.00156255072829247
1200,다사598465,0.0,0.00155977660393828
1201,다사555428,0.0,0.00155416070103933
1202,다사573450,0.0,0.00154886966318777
1203,다사553439,0.0,0.00154664225637944
1204,다사614424,0.0,0.00154300947459864
1205,다사601440,0.0,0.00154172030674319
1206,다사636428,0.0,0.00153965625589142
1207,다사543415,0.0,0.00152983779848911
1208,다사630429,0.0,0.00152937482577276
1209,다사651414,0.0,0.00152683396200944
1210,다사588477,0.0,0.00152320523440753
1211,다사561429,0.0,0.00152023222126944
1212,다사591433,0.0,0.00151578532110876
1213,다사569456,0.0,0.00150574768213338
1214,다사602433,0.0,0.00150325299345586
1215,다사610395,0.0,0.00150117585206242
1216,다사557440,0.0,0.00149570916319051
1217,다사589435,0.0,0.00148536715875507
1218,다사547434,0.0,0.00147771352758331
1219,다사596476,0.0,0.001456401945005
1220,다사598454,0.0,0.00145254528638329
1221,다사574398,0.0,0.00144034997212401
1222,다사551426,0.0,0.00143155140171703
1223,다사597465,0.0,0.00141395213315544
1224,다사566432,0.5,0.00140514448843242
1225,다사593467,0.0,0.0013966062572598
1226,다사562433,0.0,0.00139001535954916
1227,다사609396,0.0,0.00138663982651637
1228,다사574400,0.0,0.00138566594457402
1229,다사613395,0.0,0.00137120044768547
1230,다사582460,0.0,0.00136876208484451
1231,다사590436,0.0,0.00136434156434268
1232,다사604431,0.0,0.00130977564536742
1233,다사626435,0.0,0.00130018496279429
1234,다사631427,0.0,0.00129378877898423
1235,다사573454,0.0,0.00128990062266313
1236,다사555449,0.0,0.00128591473361737
1237,다사603415,0.0,0.00126791081063102
1238,다사573455,0.0,0.00126584914828074
1239,다사602468,0.0,0.00126103908787188
1240,다사574428,0.0,0.00124140674828628
1241,다사593438,0.0,0.0012393797613343
1242,다사608387,0.0,0.0012364328800888
1243,다사639429,0.0,0.00122837666427555
1244,다사572445,0.0,0.00122773279860451
1245,다사579436,0.0,0.00121587827195265
1246,다사620432,0.0,0.0012105075929448
1247,다사578400,0.0,0.00121048654552952
1248,다사545427,0.0,0.00121007803922186
1249,다사547441,0.0,0.00120984082402338
1250,다사604441,0.0,0.00120726128069138
1251,다사557421,0.0,0.00118523520906993
1252,다사582438,0.0,0.00117801075419296
1253,다사592458,0.0,0.00114876021296694
1254,다사611444,0.0,0.00114353223252162
1255,다사543436,0.0,0.00113800749121851
1256,다사555429,0.0,0.0011180609547849
1257,다사547431,0.0,0.00110653278470325
1258,다사605447,0.0,0.00110296469756581
1259,다사591443,0.0,0.00109334439586917
1260,다사600437,0.0,0.00108871529283603
1261,다사605434,0.0,0.0010851048581101
1262,다사562425,0.0,0.00108200376895581
1263,다사588437,0.0,0.00108125093954115
1264,다사605448,0.0,0.00106626389551063
1265,다사563423,0.0,0.00106414374409215
1266,다사611396,0.0,0.00106133054890594
1267,다사569398,0.0,0.00103849455575374
1268,다사599472,0.0,0.00103832228981247
1269,다사629429,0.0,0.00103693359839713
1270,다사596459,0.0,0.00103251410315367
1271,다사559439,0.0,0.000996981071072685
1272,다사606438,0.0,0.00096634909189407
1273,다사566428,0.0,0.000945376731140174
1274,다사655406,0.0,0.000932202077576461
1275,다사593434,0.0,0.000908465222506781
1276,다사555434,0.0,0.000854209705119111
1277,다사589451,0.0,0.00084398090177082
1278,다사629435,0.0,0.000781823270671879
1279,다사560426,0.0,0.000769363285013924
1280,다사649417,0.0,0.000768280443125256
1281,다사583437,0.0,0.000761627615653961
1282,다사626440,0.0,0.000756643517702435
1283,다사573449,0.0,0.000662030558425515
1284,다사630403,0.0,0.000513395452386646
1285,다사578446,0.0,0.00047562920157722
1286,다사546448,0.0,0.000426025114449339
1287,다사663411,0.0,0.000232603636502795
1288,다사605432,0.0,3.21558690256562e-05
1289,다사592411,0.0,1.99194939563244e-05
1290,다사590404,0.0,8.29188014677692e-07
1291,다사582444,0.0,1.10007641789286e-08
1292,다사610455,0.0,6.59598642235314e-10
1293,다사562453,0.0,3.93495393028224e-11
1294,다사560450,0.0,2.22044604925031e-16
