gid,acci_cnt,2030val,신호등,버스저녁하차,생활서비스,소매점,음식점,퇴근시간자전거
다사608384,0,0,2,691.0833333,4,2,3,0
다사608385,0,0,6,300.25,0,4,6,0
다사613376,0,0,5,268.3333333,0,0,0,0
다사616373,0,0,4,13,0,0,0,0
다사609383,0,0,1,0,0,0,3,0
다사625387,0,0,1,0,0,0,0,0
다사620398,0,0,4,154.7291667,0,0,0,1
다사569399,0,0,2,117.2166667,1,0,0,1
다사630403,0,0,2,0,0,12,1,1
다사621398,0,0,3,0,0,0,0,1
다사628400,0,0,3,0,0,0,0,1
다사619407,0,0,2,0,0,0,0,1
다사629402,0,0,1,0,0,0,0,1
다사621399,0,0,1,262.875,0,0,2,2
다사630402,0,0,3,74.66666667,0,0,0,2
다사628401,0,0,5,59.2,0,0,0,2
다사619398,0,0,1,32.20833333,0,0,0,2
다사637403,0,0,2,1,0,0,0,2
다사637405,0,0,11,0,0,0,0,2
다사630401,0,0,1,0,0,0,0,2
다사628402,0,0,1,0,0,0,0,2
다사631402,0,0,1,0,0,0,0,2
다사633403,0,0,6,0,0,1,0,3
다사618397,0,0,1,0,0,0,4,3
다사619397,0,0,2,0,0,0,0,3
다사547400,0,0,2,0,0,0,0,3
다사546402,0,0,1,0,0,0,0,3
다사546410,0,0,5,0,1,0,3,4
다사630405,0,0,3,0,0,0,0,4
다사546411,0,0,3,0,0,0,0,4
다사573401,0,0,2,0,0,0,0,4
다사618398,0,0,2,0,0,0,0,4
다사547405,0,0,1,0,0,0,0,4
다사641407,0,38,1,53.83333333,0,0,0,5
다사579415,0,25,2,0,0,1,1,5
다사638412,0,22,3,0,3,3,1,5
다사642407,0,0,8,440.75,0,0,0,5
다사653411,0,0,4,291.5637755,0,0,0,5
다사639412,0,0,3,0,0,0,0,5
다사569398,0,151,2,0,0,0,0,6
다사563423,0,119,2,0,1,3,2,6
다사563424,0,96,2,540.1666667,4,2,2,6
다사547408,0,0,3,159.3425926,0,0,0,6
다사663411,0,0,2,0,5,24,5,6
다사641414,0,0,1,0,2,1,1,6
다사640406,0,0,1,0,0,0,0,6
다사547406,0,0,1,0,0,0,0,6
다사557421,0,11,1,0,1,5,1,7
다사547409,0,9,2,0,0,0,2,7
다사558421,0,6,2,768.5833333,9,11,7,7
다사558420,0,0,3,594.8958333,6,2,7,7
다사662409,0,0,1,63.13888889,2,0,0,7
다사662408,0,0,6,0,0,0,0,7
다사558418,0,46,1,510.8333333,0,0,0,8
다사641409,0,0,12,1335.916667,0,0,0,8
다사653407,0,0,8,1154.333333,0,0,0,8
다사579408,0,0,3,0,1,2,0,8
다사653406,0,0,8,0,0,0,0,8
다사578408,0,0,1,0,0,0,0,8
다사647409,0,153,10,415.5416667,1,3,3,9
다사614395,0,76,4,33.83333333,1,1,0,9
다사653414,0,51,3,0,0,1,0,9
다사654413,0,43,2,0,0,0,2,9
다사552417,0,0,4,0,0,2,2,9
다사590402,0,0,2,0,0,0,0,9
다사543415,0,84,3,0,0,1,0,10
다사560419,0,61,1,805.4583333,0,0,0,10
다사542416,0,49,4,0,0,0,0,10
다사563421,0,47,6,1065.677778,0,0,1,10
다사564421,0,0,6,416.5416667,0,0,0,10
다사577409,0,0,2,0,1,0,0,10
다사550417,0,0,1,0,1,0,0,10
다사542415,0,0,2,0,0,0,0,10
다사555416,0,0,2,0,0,0,0,10
다사546409,0,0,1,0,0,0,0,10
다사588404,0,16,2,0,0,0,2,11
다사616396,0,7,1,0,0,1,1,11
다사611417,0,0,2,0,0,0,0,11
다사575403,0,0,1,0,0,0,0,11
다사552424,0,132,8,2686.944444,6,2,4,12
다사551424,0,76,1,2603.916667,1,1,0,12
다사577408,0,0,6,216.0833333,2,0,27,12
다사661408,0,0,1,0,0,0,0,12
다사608387,0,150,3,0,0,1,2,13
다사608386,0,80,1,0,3,1,5,13
다사607387,0,57,18,581.3333333,0,2,4,13
다사608388,0,44,10,0,0,0,0,13
다사639425,0,0,5,1716.75,0,0,0,13
다사640410,0,0,6,551.6721311,0,0,0,13
다사664410,0,0,2,253.25,1,0,0,13
다사607386,0,0,6,0,0,0,0,13
다사569425,0,53,4,0,1,2,4,14
다사647407,0,0,19,923.8958333,0,0,0,14
다사569424,0,0,7,833.3333333,0,0,0,14
다사648407,0,0,4,702.84375,0,0,0,14
다사614396,0,0,1,508.45,0,0,1,14
다사664409,0,0,3,0,0,0,0,14
다사655407,0,0,2,0,0,0,0,14
다사639414,0,0,1,0,0,0,0,14
다사663409,0,0,1,0,0,0,0,14
다사563422,0,66,4,1489.125,4,1,3,16
다사633425,0,27,4,0,0,0,0,16
다사655406,0,0,2,301.3333333,0,8,0,16
다사615396,0,0,5,0,0,0,1,16
다사632425,0,0,3,0,0,0,0,16
다사618428,0,84,4,357.0425532,1,1,0,17
다사561429,0,76,1,0,1,0,0,17
다사548422,0,52,3,1843.875,3,4,4,17
다사561430,0,43,3,356.8333333,0,0,4,17
다사548423,0,37,4,0,1,0,1,17
다사659417,0,0,2,0,1,0,2,17
다사651407,0,0,2,0,0,0,0,17
다사660417,0,0,2,0,0,0,0,17
다사660416,0,0,1,0,0,0,0,17
다사559418,0,0,10,595.3333333,0,0,0,18
다사609419,0,0,14,310.2916667,0,0,0,18
다사550418,0,86,2,0,3,1,2,19
다사615423,0,62,11,0,0,0,0,19
다사639413,0,25,5,588.9180328,0,0,0,19
다사614422,0,0,5,28.04166667,0,0,0,19
다사615422,0,0,4,0,0,0,0,19
다사614423,0,0,1,0,0,0,0,19
다사603415,0,67,1,163.5277778,2,3,0,20
다사589402,0,0,16,1401.333333,0,0,0,20
다사651406,0,0,2,73.41666667,0,0,0,20
다사663410,0,0,2,0,0,0,0,20
다사549417,0,0,1,0,0,0,0,20
다사606400,0,0,1,0,0,0,0,20
다사641415,0,66,5,0,0,0,0,21
다사606420,0,41,1,562.2916667,0,0,0,21
다사636425,0,25,5,1468.333333,0,0,0,21
다사649411,0,0,2,0,0,0,0,21
다사620426,0,0,2,0,0,0,0,21
다사602395,0,6,4,182.375,1,1,2,22
다사603394,0,0,7,599.625,0,1,0,22
다사578404,0,134,8,0,3,0,1,23
다사560426,0,123,1,0,0,3,1,23
다사564427,0,56,2,0,5,2,5,23
다사651414,0,28,1,0,1,2,0,23
다사652414,0,7,16,0,0,1,6,23
다사578405,0,0,4,1173.055556,0,0,0,23
다사555417,0,0,2,64.72916667,0,0,0,23
다사564428,0,0,2,0,0,0,0,23
다사634425,0,27,2,0,0,0,0,24
다사573426,0,0,6,470.6666667,0,0,0,24
다사559419,0,88,6,0,1,1,0,25
다사558419,0,6,1,0,0,0,0,25
다사608421,0,0,1,0,0,0,0,25
다사609422,0,0,1,0,0,0,0,25
다사609423,0,0,1,0,0,0,0,25
다사554427,0,33,6,0,9,13,30,26
다사555426,0,26,4,3069.125,12,12,23,26
다사554425,0,21,4,6925.729167,4,2,6,26
다사555425,0,0,6,0,2,8,8,26
다사624430,0,0,8,0,0,0,0,26
다사624431,0,0,2,0,0,0,0,26
다사551426,0,123,4,418.9166667,2,5,2,27
다사557422,0,78,5,224.5416667,3,1,4,27
다사654417,0,41,15,0,1,0,0,27
다사653416,0,17,7,0,4,0,8,27
다사653417,0,0,5,0,0,0,0,27
다사578427,0,0,3,0,0,0,0,27
다사579426,0,0,1,0,0,0,0,27
다사576431,0,25,4,1365.508333,0,2,6,28
다사546424,0,7,2,0,0,0,0,28
다사556423,0,0,2,0,2,0,0,28
다사562425,0,151,2,0,0,1,2,29
다사572399,0,0,1,804.2666667,0,0,0,29
다사571399,0,0,4,0,0,1,0,30
다사664412,0,0,5,0,1,0,0,31
다사575401,0,0,4,0,0,0,0,31
다사576400,0,0,2,0,0,0,0,31
다사545421,0,113,2,0,2,0,3,32
다사546421,0,36,4,1035.083333,6,11,6,32
다사575435,0,98,4,636.4166667,4,2,0,33
다사657416,0,26,5,0,0,0,0,33
다사628425,0,21,3,0,0,0,0,33
다사576435,0,18,4,2878.111111,3,8,9,33
다사641426,0,18,5,1150.666667,1,2,3,33
다사561432,0,16,3,0,1,1,0,33
다사641427,0,0,5,552.9166667,0,0,1,33
다사641428,0,0,7,0,1,0,9,33
다사561433,0,0,1,0,0,0,0,33
다사571398,0,162,4,34.16666667,4,2,13,34
다사577405,0,28,4,821.3333333,0,0,0,34
다사605419,0,14,3,1040.08,1,0,0,34
다사571397,0,0,1,195.6666667,0,0,0,34
다사608400,0,0,1,0,0,0,0,34
다사636428,0,171,4,183.7107438,1,0,0,35
다사545427,0,113,2,0,1,2,1,35
다사574400,0,105,2,0,0,0,0,35
다사596413,0,98,2,0,3,3,4,35
다사581414,0,88,5,0,0,0,1,35
다사570398,0,80,2,0,0,0,0,35
다사651413,0,28,5,423,1,3,0,35
다사590404,0,0,1,91.25,4,72,18,35
다사582414,0,0,1,0,0,0,0,35
다사620432,0,103,1,0,0,0,0,36
다사605401,0,0,3,0,0,0,0,36
다사635430,0,0,1,0,0,0,0,36
다사578432,0,29,2,0,0,0,4,37
다사615429,0,0,2,106.9166667,0,0,0,37
다사591433,0,116,2,0,0,0,2,38
다사553425,0,86,2,0,2,2,6,38
다사619426,0,28,1,0,0,0,0,38
다사580413,0,0,16,4257.638889,8,14,13,38
다사582427,0,0,3,0,0,0,0,38
다사582428,0,0,2,0,0,0,0,38
다사639429,0,101,1,0,0,0,0,39
다사572434,0,0,4,1713.708333,0,0,0,39
다사648416,0,0,6,0,0,0,0,39
다사580414,0,119,2,0,7,6,9,40
다사570431,0,58,2,0,10,7,13,40
다사569432,0,22,4,1815.833333,3,2,6,40
다사635435,0,21,6,4206.177419,0,0,4,40
다사566432,1,9,3,0,0,5,0,40
다사567432,0,9,1,0,0,2,1,40
다사566433,0,0,4,1130.2375,4,8,7,40
다사596408,0,0,8,228.4315068,0,0,0,40
다사636435,0,0,3,0,0,0,0,40
다사663413,0,0,2,0,0,0,0,40
다사623435,0,0,1,0,0,0,0,40
다사624434,0,0,1,0,0,0,0,40
다사591443,0,99,2,0,2,8,8,41
다사550428,0,65,3,1677.916667,4,2,1,41
다사652416,0,37,6,0,2,0,3,41
다사591444,0,0,2,876,0,4,3,41
다사605392,0,0,7,0,0,0,1,41
다사611396,0,155,2,0,0,0,0,42
다사555429,0,97,2,0,0,2,0,42
다사611395,0,7,10,0,0,0,0,42
다사575402,0,0,13,0,0,0,0,42
다사545419,0,0,2,0,0,0,0,42
다사655416,0,149,5,0,0,0,0,43
다사629435,0,110,3,0,0,8,5,43
다사630434,0,69,3,564.3333333,1,1,11,43
다사579414,0,40,6,0,3,10,8,43
다사554439,0,32,1,1385.75,0,0,1,43
다사629433,0,0,1,0,0,0,0,43
다사579436,0,229,3,0,3,1,3,44
다사617430,0,44,10,488.6979167,0,0,1,44
다사603418,0,29,2,0,0,0,0,44
다사570435,0,8,4,0,4,2,14,44
다사617431,0,0,2,296.7037037,0,0,0,44
다사599399,0,0,1,105.625,0,2,1,44
다사590403,0,0,4,0,0,0,0,44
다사561436,0,0,5,0,0,0,0,45
다사547423,0,0,3,0,0,0,0,45
다사626435,0,119,2,0,0,0,0,46
다사606389,0,58,7,767.25,2,2,7,46
다사555433,0,56,1,660.8333333,6,4,2,46
다사553424,0,30,2,0,4,2,2,46
다사554433,0,12,4,0,10,5,1,46
다사556425,0,0,4,4216.666667,5,3,9,46
다사561427,0,0,8,1033.75,1,3,2,46
다사562427,0,0,4,799.4017857,0,0,3,46
다사589404,0,0,1,668.2916667,1,1,2,46
다사605390,0,0,7,335.8333333,0,0,0,46
다사603414,0,0,3,0,0,0,0,46
다사610419,0,0,5,0,0,0,0,47
다사632427,0,16,9,546.6416667,0,0,0,48
다사582434,0,0,4,230.5416667,0,0,0,48
다사578401,0,0,6,0,0,1,1,48
다사628427,0,81,8,0,3,4,3,49
다사547422,0,58,4,838.8194444,2,3,11,49
다사641425,0,105,5,0,0,1,0,50
다사599445,0,98,4,798.1666667,4,0,1,50
다사597405,0,0,1,512.6071429,0,0,0,50
다사613395,0,191,5,500.875,0,2,1,51
다사644430,0,172,8,0,0,0,2,51
다사612395,0,57,6,707.7916667,0,0,0,51
다사634427,0,32,6,0,0,0,0,51
다사594407,0,0,2,0,0,0,0,51
다사594406,0,0,2,0,0,0,0,51
다사620431,0,0,1,0,0,0,0,51
다사614424,0,100,1,1297.008333,1,3,0,52
다사590440,0,63,4,0,2,7,8,52
다사562426,0,38,2,1872.069444,0,6,6,52
다사546419,0,21,4,371.40625,0,1,0,52
다사599402,0,0,1,0,1,0,0,52
다사599404,0,0,1,0,0,1,0,52
다사569426,0,23,1,703.5,0,3,9,53
다사594434,0,152,7,602.7222222,0,0,0,54
다사593434,0,104,1,0,2,6,4,54
다사556424,0,63,2,2340.680556,0,1,1,54
다사642415,0,29,3,1984.75,1,3,6,54
다사581432,0,25,2,137.6666667,4,3,16,54
다사569442,0,0,7,1354.375,3,0,2,54
다사607400,0,0,3,623.25,0,1,0,54
다사643415,0,0,3,0,2,0,4,54
다사569441,1,0,7,0,1,1,2,54
다사563435,0,0,5,0,0,1,0,54
다사604390,0,0,9,0,0,0,0,54
다사572429,0,218,13,0,3,0,4,55
다사573430,0,47,2,2288.6875,2,1,18,55
다사596446,0,0,4,910.4583333,1,1,10,55
다사563441,0,0,4,174.7083333,0,0,1,55
다사589403,0,0,1,0,12,17,17,55
다사575446,0,0,1,0,0,0,0,55
다사629429,0,118,1,0,2,5,5,56
다사548432,0,100,3,0,10,6,3,56
다사613396,0,0,1,2051.083333,1,0,0,56
다사593448,0,0,4,0,0,3,1,56
다사573427,0,0,4,0,0,0,2,56
다사553429,0,90,3,0,5,9,14,57
다사604418,0,59,4,636.6666667,3,0,7,57
다사577429,0,44,2,0,2,3,5,57
다사602403,0,11,1,0,2,1,3,57
다사569444,0,0,6,1399.375,1,0,0,57
다사587445,0,0,2,568.9896907,4,4,4,57
다사587446,0,0,1,0,1,2,6,57
다사569445,0,0,1,0,0,0,0,57
다사605448,0,85,1,0,7,10,5,58
다사606448,0,74,1,0,6,7,6,58
다사605447,0,67,3,0,1,7,3,58
다사547424,0,14,4,0,0,0,0,58
다사590436,0,0,4,0,3,13,7,58
다사582452,0,85,4,0,0,1,1,59
다사628426,0,44,6,1310.325433,0,0,0,59
다사607388,0,31,5,0,2,2,8,59
다사577427,0,0,5,680.3888889,1,0,0,59
다사606388,0,0,4,0,1,3,10,59
다사661417,0,0,7,0,0,0,0,59
다사566428,0,101,2,0,0,6,5,60
다사559439,0,97,1,0,2,4,1,60
다사593442,0,83,4,1249.222222,5,9,8,60
다사605424,0,26,4,361.2407407,0,0,0,60
다사605425,0,13,12,0,0,0,0,60
다사581448,1,0,2,0,5,10,32,60
다사588437,0,176,3,0,2,4,4,61
다사588438,0,69,3,0,1,2,5,61
다사596444,0,14,1,1271.611111,0,1,5,61
다사587439,0,6,12,0,4,19,16,61
다사597444,0,0,12,873.3333333,0,0,0,61
다사596443,0,0,3,0,3,3,4,61
다사638436,0,0,2,0,0,0,0,61
다사582438,0,220,2,0,2,1,5,62
다사581438,0,154,3,611.3611111,0,0,0,62
다사584430,0,72,3,0,3,6,10,62
다사573447,0,62,14,509.8333333,0,0,0,62
다사584429,0,61,4,0,3,1,11,62
다사572447,0,53,6,137.75,0,0,0,62
다사609397,0,51,1,0,1,1,1,62
다사610397,0,8,12,0,0,0,0,62
다사578431,0,6,1,242.5,2,1,2,62
다사631430,0,0,4,179,5,3,2,62
다사581437,0,0,12,0,0,1,9,62
다사582437,0,0,1,0,0,0,1,62
다사594451,0,31,2,921.4444444,3,3,11,63
다사561428,0,24,2,0,0,1,0,63
다사574397,0,0,2,97.25,0,0,0,63
다사607420,0,52,1,0,1,1,0,64
다사590447,1,0,11,4648.783784,2,3,16,64
다사590446,0,0,5,0,5,6,29,64
다사563439,0,0,2,0,1,0,3,64
다사564437,0,0,11,0,0,0,2,64
다사585453,0,65,2,0,0,0,4,65
다사559426,0,53,3,1795.901786,0,0,0,65
다사542420,0,0,4,4518.583333,0,0,2,65
다사579427,1,0,3,0,0,0,0,65
다사608396,0,0,1,0,0,0,0,65
다사623433,0,0,12,403.2013889,0,0,0,66
다사634428,0,152,6,0,0,0,0,67
다사581456,0,108,2,0,11,8,8,67
다사602447,0,93,1,1745.333333,0,1,1,67
다사557440,0,90,1,0,1,0,0,67
다사602446,0,69,5,1224.416667,0,2,3,67
다사603447,0,63,3,1072.25,3,0,7,67
다사603446,0,32,3,553.5694444,2,6,11,67
다사556430,0,14,2,0,0,0,0,67
다사612425,0,0,2,505.6666667,0,0,0,67
다사602396,0,0,1,0,0,0,0,67
다사596449,1,0,4,416.5520833,0,7,3,68
다사634430,0,0,8,0,0,0,0,68
다사633430,0,0,1,0,0,0,0,68
다사606438,0,178,2,0,0,0,0,69
다사602423,0,21,4,0,0,1,1,69
다사605438,0,0,2,0,0,0,0,69
다사602414,0,72,4,1678.270833,0,1,0,70
다사588452,0,29,3,2671.783784,3,1,5,70
다사597439,0,29,4,0,1,3,3,70
다사588451,0,22,2,0,0,3,5,70
다사602414,0,0,4,1678.270833,0,1,0,70
다사582410,0,0,5,1154.333333,0,0,0,70
다사614427,0,0,1,663.875,0,0,1,70
다사574426,0,0,1,0,0,1,0,70
다사583420,0,0,1,0,0,0,0,70
다사600437,0,130,1,0,0,0,0,71
다사552439,0,51,4,938.4166667,1,0,8,71
다사551439,0,51,1,0,3,3,8,71
다사593411,0,6,6,0,0,0,5,71
다사599439,0,0,10,662,0,0,1,71
다사650426,0,0,11,461.9106061,0,0,0,71
다사610398,0,0,8,95.29166667,3,4,7,71
다사566437,0,0,3,0,16,3,18,71
다사573440,1,0,4,0,0,2,5,71
다사651426,0,0,7,0,0,0,0,71
다사599437,0,0,1,0,0,0,0,71
다사574434,0,26,4,571.5,0,1,1,72
다사561431,0,12,3,1065.25,4,2,2,72
다사585444,0,12,4,0,2,4,7,72
다사640428,0,0,7,624.0591036,0,0,0,72
다사599454,0,0,3,0,4,2,0,72
다사646416,0,0,7,0,0,0,1,72
다사639428,0,0,1,0,0,0,0,72
다사600449,0,151,3,0,5,2,25,73
다사635437,0,92,3,2710.166667,4,1,7,73
다사575442,0,91,2,151.25,8,2,2,73
다사632440,0,72,4,0,1,1,2,73
다사576441,0,46,4,0,1,0,2,73
다사576442,0,0,3,0,3,0,6,73
다사635438,0,0,1,0,0,0,0,73
다사600416,0,88,5,0,1,0,9,74
다사631427,0,77,3,0,8,12,5,74
다사603444,0,58,6,0,1,2,4,74
다사626440,0,197,1,0,0,0,0,75
다사626439,0,0,2,0,7,3,12,75
다사627440,0,0,3,0,0,0,0,75
다사581444,1,0,1,0,6,7,23,76
다사630433,0,0,7,0,0,0,0,76
다사546423,0,55,3,0,0,0,0,77
다사580407,0,0,16,3476.041667,0,0,0,77
다사608391,0,91,8,0,2,2,1,78
다사609391,0,0,1,0,0,0,0,78
다사593456,0,39,4,1261.75,1,0,8,79
다사593454,0,11,4,356.0416667,1,5,6,79
다사598403,0,0,4,0,0,0,0,79
다사572428,0,0,3,0,0,0,0,79
다사591403,0,0,1,0,0,0,0,79
다사576401,0,0,1,0,0,0,0,79
다사556441,0,44,2,1262.666667,2,2,7,80
다사552432,0,0,9,0,2,2,5,80
다사646415,0,0,11,0,0,1,0,80
다사587435,0,46,4,2144.345833,6,7,15,81
다사588435,0,0,4,0,1,9,5,81
다사599415,0,92,2,0,1,2,3,82
다사548431,0,6,10,3100.846154,2,8,2,82
다사587432,0,116,1,0,2,0,2,83
다사565428,0,51,2,1242.904762,2,3,1,83
다사574430,0,6,3,0,2,1,13,83
다사645433,0,0,1,0,1,2,1,83
다사659420,0,0,5,0,0,0,0,83
다사659421,0,0,3,0,0,0,0,83
다사644433,0,0,2,0,0,0,0,83
다사650418,0,308,8,2859.244194,0,4,12,84
다사577428,0,102,3,0,1,1,5,84
다사651418,0,0,5,2402.966667,0,0,0,84
다사651419,0,0,3,0,0,1,0,84
다사587456,0,72,4,0,3,3,3,85
다사594431,0,64,1,722.8611111,0,0,0,85
다사597457,0,64,6,0,4,5,5,85
다사596460,0,50,3,652.375,4,4,5,85
다사587454,0,37,5,0,3,3,11,85
다사587455,0,28,2,2115.632653,2,3,12,85
다사588454,0,0,7,780.8333333,3,8,3,85
다사596457,0,0,10,271.3333333,1,3,9,85
다사609451,0,99,3,0,0,2,4,86
다사581441,0,49,2,0,1,1,14,86
다사609450,0,36,1,1042.625,0,0,2,86
다사609449,0,27,8,538.6111111,3,4,6,86
다사624437,0,0,4,2260,6,7,13,86
다사650428,0,0,2,535,0,0,0,86
다사653419,0,0,4,490.8108108,0,0,0,86
다사581442,0,0,1,0,1,7,7,86
다사613424,0,0,5,0,0,0,0,86
다사650430,0,0,4,0,0,0,0,86
다사574428,0,197,2,0,3,2,4,87
다사610395,0,158,5,0,0,1,0,87
다사578400,0,90,1,0,0,1,0,87
다사610396,0,70,6,1953,2,2,1,87
다사562434,0,23,3,540.6666667,0,0,0,87
다사561434,0,0,3,445.6666667,0,0,0,87
다사605391,0,0,7,0,0,0,0,87
다사631429,0,129,8,171.9166667,3,1,0,88
다사555434,0,107,1,0,2,5,1,88
다사573454,0,73,1,0,1,2,0,88
다사630429,0,72,1,0,0,0,0,88
다사568428,0,26,8,0,2,1,7,88
다사600452,0,0,4,2721.783333,9,13,21,88
다사570439,0,0,12,444.5416667,1,4,2,88
다사600451,0,0,5,0,11,9,11,88
다사556429,0,58,2,0,0,1,0,89
다사566431,0,0,4,0,4,2,3,89
다사642437,0,0,1,0,0,0,0,89
다사600459,0,101,2,0,6,3,6,90
다사555428,0,93,2,0,1,2,2,90
다사599458,0,44,1,665.1666667,0,1,13,90
다사600458,0,32,2,718.9166667,4,2,4,90
다사576402,0,0,3,0,0,0,0,90
다사590457,0,91,2,0,8,6,4,91
다사590458,0,0,2,1279.333333,0,1,0,91
다사591456,0,0,1,0,3,1,12,91
다사595408,0,0,6,0,0,0,1,91
다사611426,0,0,4,798.4444444,0,0,0,92
다사584428,0,0,8,752.9583333,1,2,8,92
다사570449,0,109,8,24.875,0,0,0,93
다사578446,0,64,4,400.5833333,7,25,11,93
다사569449,0,0,7,351.5,0,2,1,93
다사574398,0,111,2,0,0,0,0,94
다사612442,0,6,2,553.4814815,0,5,2,94
다사571429,0,0,2,3554.690476,4,1,5,94
다사609444,0,13,3,0,2,1,4,95
다사631431,0,0,10,949.7083333,0,0,0,95
다사599401,0,0,3,0,0,2,1,96
다사562435,0,83,4,0,1,4,24,99
다사629436,0,7,10,2767.75,2,4,4,99
다사567428,0,0,8,0,0,5,1,99
다사589440,0,51,3,0,7,5,8,100
다사579407,0,0,2,0,0,0,0,100
다사602449,0,53,6,1420.805556,7,11,33,101
다사647435,0,23,2,0,0,0,0,101
다사594424,0,11,2,489.5416667,1,4,6,101
다사593447,0,7,1,0,7,4,11,102
다사581433,0,0,2,834.125,0,0,0,102
다사598404,0,0,3,0,0,4,0,102
다사605434,0,657,1,0,6,9,47,103
다사594438,0,60,3,1214.133333,2,3,9,103
다사593438,0,39,2,0,2,9,6,103
다사593439,0,33,4,0,1,5,3,103
다사593437,0,13,3,0,4,10,17,103
다사594437,0,0,5,0,1,1,2,103
다사606435,0,0,4,0,0,0,0,103
다사584436,0,214,2,0,7,4,9,104
다사604395,0,0,2,0,0,0,0,104
다사603432,0,255,7,0,29,16,17,105
다사602433,0,153,9,0,22,38,28,105
다사551434,0,66,4,1490.25,0,7,8,106
다사551435,0,17,5,0,4,7,12,106
다사609396,0,94,1,0,0,0,0,107
다사572457,0,7,2,0,2,0,0,107
다사589449,0,0,1,0,3,2,7,107
다사572456,0,0,2,0,0,1,0,107
다사600417,0,7,4,3537.219246,6,10,5,108
다사600417,0,6,4,3537.219246,6,10,5,108
다사589405,0,0,9,0,0,2,7,108
다사562433,0,94,1,0,0,0,0,109
다사561446,0,0,7,764.6666667,0,0,0,109
다사601403,0,0,4,381.4439891,0,0,0,109
다사614451,0,44,4,0,2,4,9,110
다사603460,0,28,2,1801.722222,2,5,0,110
다사615451,0,0,11,0,0,0,1,110
다사556440,0,0,2,0,0,0,0,110
다사572445,0,117,1,0,0,0,0,111
다사545432,0,100,7,0,9,9,24,111
다사545431,0,98,3,0,8,13,11,111
다사578456,0,59,2,0,6,9,46,111
다사652418,0,28,3,0,0,0,1,111
다사545430,0,10,9,191.8888889,2,2,8,111
다사573449,0,283,3,0,0,0,0,112
다사573450,0,75,1,0,0,0,0,112
다사578444,0,64,16,0,0,0,0,112
다사572449,0,31,1,0,0,0,0,112
다사572450,0,31,1,0,0,0,0,112
다사556442,0,29,6,1497.583333,3,9,10,112
다사579443,0,0,9,743.8819444,9,3,6,112
다사606441,0,76,1,0,0,1,2,113
다사635436,0,65,6,3878.25,1,2,7,113
다사606442,0,39,8,0,3,1,2,113
다사584413,0,0,2,98.97222222,0,0,0,113
다사553439,0,91,1,0,2,2,2,114
다사611445,0,7,6,0,0,3,6,114
다사611444,0,0,3,0,1,10,3,114
다사612444,1,0,4,0,1,4,9,114
다사562442,0,0,1,0,0,0,0,114
다사597465,0,119,2,0,0,0,0,115
다사577436,1,101,4,0,4,3,2,116
다사611438,0,74,1,0,0,0,0,116
다사611439,0,51,4,0,13,6,25,116
다사610394,0,0,5,98.08333333,0,1,6,116
다사594465,0,0,16,0,9,15,19,116
다사583430,0,0,4,0,2,1,5,116
다사579431,0,0,1,0,1,2,0,116
다사610427,0,0,3,0,0,4,1,116
다사612438,0,0,2,0,0,2,14,116
다사574446,0,123,7,274.0833333,1,0,0,117
다사543422,0,72,1,0,1,0,13,117
다사609437,0,0,4,199.9166667,0,0,3,117
다사542422,0,0,4,0,2,2,14,117
다사542423,0,0,4,0,2,0,4,117
다사601446,0,0,4,0,0,0,0,117
다사596414,0,15,1,0,0,0,2,118
다사563436,0,0,6,716.25,0,0,0,118
다사615446,0,145,4,0,3,0,1,119
다사569456,0,95,1,0,0,0,1,119
다사607392,0,47,3,0,0,0,0,119
다사569455,0,47,3,0,0,0,0,119
다사563440,0,0,3,929.5555556,0,0,0,119
다사567451,0,0,11,0,0,1,0,119
다사566451,0,0,7,0,0,0,3,119
다사617441,0,137,2,761.8571429,1,0,1,121
다사626438,0,0,4,0,0,0,0,121
다사543427,0,141,2,0,5,2,3,122
다사580439,0,89,4,0,0,0,0,122
다사542425,0,17,6,0,4,5,4,122
다사542427,0,8,7,0,4,4,5,122
다사553430,0,0,5,3115.333333,2,7,7,122
다사596448,0,118,2,0,4,3,9,123
다사576449,0,66,4,0,0,1,0,123
다사570433,0,39,6,297,5,4,12,123
다사590448,1,0,4,3865.243243,10,7,8,123
다사575449,0,0,3,1125.527778,0,0,0,123
다사584415,0,0,2,27,0,0,0,123
다사571433,0,0,6,0,4,4,6,123
다사584416,0,0,5,0,0,0,0,123
다사606390,0,156,5,0,0,0,0,124
다사591464,0,0,1,0,8,2,22,124
다사609456,0,0,4,0,3,2,4,124
다사609457,0,0,6,0,1,2,12,124
다사595449,0,0,7,0,0,0,0,124
다사612426,0,185,5,0,6,8,17,125
다사568446,0,12,4,1986.027778,8,3,5,125
다사604447,0,7,4,0,3,8,14,125
다사618444,0,0,3,1568.333333,4,4,9,125
다사600466,0,0,4,1554.261905,0,0,0,125
다사599466,0,0,7,0,2,4,5,125
다사606458,0,43,2,0,2,3,5,127
다사608428,0,0,3,295.75,0,0,0,127
다사609429,0,0,16,0,0,0,0,127
다사587462,1,9,4,0,2,4,19,128
다사566438,0,0,3,0,2,4,13,128
다사649428,0,0,2,0,0,0,0,128
다사589451,0,49,2,0,5,14,6,129
다사588410,0,0,12,529.75,0,0,0,129
다사567431,0,0,2,215.5416667,2,1,2,129
다사587411,0,0,3,41.83333333,3,0,5,129
다사598405,0,0,7,0,0,0,0,129
다사585461,0,0,8,0,2,4,1,130
다사583428,0,0,1,0,0,0,3,130
다사629439,0,0,2,0,0,0,0,130
다사595451,0,34,2,439.4444444,7,11,29,131
다사625437,0,198,8,0,0,0,0,132
다사561435,0,0,1,0,0,0,0,132
다사571431,0,111,4,0,1,3,12,134
다사570429,0,0,5,1419.7,2,3,4,134
다사545439,0,116,4,1938.416667,8,4,24,135
다사565437,0,43,1,1687.76,9,2,3,135
다사648431,0,0,4,4211.263889,0,0,0,135
다사647431,0,0,3,1870.992424,0,0,0,135
다사550432,0,46,4,0,8,6,2,136
다사587417,0,16,2,0,0,0,1,136
다사588417,0,0,9,0,0,0,1,136
다사649417,0,362,4,0,0,3,11,137
다사598454,0,67,1,0,1,4,4,137
다사607389,0,51,2,0,1,0,1,137
다사551444,0,0,4,475.25,2,4,1,137
다사566454,0,0,3,0,14,10,3,137
다사548439,0,99,4,0,6,2,4,138
다사548441,0,40,2,295.9166667,1,4,5,138
다사590426,0,25,7,1982.24359,3,0,3,138
다사548440,0,0,1,0,2,5,7,138
다사581408,0,27,4,0,1,1,6,139
다사589435,0,25,2,0,2,8,5,139
다사614439,0,0,2,0,1,2,0,139
다사614440,0,0,4,0,0,0,0,139
다사598439,0,63,2,787.5,1,0,5,141
다사598449,0,58,4,0,2,1,8,141
다사593468,0,44,1,0,2,4,4,141
다사584465,0,27,1,0,2,1,0,141
다사654419,0,27,1,0,0,0,0,141
다사584464,0,13,3,0,1,2,11,141
다사584463,0,0,4,4824.333333,1,2,7,141
다사593469,0,0,3,1903.283333,3,1,0,141
다사593470,0,0,4,972.55,2,4,6,141
다사608454,1,0,4,247.0416667,7,7,9,141
다사608453,0,0,9,0,1,1,2,141
다사595407,0,0,14,0,0,0,0,141
다사603465,0,38,1,375.7916667,1,3,7,142
다사603464,1,9,7,0,2,0,0,142
다사583416,0,0,3,0,0,0,0,142
다사618447,0,75,5,1908.75,4,4,0,143
다사617447,0,0,12,0,0,2,0,143
다사574441,0,131,2,0,5,0,4,144
다사575458,0,7,4,0,6,3,17,144
다사583432,0,0,4,0,0,1,5,144
다사598442,0,99,4,464.3611111,2,0,0,145
다사630436,0,68,6,0,4,9,8,145
다사643435,0,0,2,0,0,0,0,145
다사580441,0,88,7,0,1,3,43,146
다사634438,0,78,1,2127.035714,6,6,4,146
다사597414,0,48,4,0,1,3,2,146
다사631440,0,20,2,800.5,0,3,1,147
다사612459,0,0,3,647.0833333,0,0,0,147
다사541420,0,0,21,0,0,0,0,147
다사612458,0,0,5,0,0,0,0,147
다사630440,0,0,1,0,0,0,0,147
다사545449,0,29,5,0,7,3,10,148
다사601416,0,21,2,0,1,4,2,148
다사546449,0,17,2,0,2,0,2,148
다사585468,0,0,2,1190.388889,5,5,13,148
다사609461,0,0,5,358.4166667,0,2,0,148
다사546448,0,0,7,0,16,38,11,148
다사601416,0,0,2,0,1,4,2,148
다사608461,0,0,2,0,0,0,0,148
다사602441,0,85,4,0,0,1,0,149
다사544422,0,29,2,0,0,0,0,149
다사546434,0,71,3,277.375,5,7,4,150
다사545434,0,53,1,0,2,2,0,150
다사546435,0,10,2,0,1,1,0,150
다사594414,0,0,4,0,1,3,1,150
다사586439,0,29,4,0,2,7,17,151
다사567458,0,27,3,0,0,0,0,152
다사658421,0,0,6,1263.244745,0,0,0,152
다사581445,0,0,2,495.75,5,2,7,152
다사582444,0,0,4,0,3,111,24,152
다사567457,0,0,3,0,0,0,0,152
다사591441,0,97,4,0,5,4,9,153
다사592441,1,0,16,0,4,1,10,153
다사580436,0,0,1,0,0,0,0,154
다사599440,0,99,4,666.6666667,0,0,0,155
다사555447,0,130,4,0,0,0,0,156
다사582470,0,16,2,0,5,11,10,156
다사578465,0,0,4,0,3,3,10,156
다사582468,0,0,4,0,1,5,5,156
다사555446,0,0,8,0,0,0,0,156
다사650427,0,0,6,0,0,0,0,157
다사629445,0,0,6,0,0,0,0,157
다사601440,0,113,2,0,0,0,0,159
다사599453,0,36,3,0,6,7,6,160
다사620442,0,0,5,0,0,1,0,160
다사588440,0,168,1,0,14,21,34,161
다사592437,0,0,4,2739.625,2,6,12,161
다사604435,0,0,2,0,0,0,0,161
다사549431,0,13,2,456.6923077,4,6,5,162
다사591422,0,0,1,805.5598421,1,1,6,162
다사600470,0,131,1,0,8,10,11,163
다사608448,0,82,2,587.7916667,11,7,4,163
다사593440,0,37,3,2105.680556,3,6,9,163
다사562436,0,0,5,0,1,4,18,163
다사587469,0,55,2,0,2,2,7,164
다사587470,0,8,4,1707.916667,4,4,3,164
다사588470,0,0,6,548.8166667,2,5,3,164
다사588468,0,0,6,0,3,8,4,164
다사588469,0,0,4,0,0,0,4,164
다사598415,0,85,3,4980.597222,8,2,6,165
다사606391,0,26,1,0,0,0,0,165
다사565435,0,17,4,0,4,4,5,165
다사583437,0,500,1,0,14,10,20,166
다사580438,0,160,2,444.5833333,1,0,0,166
다사587431,0,128,10,401.9322917,2,8,6,166
다사591471,0,0,3,2699.083333,2,3,9,166
다사587431,0,0,10,401.9322917,2,8,6,166
다사590471,0,0,1,0,5,4,13,166
다사582409,0,0,2,0,0,0,0,166
다사595443,0,96,4,0,5,4,4,167
다사584417,0,0,5,0,0,0,0,167
다사587472,0,57,2,0,0,3,5,168
다사580451,0,22,4,251.6666667,4,2,11,168
다사568445,0,13,2,0,2,4,8,168
다사591455,0,0,3,278.2916667,4,1,5,168
다사592456,0,159,3,0,1,0,6,170
다사545442,0,127,4,0,10,6,9,170
다사608471,0,67,3,0,8,4,7,170
다사545441,0,6,4,910.5,9,7,38,170
다사652419,0,0,1,1687.486486,0,0,0,170
다사594430,0,0,22,1332.083333,2,1,1,170
다사601433,0,130,7,0,7,11,6,172
다사609468,0,81,6,0,4,3,4,172
다사608467,0,78,6,0,1,1,1,172
다사610447,0,76,4,750.6333333,2,2,1,172
다사596471,0,38,1,0,8,7,17,172
다사608468,2,0,15,3814,0,0,2,172
다사614433,0,0,2,0,0,0,0,173
다사602468,0,58,1,0,0,5,4,174
다사586458,0,23,4,1123.204082,0,5,6,174
다사602467,0,0,7,471.6388889,1,0,7,174
다사572448,0,0,2,108.5,0,0,0,174
다사601449,0,0,6,0,1,1,12,174
다사651430,0,0,6,0,0,0,0,174
다사652430,0,0,3,0,0,0,0,174
다사598458,0,110,3,554.4444444,2,1,9,175
다사598430,0,55,3,0,3,1,11,175
다사593473,0,0,4,2433.65,2,6,12,175
다사600472,0,0,5,628.1944444,5,6,9,175
다사599473,0,0,3,0,7,8,3,175
다사599472,0,0,1,0,6,14,5,175
다사600473,0,0,3,0,5,6,10,175
다사593472,0,0,2,0,3,3,3,175
다사594472,0,0,2,0,3,2,8,175
다사543443,0,38,9,0,1,1,0,176
다사542443,0,0,1,0,0,0,0,176
다사582415,0,76,4,2670.944444,1,0,5,177
다사574443,0,50,2,0,7,4,0,177
다사628438,0,0,6,3720.541667,0,0,0,177
다사589450,0,0,3,0,7,9,7,177
다사586443,0,0,4,0,1,1,8,177
다사543436,0,85,2,155.9166667,3,8,3,178
다사542436,0,0,20,0,0,1,2,178
다사560450,0,0,1,0,5,343,126,179
다사595448,0,0,3,0,1,2,3,179
다사561449,0,0,4,0,0,0,0,179
다사560449,0,0,1,0,0,0,0,179
다사586418,0,95,6,2748.631944,6,1,5,180
다사592458,0,57,2,0,3,7,0,180
다사584439,0,0,2,1926.833333,3,3,3,180
다사599428,0,0,1,0,2,1,2,180
다사599427,0,0,2,0,1,3,2,180
다사600427,0,0,1,0,0,0,0,180
다사610449,0,51,4,0,2,3,9,181
다사590412,0,0,4,0,0,0,0,181
다사605440,0,73,4,694.9,0,0,0,182
다사611462,0,35,10,1047.52381,15,11,7,183
다사612462,0,18,4,0,0,1,8,183
다사655420,0,0,4,1905.945235,0,0,0,183
다사611461,0,0,10,0,0,0,0,183
다사583411,0,0,6,0,0,0,0,183
다사646433,0,44,4,3451.816667,0,0,0,184
다사595461,0,6,3,0,4,5,10,184
다사595413,0,26,1,2085.083333,3,4,0,185
다사608427,0,0,3,87.33333333,0,0,0,185
다사586435,0,0,3,0,8,5,22,185
다사610428,0,0,1,0,1,1,6,185
다사584477,0,77,6,0,2,7,3,186
다사585477,0,0,2,2294.756944,22,15,26,186
다사572463,0,0,6,0,3,1,4,187
다사604442,0,0,8,0,0,1,0,187
다사612435,0,0,5,0,0,0,0,187
다사620435,0,0,2,715.9583333,0,0,0,189
다사601451,0,0,13,0,5,3,9,189
다사621436,0,0,1,0,0,0,0,189
다사541425,0,0,4,0,0,0,0,190
다사583433,0,24,4,0,0,3,2,192
다사582433,0,0,10,0,2,2,2,192
다사605432,0,996,4,0,7,12,21,193
다사603459,0,87,2,0,6,2,4,193
다사547431,0,80,2,0,3,7,1,193
다사573441,0,38,3,147.0833333,1,6,4,193
다사591431,0,30,3,0,3,5,6,193
다사605431,0,0,10,0,0,0,0,193
다사584434,0,78,4,2066.770833,2,1,5,194
다사573455,0,130,1,0,0,0,0,195
다사606473,0,34,3,0,0,0,0,195
다사605473,0,0,1,0,3,7,11,195
다사585445,0,0,8,0,3,2,23,195
다사586445,0,0,1,0,2,4,2,195
다사606472,0,0,2,0,1,5,4,195
다사597438,0,78,1,380.75,0,0,0,196
다사582480,0,62,1,0,1,1,0,196
다사582479,0,37,3,0,0,0,0,196
다사587475,0,0,3,501.9583333,0,4,1,197
다사588477,0,0,2,0,4,12,7,197
다사587476,0,0,2,0,1,1,4,197
다사597477,0,0,2,0,0,0,0,197
다사579442,0,0,7,402.7808219,4,5,0,198
다사569463,0,174,4,2637.25,0,0,0,199
다사570463,0,160,16,0,8,7,4,199
다사611450,0,70,1,0,1,1,2,200
다사588436,0,53,3,0,6,9,16,200
다사589436,0,51,1,413.5,4,8,6,200
다사579453,0,14,4,1391.106061,7,9,31,200
다사578453,1,10,12,3179.804054,4,3,12,200
다사578453,1,0,12,3179.804054,4,3,12,200
다사578454,0,0,12,1522.400794,5,5,3,200
다사579453,0,0,4,1391.106061,7,9,31,200
다사601422,0,44,4,2306.638889,1,1,5,201
다사542433,0,0,10,0,3,0,12,201
다사630439,0,94,1,0,1,0,3,203
다사628439,0,214,6,0,15,18,20,205
다사542439,0,0,17,448.7202381,0,0,0,205
다사578445,0,0,4,0,0,0,0,205
다사583431,0,143,7,681,4,2,4,206
다사547434,0,127,3,0,2,5,4,206
다사625438,0,0,7,0,0,0,0,207
다사585437,0,236,2,0,9,19,17,208
다사602430,0,54,1,0,0,0,0,208
다사590427,0,48,1,0,1,1,5,208
다사585436,0,0,14,1866.692708,5,3,7,208
다사580440,0,0,1,477.25,0,0,0,208
다사604434,0,0,1,460.6098039,4,4,9,208
다사585437,0,0,2,0,9,19,17,208
다사603430,0,0,1,0,0,0,0,208
다사610444,0,0,3,2812.088889,0,10,4,209
다사551453,0,135,4,0,0,0,0,210
다사552452,0,100,12,0,0,0,0,210
다사615437,0,89,2,0,0,0,0,210
다사586441,0,84,4,0,4,1,9,210
다사614437,0,68,2,414.09375,0,0,0,210
다사593476,0,7,2,0,17,14,14,210
다사594476,0,0,4,0,6,10,3,210
다사594477,0,0,8,0,0,0,0,210
다사541427,0,0,5,0,0,0,0,210
다사615436,0,0,3,0,0,0,0,210
다사591478,0,101,3,0,0,0,0,212
다사590478,0,97,5,1597.109091,0,0,0,212
다사591477,0,18,2,0,35,18,43,212
다사594436,0,0,1,1063.472222,10,6,4,212
다사568449,0,0,12,806.4444444,4,2,10,212
다사581475,0,0,4,0,0,0,1,212
다사582477,0,0,1,0,0,0,0,212
다사618434,0,0,3,937.375,11,17,34,213
다사617434,0,0,4,0,3,3,2,213
다사603445,0,45,1,967.1770833,1,6,4,214
다사595463,1,32,5,1691.854167,9,5,30,214
다사543421,0,17,1,0,3,0,23,214
다사594464,0,128,2,0,18,12,23,215
다사598441,0,6,4,840.7777778,7,4,9,215
다사611469,0,0,2,0,0,0,0,215
다사612470,0,0,1,0,0,0,0,215
다사568438,0,0,2,0,9,3,18,216
다사567438,0,0,7,0,4,1,8,216
다사554449,0,167,1,0,9,5,4,218
다사555449,0,159,2,0,0,0,0,218
다사554450,0,48,1,874.9833333,0,2,1,218
다사555451,0,47,1,0,0,0,0,218
다사568447,0,0,4,1148.875,1,5,8,218
다사579451,0,0,24,439.1388889,1,5,5,218
다사646431,0,0,5,0,0,0,0,218
다사617452,0,0,2,0,1,0,2,219
다사586453,0,13,4,653.0416667,0,0,1,220
다사543430,0,145,4,150.625,2,2,6,221
다사607448,0,54,5,632.625,8,10,5,221
다사542429,0,32,1,0,2,1,5,221
다사542430,0,0,9,2115.194444,7,6,18,221
다사649430,0,0,2,0,0,0,0,221
다사596417,0,56,4,378,4,5,7,222
다사598455,0,0,3,0,0,0,0,222
다사606457,0,28,2,1235.288889,4,0,10,223
다사592463,0,0,2,0,1,0,3,223
다사614456,0,0,2,0,0,3,2,223
다사650431,0,45,4,0,0,0,1,225
다사571451,0,72,4,0,0,0,0,226
다사571456,0,69,1,0,0,0,0,226
다사582460,0,17,1,0,0,6,3,226
다사597431,0,62,3,0,0,6,5,227
다사598431,0,52,2,0,1,0,1,227
다사561445,0,0,3,200.5,0,0,0,227
다사608452,0,0,4,0,0,0,2,227
다사579474,0,67,7,646.6354167,2,0,3,228
다사590418,0,52,1,0,3,1,8,228
다사590420,0,30,4,0,6,1,6,228
다사595438,0,0,4,2058.433333,1,1,3,228
다사591418,0,0,2,0,0,0,4,228
다사598450,0,0,3,0,6,16,22,229
다사600440,0,65,2,2433,0,0,0,230
다사596465,0,138,3,976.3809524,0,0,0,231
다사552433,0,24,4,0,6,8,3,232
다사588453,0,0,1,0,0,3,6,232
다사580460,0,55,2,0,1,3,0,233
다사597466,0,20,2,0,5,4,2,233
다사613440,0,0,6,0,0,4,3,233
다사606426,0,0,6,454.8333333,0,0,0,234
다사601417,0,57,6,0,5,5,7,236
다사601417,0,0,6,0,5,5,7,236
다사647432,0,0,3,0,0,0,0,236
다사607454,0,0,1,1099.533333,3,4,7,237
다사542424,0,47,4,0,1,4,12,239
다사598465,0,102,1,0,0,0,0,240
다사648433,0,56,2,0,4,3,16,240
다사576443,0,0,2,100.3333333,0,0,0,240
다사649435,0,45,1,0,4,2,4,242
다사570465,0,0,2,737.75,0,0,0,243
다사586413,0,0,4,86.66666667,0,0,0,244
다사550435,0,18,1,1391.472222,4,8,15,245
다사592455,0,37,5,720.4444444,0,3,2,247
다사591416,0,0,2,40.25,0,0,0,247
다사556446,0,0,7,243,3,2,8,249
다사592411,0,0,1,1001.958333,2,76,63,252
다사589463,0,0,16,0,1,3,4,252
다사589455,1,60,1,0,11,8,15,253
다사590455,0,0,3,0,2,5,12,253
다사613439,0,0,4,0,6,6,14,255
다사576472,1,48,2,767.71875,1,2,1,256
다사594412,0,24,6,1371.3125,3,2,19,256
다사594467,1,45,1,0,7,7,4,257
다사583461,0,132,3,0,1,2,7,258
다사596459,0,56,1,0,0,9,7,259
다사610441,0,77,2,0,0,1,0,260
다사604443,0,0,4,942.1666667,5,8,14,260
다사572470,0,99,2,0,0,0,0,261
다사572471,0,19,4,0,0,0,0,261
다사604427,0,0,5,0,0,0,0,261
다사579448,0,107,2,0,11,5,24,262
다사601450,1,16,4,0,20,6,7,262
다사604441,0,0,4,0,11,23,9,262
다사597428,0,7,6,185.1666667,3,5,13,264
다사541421,0,0,1,1874.736111,0,0,0,264
다사658422,0,0,6,0,0,0,0,265
다사647436,0,91,2,0,0,0,0,267
다사571448,0,0,6,0,0,0,0,267
다사617446,0,0,7,0,2,1,1,268
다사588408,0,84,4,0,1,1,1,271
다사568456,0,69,3,0,0,1,0,271
다사585462,0,16,4,0,1,10,6,271
다사577447,0,10,6,1231.0625,0,0,0,271
다사599429,0,0,5,0,0,0,1,271
다사581447,0,0,12,2010.245833,2,8,9,272
다사545446,0,46,7,0,0,1,0,273
다사546444,0,0,12,0,0,2,6,273
다사545445,0,0,1,0,0,0,0,273
다사563459,0,140,3,0,1,0,1,274
다사564458,0,111,12,0,0,0,0,274
다사546437,0,71,6,1667.75,10,5,15,274
다사547437,0,43,2,0,4,5,6,274
다사604424,0,11,1,749.6666667,0,4,0,274
다사583410,0,0,1,0,0,0,0,279
다사634439,0,67,1,1986.25,2,0,1,280
다사568448,0,0,2,4143.166667,6,7,9,280
다사607443,0,89,4,0,0,3,1,281
다사580445,0,0,4,0,4,5,9,281
다사619442,0,0,8,0,0,0,0,281
다사589466,0,0,6,0,1,0,0,282
다사595425,0,52,4,1097.333333,3,4,0,283
다사602459,0,47,2,0,1,1,10,283
다사601459,0,46,2,0,3,4,10,283
다사619444,0,89,2,0,0,1,1,285
다사576458,0,7,8,0,5,2,13,288
다사576458,0,0,8,0,5,2,13,288
다사560448,0,0,9,0,4,0,8,288
다사607436,0,0,6,651.4693775,7,4,3,289
다사606436,0,0,3,0,5,2,5,289
다사604463,0,13,1,1646.444444,2,1,1,290
다사550444,0,0,4,615.9166667,0,2,3,291
다사613432,0,63,4,269.1666667,1,0,0,292
다사612432,0,57,4,65.16666667,0,1,0,292
다사631444,0,0,1,0,0,0,0,293
다사617455,0,0,4,0,4,2,3,296
다사617454,0,0,6,0,1,2,4,296
다사617456,0,0,1,0,0,0,1,296
다사607461,0,0,5,0,0,0,0,296
다사604432,0,0,2,0,0,0,0,298
다사595462,0,34,1,0,2,2,8,299
다사612443,0,0,2,1754.976852,0,1,8,301
다사610443,0,11,1,0,2,3,16,303
다사585417,0,0,7,0,0,2,0,303
다사610438,0,0,3,391.7604167,40,38,51,304
다사558451,0,0,3,287.4166667,12,19,22,304
다사604452,0,0,6,0,4,3,8,304
다사583468,0,0,6,0,2,2,6,304
다사558452,0,0,8,0,0,0,0,304
다사610456,0,0,2,0,0,5,7,305
다사541424,0,0,6,0,0,0,0,307
다사547441,0,85,1,479.6666667,5,9,1,308
다사582467,0,0,3,0,2,3,3,308
다사585469,0,63,1,862.5277778,1,5,6,309
다사599422,0,47,5,2904.375,4,7,6,309
다사548448,0,0,12,471.8277778,4,6,19,309
다사613450,0,25,2,0,3,1,4,310
다사612450,0,24,5,1379.595833,0,2,1,310
다사544432,0,35,5,445.375,1,4,9,312
다사622436,0,0,12,0,0,0,0,315
다사550436,0,59,4,496.8125,5,10,13,316
다사547433,0,120,4,0,9,9,7,317
다사583470,0,36,2,0,9,3,6,317
다사610454,0,0,16,0,0,1,2,322
다사557456,0,0,5,0,0,0,0,323
다사603428,0,70,2,0,2,2,1,324
다사555445,0,8,5,0,1,5,8,324
다사608431,0,0,4,0,0,0,0,324
다사577448,0,110,8,9.583333333,3,8,2,325
다사589426,1,0,5,706.375,0,0,0,325
다사613445,1,0,4,1667.083333,4,9,15,326
다사613441,0,0,4,345.0625,0,1,0,326
다사570461,0,26,2,0,0,0,0,327
다사617463,0,0,7,0,0,0,0,327
다사601470,0,35,2,0,2,4,3,329
다사576450,0,0,13,243.8666667,0,1,21,329
다사616451,0,0,2,0,3,1,0,329
다사589470,0,0,4,1159.75,1,1,5,330
다사561456,0,0,4,0,2,2,12,330
다사595464,0,0,2,0,2,0,2,330
다사560456,0,0,3,0,0,1,0,330
다사560457,0,0,4,0,0,0,0,330
다사610461,0,0,2,305.375,0,0,0,331
다사592413,0,0,3,0,0,1,7,331
다사576461,0,13,6,0,4,4,6,332
다사575463,0,0,2,1398.770833,1,2,8,332
다사576461,0,0,6,0,4,4,6,332
다사589460,0,0,4,0,2,0,4,332
다사628445,0,0,3,0,0,0,0,332
다사574450,0,0,1,0,0,0,0,332
다사595423,0,39,6,0,2,4,7,334
다사594423,0,21,2,720,1,8,6,334
다사615466,0,30,2,0,1,0,0,335
다사603477,0,0,2,0,1,1,0,336
다사601468,0,6,3,726.0416667,12,5,10,337
다사595428,0,42,8,0,1,0,3,338
다사600471,0,29,3,728,13,11,7,338
다사595428,0,0,8,0,1,0,3,338
다사592464,0,0,3,0,6,6,6,339
다사589427,0,0,1,2574.958333,0,1,5,340
다사583472,0,0,4,1658.766667,3,6,6,341
다사592472,0,0,6,0,8,10,8,341
다사625444,0,0,4,708.25,0,0,0,342
다사607470,0,0,6,0,7,6,5,342
다사609469,0,0,2,0,0,4,3,342
다사586434,1,0,10,0,0,1,3,342
다사542428,0,0,2,0,0,2,0,343
다사633441,0,0,5,0,0,1,0,343
다사634441,0,0,6,0,0,0,0,343
다사580459,0,76,2,0,1,3,1,344
다사570468,0,21,8,2173.861111,2,1,1,344
다사607453,0,0,8,716.2407407,2,4,2,344
다사547435,0,0,1,0,2,4,1,345
다사586432,0,0,10,1526.921182,2,4,8,346
다사595472,0,0,2,0,4,2,6,347
다사549438,0,0,12,941.3958333,6,6,12,348
다사561453,0,0,8,0,5,14,7,348
다사560453,0,0,2,0,0,0,1,348
다사565456,0,208,4,2745.970833,1,4,2,350
다사602473,0,0,4,0,3,6,12,351
다사574463,0,17,4,0,0,1,15,353
다사616441,0,0,3,0,1,0,0,353
다사597472,0,23,4,3918.958333,4,5,23,355
다사598429,0,0,4,7364.291667,5,10,13,355
다사622442,0,0,1,0,0,0,0,355
다사583460,0,19,1,0,0,4,6,356
다사598475,0,0,4,953.1111111,1,6,2,357
다사598466,0,89,2,0,3,5,3,358
다사649431,0,49,2,0,51,63,77,360
다사614455,0,0,4,0,1,1,2,360
다사607455,0,0,10,320.5,4,2,27,361
다사581460,0,0,3,0,0,3,1,361
다사596426,0,34,4,319.2916667,4,15,11,364
다사615462,0,8,1,746.9166667,1,2,5,364
다사596426,0,0,4,319.2916667,4,15,11,364
다사596425,0,0,4,0,1,2,4,364
다사607472,0,43,2,0,4,11,12,365
다사585414,0,0,10,96.04166667,0,0,0,367
다사606471,0,0,1,0,3,2,10,367
다사604473,0,0,3,0,4,0,12,371
다사599419,0,64,8,0,4,3,10,372
다사599419,0,0,8,0,4,3,10,372
다사554448,0,49,12,0,0,0,0,374
다사648432,1,24,5,1545.020833,29,59,67,375
다사567463,0,90,1,0,0,0,0,378
다사567465,0,57,12,0,0,0,0,378
다사600422,0,31,4,553.0833333,1,9,8,378
다사566464,0,0,4,0,0,0,0,378
다사582482,0,107,3,0,0,0,0,379
다사597476,0,31,3,0,3,5,0,380
다사553449,0,87,9,1152.99537,0,0,0,382
다사561448,0,0,9,0,0,0,0,383
다사604460,0,110,3,0,3,5,8,385
다사605460,0,0,9,0,1,1,4,385
다사584438,0,0,30,986.9666667,1,1,8,388
다사578459,0,22,4,660.4754098,1,5,4,390
다사586415,0,0,1,0,0,0,0,390
다사593467,0,116,3,0,17,18,2,396
다사579480,0,0,4,0,0,0,0,397
다사579481,0,0,1,0,0,0,0,397
다사595420,0,14,7,0,0,0,3,398
다사594418,0,0,2,0,1,0,0,398
다사583477,0,0,4,0,0,0,0,398
다사583475,0,0,4,3810.366667,5,8,7,399
다사569457,0,0,4,0,1,5,7,399
다사608459,0,0,7,0,0,0,4,399
다사604462,0,37,3,510.75,2,1,5,400
다사604433,0,232,10,0,5,3,2,401
다사579473,0,0,3,0,4,2,17,401
다사604430,0,0,2,0,0,0,0,401
다사577456,0,44,4,1165.083333,6,5,12,402
다사592412,0,0,8,1243.875,0,0,4,402
다사577456,0,0,4,1165.083333,6,5,12,402
다사645438,0,0,4,0,0,0,0,402
다사613456,0,0,8,0,0,0,0,404
다사568455,0,0,18,1638,1,3,10,408
다사588478,0,0,9,0,6,1,2,409
다사589419,0,16,4,462.0714286,2,3,4,413
다사607434,0,0,4,0,0,0,0,417
다사592421,0,0,6,710.7651515,3,4,6,421
다사593477,0,0,2,1588.616667,0,25,64,422
다사592477,0,0,4,1025.931818,6,15,18,422
다사607460,0,59,1,0,0,3,8,423
다사546436,0,0,8,1155.083333,1,6,8,424
다사553451,0,31,6,0,1,0,1,428
다사578472,0,74,2,0,4,4,9,429
다사577472,0,0,4,0,2,2,2,429
다사616433,0,0,4,1379.064815,0,2,1,430
다사587429,0,0,8,0,1,1,3,430
다사619434,0,142,6,0,0,0,0,438
다사583466,0,0,4,2014.095833,4,4,5,441
다사602466,0,0,5,0,1,0,6,441
다사570464,0,0,2,1300.333333,11,8,5,442
다사553453,0,96,2,0,0,0,0,443
다사545443,0,73,3,900.25,4,13,13,443
다사597427,0,29,2,0,4,4,19,446
다사610455,0,0,5,0,1,170,89,446
다사575460,0,97,1,0,3,2,5,450
다사554452,0,0,3,0,0,0,0,451
다사580447,1,0,2,0,3,3,39,458
다사547442,0,39,7,2596.416667,6,8,9,462
다사584469,0,0,2,0,4,5,7,465
다사597422,0,41,16,2627.541667,2,9,8,466
다사597422,0,0,16,2627.541667,2,9,8,466
다사616452,0,0,1,0,1,0,1,466
다사615452,0,0,12,0,0,0,0,466
다사582443,0,0,2,0,0,0,0,468
다사573469,0,0,6,0,0,0,0,469
다사586431,0,146,4,0,2,3,9,470
다사586431,0,0,4,0,2,3,9,470
다사581467,0,0,4,2335.8,6,1,4,472
다사564457,0,0,5,0,0,10,5,472
다사549448,0,31,5,897.1444444,5,12,28,473
다사586469,0,0,3,0,2,6,0,473
다사564462,0,104,1,0,0,0,0,475
다사544446,0,0,12,0,0,0,0,475
다사583440,0,35,6,2880.333333,11,8,10,476
다사583440,0,0,6,2880.333333,11,8,10,476
다사565454,0,0,3,1764.583333,5,5,1,478
다사619441,0,0,5,0,0,0,0,480
다사593471,0,0,2,0,7,8,26,482
다사592471,0,0,6,0,2,4,0,482
다사559451,0,0,1,1870.166667,1,4,0,483
다사577473,0,0,3,0,0,0,0,484
다사610462,0,21,2,1564.8,1,3,10,486
다사562453,0,0,7,2294.004926,12,177,31,491
다사587471,1,0,2,749.9722222,1,3,1,493
다사604467,0,29,4,4269.083333,1,4,5,494
다사578466,0,0,1,0,2,2,8,494
다사583441,1,19,22,1650.322222,11,5,4,496
다사583441,1,0,22,1650.322222,11,5,4,496
다사601469,0,12,2,0,2,10,3,503
다사604431,0,432,2,0,14,8,11,506
다사592416,0,30,4,315.0166667,3,4,10,506
다사594429,0,15,6,0,1,2,2,508
다사594429,0,0,6,0,1,2,2,508
다사577458,0,0,8,863.7704918,2,8,7,510
다사608469,0,0,6,1634.44537,7,5,12,514
다사555448,0,30,1,0,0,0,0,515
다사589484,0,0,3,0,0,0,0,515
다사593419,0,0,2,0,1,1,3,518
다사616463,0,9,11,0,0,1,2,519
다사616456,0,0,4,539.1166667,1,1,5,519
다사573472,0,45,4,0,0,0,0,522
다사592422,0,0,7,1125.75,4,1,10,522
다사556451,0,0,5,0,0,0,0,522
다사573472,0,0,4,0,0,0,0,522
다사573471,0,0,2,0,0,0,0,522
다사618446,0,119,2,0,0,0,0,523
다사580448,0,0,10,4002.175439,11,8,16,524
다사562456,0,88,4,0,0,1,2,528
다사569461,0,0,14,27.26666667,0,0,0,529
다사595426,0,12,12,0,1,2,8,534
다사595426,0,0,12,0,1,2,8,534
다사588485,0,0,4,0,0,0,0,534
다사607471,0,0,4,410.4772727,3,0,7,537
다사613455,0,0,6,0,1,5,1,541
다사597420,0,162,4,342.1904762,9,7,14,542
다사598420,0,114,4,6131.930556,2,3,2,542
다사598420,0,0,4,6131.930556,2,3,2,542
다사597420,0,0,4,342.1904762,9,7,14,542
다사614462,0,0,3,0,1,3,21,547
다사585434,0,0,16,0,1,4,3,550
다사571468,0,0,4,2775,0,0,0,552
다사587474,0,0,1,469.8888889,0,2,8,552
다사618436,0,0,2,0,0,0,0,555
다사593474,0,0,4,0,5,4,3,557
다사588429,0,169,8,0,7,7,13,570
다사588429,0,0,8,0,7,7,13,570
다사606474,0,0,5,0,3,1,0,574
다사546447,0,15,8,924.9777778,2,13,12,575
다사591414,0,0,2,0,0,0,0,578
다사567462,0,0,6,0,0,0,0,580
다사583476,0,0,19,0,0,2,1,585
다사596476,0,0,1,0,0,9,2,590
다사553450,0,0,8,0,0,0,0,592
다사580480,0,0,2,0,3,1,3,593
다사587478,0,0,9,0,1,12,3,595
다사616434,0,0,6,0,0,0,0,596
다사547443,0,26,1,0,0,1,2,597
다사622443,0,0,3,0,0,0,0,610
다사575461,0,0,10,0,1,1,3,612
다사545450,0,31,5,0,0,0,0,614
다사544443,0,243,3,1058.208333,5,4,5,619
다사576460,0,0,10,1073.824074,1,2,3,620
다사589478,0,0,4,0,1,3,5,621
다사566459,0,0,15,78.32575758,0,0,0,628
다사571466,0,45,6,0,6,5,5,638
다사591421,0,0,5,633.4166667,2,0,4,649
다사598419,0,59,2,0,3,8,9,650
다사598419,0,0,2,0,3,8,9,650
다사544445,0,0,10,0,0,0,0,651
다사568467,0,16,4,0,0,1,1,655
다사592415,0,22,2,0,0,3,4,656
다사578473,0,0,7,0,7,6,7,657
다사594419,0,0,5,0,1,0,0,657
다사556450,0,106,4,0,0,0,0,663
다사561452,0,0,1,3193.342593,0,0,0,670
다사561455,0,74,2,0,2,4,2,678
다사616462,0,0,5,0,0,0,0,691
다사575471,0,0,7,0,0,1,0,704
다사574471,1,0,2,0,0,0,0,704
다사595480,0,0,2,0,0,0,0,709
다사616459,0,0,4,0,1,4,8,726
다사591417,0,0,1,799.2083333,0,0,0,734
다사592417,0,0,3,0,0,0,0,734
다사552454,0,0,2,0,0,0,0,736
다사592419,0,0,1,0,2,4,3,746
다사564461,0,25,1,1647.583333,2,1,5,749
다사605474,0,38,4,0,0,1,5,750
다사555452,0,0,1,0,0,0,0,755
다사563460,0,0,8,0,0,0,0,810
다사571469,0,54,2,0,0,1,1,813
다사572469,0,33,13,0,0,0,0,813
다사568464,0,58,6,0,0,1,0,820
다사617460,0,0,1,32.66666667,1,0,1,830
다사596424,0,0,2,0,0,0,2,830
다사559452,0,0,3,0,8,11,8,831
다사617457,0,0,6,254,0,0,0,850
다사616457,0,0,7,0,5,5,10,850
다사565463,0,84,1,0,0,0,0,853
다사607476,0,0,2,0,0,0,0,891
다사574470,0,0,6,0,0,0,0,896
다사607474,0,89,2,0,1,2,0,912
다사580481,0,65,2,0,0,0,0,972
다사569467,0,149,1,0,1,1,1,999
다사560455,0,0,2,92.5,0,0,1,1001
다사597421,0,0,8,0,1,3,2,1008
다사575464,1,0,16,1316.75,0,0,4,1054
다사565462,0,135,2,0,0,0,0,1055
다사575474,0,69,1,0,0,0,0,1086
다사548452,0,36,1,0,10,18,12,1102
다사555459,0,0,2,559,0,0,0,1115
다사562459,0,93,4,404.9166667,12,4,21,1140
다사551454,0,0,7,0,0,0,15,1217
다사563461,0,173,3,0,0,0,1,1285
다사556460,0,0,3,0,0,0,0,1307
다사556458,0,0,9,1344.25,0,0,0,1312
다사572472,0,0,4,0,0,0,0,1330
다사557457,0,0,3,0,0,0,0,1635
다사556457,0,0,2,0,0,0,0,1635
