"","pre"
"1",-6.56761514274286
"2",-5.12839506285822
"3",-5.56574669678718
"4",-5.19043068350838
"5",-1.8957947410403
"6",-5.79171929106466
"7",-6.01107947868304
"8",-2.20271392685617
"9",-2.25774738309879
"10",-5.81988916871864
"11",-2.72364810052515
"12",-4.73579335419601
"13",-4.4510025329866
"14",-1.10222764619522
"15",-1.20679121305619
"16",-4.36519747136324
"17",-4.58194437882316
"18",-5.37991330801188
"19",-4.9340056044485
"20",-5.05929413601039
"21",-1.85473231987176
"22",-3.42184545585872
"23",-2.78820802228425
"24",-6.05417855125297
"25",-2.40847136468475
"26",-6.22162500746127
"27",-3.76258525932479
"28",-4.98169582427951
"29",-5.04264675409795
"30",-2.28954658497518
"31",-5.38497767396412
"32",-4.39893474596174
"33",-4.67867320315531
"34",-4.48403330959349
"35",-5.97436130805697
"36",-5.15729708445192
"37",-6.21023687315025
"38",-5.53043489128721
"39",-5.57500539483511
"40",-5.61500097231523
"41",-5.52505842144565
"42",-6.87575857399433
"43",-4.20579345170347
"44",-10.3449155726002
"45",-5.34830574272029
"46",-6.12533220984992
"47",-3.40566572480496
"48",-6.2203201569185
"49",-4.81586378444554
"50",-5.31750827161847
"51",-4.51570438979852
"52",-5.12046893191936
"53",-6.16338033404135
"54",-6.21187596929527
"55",-5.22620992601387
"56",-6.08534864912557
"57",-6.46321267057928
"58",-5.5600360831652
"59",-5.73454214893112
"60",-6.32779869551854
"61",-4.35380930351717
"62",-6.20784366345207
"63",-6.38618414455824
"64",-5.91817835931874
"65",-6.02454964830719
"66",-4.57123998057319
"67",-5.23424268469554
"68",-5.99732188475614
"69",-6.48289623768842
"70",-5.96324534737712
"71",-4.88091306790209
"72",-3.52922600694957
"73",-6.18079550184876
"74",-5.14443280472009
"75",-3.90612819108631
"76",-5.175125727323
"77",-5.30247075112874
"78",-4.91885491368837
"79",-5.9000243427982
"80",-5.55558001774633
"81",-2.32292670207526
"82",-4.02275512947335
"83",-5.80169079883046
"84",-5.59757263168718
"85",-6.67038476406075
"86",-6.47619609793266
"87",-4.62814580322229
"88",-5.54638811848952
"89",-5.39156479445064
"90",-7.15388183954425
"91",-5.3402763820458
"92",-4.98972079590892
"93",-4.93877379373404
"94",-6.8435944271125
"95",-4.18940543848034
"96",-6.17175340671622
"97",-5.87760448939105
"98",-4.15871055674835
"99",-7.00375395098618
"100",-4.68988053391495
"101",-3.71341956783428
"102",-3.94612476634908
"103",-4.80974607115533
"104",-4.73820257803994
"105",-5.95587600547167
"106",-4.99162753312943
"107",-5.18054164048679
"108",-5.78353127903193
"109",-6.45986378286171
"110",-6.24983942092664
"111",-5.84347270561534
"112",-6.2713611012548
"113",-5.1486042756672
"114",-5.06861095323982
"115",-6.16568599147624
"116",-6.81851402713329
"117",-6.27064049549944
"118",-6.71671550903738
"119",-5.84896402745137
"120",-5.5366905410562
"121",-5.73460721968046
"122",-6.24170197933219
"123",-6.41180497616085
"124",-6.82963663077965
"125",-6.16101758049643
"126",-5.43661891497422
"127",-5.29593570827296
"128",-5.36460877493296
"129",-5.11695822184121
"130",-6.22248895084747
"131",-4.56360333705121
"132",-6.69314421697643
"133",-5.39701879641196
"134",-5.86092414917604
"135",-4.63631438832751
"136",-4.63081104270325
"137",-4.47205731019676
"138",-2.77229923889173
"139",-6.19702155987406
"140",-4.39291433427166
"141",-4.7594955602972
"142",-5.42292742426196
"143",-5.16721086158873
"144",-5.14583377216213
"145",-3.85053567740809
"146",-5.74903015425119
"147",-5.3731031844787
"148",-4.83605247609811
"149",-6.15936362169046
"150",-5.97224987046558
"151",-5.24772386763375
"152",-6.70206176642365
"153",-4.78370749664753
"154",-2.49251103216904
"155",-5.99326110894127
"156",-4.12550938007674
"157",-3.81842414450508
"158",-4.32021654468021
"159",-3.96800242472749
"160",-4.37429397013945
"161",-6.23634954911679
"162",-6.53443789149198
"163",-5.63489007431761
"164",-5.45287974254947
"165",-5.84920436181972
"166",-5.39751711300703
"167",-6.01918026803093
"168",-5.48669068885858
"169",-6.3034972242691
"170",-6.09128351060902
"171",-3.45131032826765
"172",-5.65752596406191
"173",-5.70725284457202
"174",-5.56816044833219
"175",-6.39891392503556
"176",-5.84560233935219
"177",-6.30066721646126
"178",-6.47485640372855
"179",-6.17873339809212
"180",-4.71430047968286
"181",-4.97965329996734
"182",-5.06897698732878
"183",-5.12650740130915
"184",-4.81281670072625
"185",-5.1598546388921
"186",-5.00888161708788
"187",-6.37572028775841
"188",-5.44942465833806
"189",-5.62934483931384
"190",-5.2426606796314
"191",-4.95082067244252
"192",-6.47402056524548
"193",-6.82607865324093
"194",-6.82275690829839
"195",-4.89879639331705
"196",-5.24165629036809
"197",-4.52953546445993
"198",-5.49314907729189
"199",-5.81047889847545
"200",-3.25649619720916
"201",-3.17944935846951
"202",-5.58648944008124
"203",-6.57371008721188
"204",-3.49441719181456
"205",-6.25480955867507
"206",-6.76907199383036
"207",-4.96848122694188
"208",-5.25890772378303
"209",-4.30568121031003
"210",-4.93322762878834
"211",-6.3021988414456
"212",-5.94478737720551
"213",-6.18980373479051
"214",-5.09105346461778
"215",-6.64524874556345
"216",-6.51209329233542
"217",-7.18661832997029
"218",-4.52678889027743
"219",-6.03427180519639
"220",-4.58932089234873
"221",-6.48455899342623
"222",-5.70293710182033
"223",-5.06348056851476
"224",-5.65621344489467
"225",-4.9810286182976
"226",-5.86425838053576
"227",-6.16475811913112
"228",-5.17049297063583
"229",-4.56370997440217
"230",-5.84935167271891
"231",-4.42578878775295
"232",-5.23350983606129
"233",-5.48932896152388
"234",-5.52965662606612
"235",-6.28751265236579
"236",-1.55730100630367
"237",-4.93935628989239
"238",-6.42684283220573
"239",-6.41138507032697
"240",-5.5246621794981
"241",-5.51118287346716
"242",-5.57092543499833
"243",-5.4459631875137
"244",-3.68737943310369
"245",-5.77797536557669
"246",-5.22800730820718
"247",-6.30153321964098
"248",-5.7502651043481
"249",-3.87829606683895
"250",-5.94187315545335
"251",-5.68101556483923
"252",-3.74400476907032
"253",-5.84474010771125
"254",-6.02702244095663
"255",-6.22709675240239
"256",-5.94854638226566
"257",-4.92636750433469
"258",-6.46143571077408
"259",-5.49057578400192
"260",-4.66464863586279
"261",-3.73458322536264
"262",-5.2312961602776
"263",-5.88083354829797
"264",-5.71160301094046
"265",-6.0250156293534
"266",-4.50992703939313
"267",-5.53612551127072
"268",-4.59889884070425
"269",-6.28937723226286
"270",-7.17135573115289
"271",-6.3640530278781
"272",-6.23795396184357
"273",-6.03168495299268
"274",-6.37981731461919
"275",-3.9100947058078
"276",-5.36236946838406
"277",-5.80615007213282
"278",-5.65234557586786
"279",-5.65028659617478
"280",-6.26719058396598
"281",-6.15162032585649
"282",-5.93591056297986
"283",-5.8688958202976
"284",-6.56136656416377
"285",-5.01595351565412
"286",-5.6987944754777
"287",-5.83946705041841
"288",-6.87014905128313
"289",-3.42799792644047
"290",-7.46241298450887
"291",-6.16362341718321
"292",-6.8714873841896
"293",-6.80975354505725
"294",-6.06536757849609
"295",-6.31302739656138
"296",-5.70582382755582
"297",-5.25313377999125
"298",-6.37190579892221
"299",-6.67581922496106
"300",-4.81288214799583
"301",-6.16897942587314
"302",-3.59249261863971
"303",-6.02676295901898
"304",-5.95435668793864
"305",-5.66142470445623
"306",-5.55755707417409
"307",-6.00266684780421
"308",-5.02287782994074
"309",-6.12871576437686
"310",-6.43323549934488
"311",-4.50807263208508
"312",-5.90443173533974
"313",-6.94198541026164
"314",-6.00394823182641
"315",-5.67837842580102
"316",-5.45706737739422
"317",-5.95973097394617
"318",-4.6216424473042
"319",-5.91545744458127
"320",-6.15237900695674
"321",-6.6378994195157
"322",-4.74547848001658
"323",-5.46828501893751
"324",-5.12704441617162
"325",-4.22102986581635
"326",-5.25832980841605
"327",-5.4620665696934
"328",-7.07738069185914
"329",-5.41348522767906
"330",-4.90864711585639
"331",-5.47280304067657
"332",-5.78802206031337
"333",-5.02972067291514
"334",-4.91927476207243
"335",-5.47287988634068
"336",-5.70715112502208
"337",-5.81843953053366
"338",-5.1195511539739
"339",-6.65018032730703
"340",-6.12588075900721
"341",-5.42725985120245
"342",-4.7329469914481
"343",-5.94362832255969
"344",-5.63736370987226
"345",-4.93293546996681
"346",-3.02990085709406
"347",-2.80426368649935
"348",-3.3814871604156
"349",-2.75410575924982
"350",-5.18597316730467
"351",-6.50012385672682
"352",-4.66003588963374
"353",-4.42889537341476
"354",-5.20708566973155
"355",-4.83155359981389
"356",-5.34462561225351
"357",-5.96836328686289
"358",-4.72456232827296
"359",-6.1708144438114
"360",-4.79238991772393
"361",-4.44183503272342
"362",-5.26331262902404
"363",-6.17477387302839
"364",-5.70178737963715
"365",-6.15344906029788
"366",-5.22234489379385
"367",-6.11632364920468
"368",-3.86020311313653
"369",-6.0500649572723
"370",-5.81821066291405
"371",-5.39903615177925
"372",-4.29867867117782
"373",-6.59384853532891
"374",-6.49182161055736
"375",-5.96957340582207
"376",-5.1769154289575
"377",-4.39548877671479
"378",-4.08254914293222
"379",-6.14187136257615
"380",-5.48101345164061
"381",-6.09971321651235
"382",-5.95793795033709
"383",-5.59206023003395
"384",-5.59215673303942
"385",-5.22469721452674
"386",-5.03811040706453
"387",-5.88068455062726
"388",-5.11696888648092
"389",-4.29229055701357
"390",-5.75272716322878
"391",-5.8281497447947
"392",-6.28077623553782
"393",-6.48693845747956
"394",-5.07837442748896
"395",-6.00456189667677
"396",-4.90869987275737
"397",-5.84832987019468
"398",-5.21137539383318
"399",-5.76038239631691
"400",-5.22642861322298
"401",-5.8794576743503
"402",-5.07942483946296
"403",-5.27283146393811
"404",-6.7194008891339
"405",-4.1346623830767
"406",-5.2261803891851
"407",-6.04208254091428
"408",-3.53149236422559
"409",-5.54323305140351
"410",-6.16324343141088
"411",-5.26770301160296
"412",-4.98437460827113
"413",-5.0116644293822
"414",-4.92237493585363
"415",-5.26031219428029
"416",-5.77663188718037
"417",-3.26709713126332
"418",-5.4116851329974
"419",-5.21706282473385
"420",-2.67389310085064
"421",-6.14500817458486
"422",-5.40940658048279
"423",-0.508721699119419
"424",-6.97796094534793
"425",-4.54391289141994
"426",-1.4415104282954
"427",-2.61946364365932
"428",-5.06124338474409
"429",-6.59708333716941
"430",-4.00612886936691
"431",-2.96611620801286
"432",-3.15873330486201
"433",-5.86635086985944
"434",-5.93226351161466
"435",-4.28463424930072
"436",-4.93643613389829
"437",-5.92059272444776
"438",-5.61200724090204
"439",-5.26595589345145
"440",-5.86999792122464
"441",-5.79800686052742
"442",-5.33916263793707
"443",-4.78685558476335
"444",-4.18969712141549
"445",-6.13951565286063
"446",-5.77668799790589
"447",-5.02953645076101
"448",-4.18214794851935
"449",-4.51295446939557
"450",-3.52650578060562
"451",-6.1790473206601
"452",-5.95965593154577
"453",-4.58717415935707
"454",-5.55878287139394
"455",-5.4435761999488
"456",-4.64489429264064
"457",-4.93197551354199
"458",-3.99253388478222
"459",-5.80678236422778
"460",-6.10610629335603
"461",-5.97211535945034
"462",-5.83744017611937
"463",-5.76076484547148
"464",-4.45380867892181
"465",-5.89066454562746
"466",-4.84999102371819
"467",-6.14987090973847
"468",-3.50168261495279
"469",-3.56772276244392
"470",-5.31051766137855
"471",-5.60444742099008
"472",-5.62612788113936
"473",-3.5610658551036
"474",-6.17661595308329
"475",-5.5713582415217
"476",-3.64029505028526
"477",-4.60575784766738
"478",-4.73227071034333
"479",-5.99764471900677
"480",-5.46416451584899
"481",-5.728447167407
"482",-5.57183022908758
"483",-3.66306749283024
"484",-4.85739883224135
"485",-4.93994901660526
"486",-5.84298716069827
"487",-5.52496060300554
"488",-5.35767910845574
"489",-5.68237650028716
"490",-4.67617137264114
"491",-5.78490005603656
"492",-4.50711467913366
"493",-5.15236586676703
"494",-5.76206778123849
"495",-5.15871000289059
"496",-4.90679774151
"497",-5.35441762817746
"498",-5.72565402840763
"499",-6.16324343141088
"500",-5.81836919561335
"501",-3.61426426603414
"502",-3.65278768540397
"503",-6.13163565291245
"504",-4.97890241796469
"505",-5.64699635358412
"506",-5.13048355857581
"507",-4.30792766620925
"508",-5.85028126342867
"509",-4.53111182419923
"510",-3.68977026880282
"511",-5.02065348537596
"512",-5.93035193047819
"513",-5.47733205757106
"514",-6.18420300442258
"515",-4.33538637809655
"516",-8.36617468385562
"517",-5.87723865490651
"518",-5.36355346838275
"519",-4.44993138256123
"520",-4.91983540173104
"521",-5.68737963578291
"522",-5.46821378514263
"523",-6.11096902850963
"524",-4.91192619384515
"525",-5.53769699332271
"526",-4.49203840193548
"527",-3.82879185132253
"528",-5.57016363406974
"529",-5.99336823576787
"530",-6.10732197714443
"531",-5.94537031610552
"532",-5.33531457247181
"533",-4.29682750047182
"534",-5.51043690714119
"535",-4.13519349738687
"536",-5.27542423367323
"537",-5.13466204430412
"538",-4.13468572081306
"539",-6.0108278442334
"540",-5.05997226697717
"541",-4.75960570335338
"542",-5.50053443565567
"543",-3.1642872085572
"544",-4.99522555404897
"545",-5.37684883537751
"546",-5.28688823503582
"547",-5.85054698061023
"548",-5.9748124442087
"549",-5.32894237097904
"550",-3.19877199719107
"551",-5.8818890419271
"552",-5.05780824845329
"553",-4.71630250103503
"554",-5.51979096217717
"555",-5.83004329423448
"556",-2.2291699449479
"557",-6.17296890171809
"558",-3.98309212035924
"559",-4.22523932782673
"560",-6.2188110262466
"561",-4.36756557382298
"562",-5.78740774434913
"563",-4.9743952694961
"564",-4.99431891972225
"565",-5.26284027644935
"566",-3.89044545422408
"567",-4.9726594158624
"568",-5.32982276262815
"569",-5.10237001638039
"570",-4.6012301283552
"571",-3.57865169788295
"572",-5.88823317805066
"573",-5.45586319866834
"574",-4.70284159597934
"575",-5.2588878812078
"576",-5.28690205647226
"577",-5.60931015614369
"578",-4.11863159874917
"579",-6.0328995488704
"580",-5.71100906212564
"581",-5.23772944913667
"582",-4.04267499673609
"583",-5.32076291812609
"584",-6.10489060956762
"585",-5.37156756798016
"586",-5.24460501962333
"587",-5.77760595330615
"588",-5.87235144310778
"589",-4.76707329194873
"590",-6.02560544614
"591",-4.77662151280078
"592",-6.02921427850633
"593",-5.26595589345145
"594",-6.17053753414129
"595",-6.02074271098639
"596",-6.14136112321966
"597",-4.60242639358107
"598",-5.24528926904863
"599",-3.67282741274252
"600",-4.56335920445512
"601",-4.39666362162558
"602",-4.96309781507736
"603",-6.08543966895321
"604",-5.06831922238239
"605",-5.26891869539136
"606",-5.22314124367586
"607",-5.96387129011309
"608",-5.66903208086008
"609",-4.76414420602331
"610",-4.82048419253351
"611",-5.29128481266187
"612",-5.26764376866486
"613",-5.64361501940047
"614",-4.55629532780336
"615",-5.75706864846914
"616",-5.20043969613953
"617",-2.567112433338
"618",-4.92835037638659
"619",-5.42547618691356
"620",-5.92486637970593
"621",-5.76790288571649
"622",-4.70978219767504
"623",-3.93463185797582
"624",-4.63273745475663
"625",-3.02371853275858
"626",-6.01493000922594
"627",-3.8262239371611
"628",-5.6263297291813
"629",-6.01466429204438
"630",-4.64791376211153
"631",-4.67095508656017
"632",-3.69905954640906
"633",-5.55180621731314
"634",-4.44975052141597
"635",-6.08140137310028
"636",-6.02195839477479
"637",-5.02014363714476
"638",-5.80773233083463
"639",-3.94683599148917
"640",-4.8383779826195
"641",-6.14500817458486
"642",-4.52580645728295
"643",-5.42049891202532
"644",-5.31149409978527
"645",-6.16324343141088
"646",-18.3253010957538
"647",-5.89283019602271
"648",-5.46082186917046
"649",-5.49530159721553
"650",-4.78009740274191
"651",-5.97915769088848
"652",-3.68189751158974
"653",-5.66917692760175
"654",-21.139389583718
"655",-5.96238988914313
"656",-5.58256511279886
"657",-5.00653920430373
"658",-4.89061195772932
"659",-6.77363335729878
"660",-5.19133564698435
"661",-4.72790366211112
"662",-5.17462699351374
"663",-5.03983870880883
"664",-5.82951574557353
"665",-3.59512994295577
"666",-5.34885073789166
"667",-5.48784308782885
"668",-5.53106376192333
"669",-5.63192501918473
"670",-6.1863414233905
"671",-5.19848619034174
"672",-5.83595877514941
"673",-4.15838447405237
"674",-5.54472699056681
"675",-5.50327994937123
"676",-4.66591624049883
"677",-5.4514746059866
"678",-5.32876939784762
"679",-5.73338181091004
"680",-4.91064910988541
"681",-5.24433930244178
"682",-5.35766361194464
"683",-5.62902681393966
"684",-5.44830846171163
"685",-5.6251560566514
"686",-4.87703349894754
"687",-4.88556141261406
"688",-3.42464557381559
"689",-4.38203593353135
"690",-5.49963289800603
"691",-6.02560544614
"692",-5.7604718405339
"693",-4.83922902584152
"694",-5.58703417998748
"695",-5.04229963604796
"696",-5.49877335703703
"697",-4.32457351542982
"698",-2.18181528910107
"699",-3.35296757090389
"700",-5.15734150404
"701",-6.53178630617621
"702",-4.94393085594919
"703",-5.36744124714
"704",-4.56629310887437
"705",-5.6399974811488
"706",-5.14587627948298
"707",-4.99624454658778
"708",-5.94077329813347
"709",-6.02074271098639
"710",-5.20141011293155
"711",-6.17661595308329
"712",-5.18435226456638
"713",-5.43965123367684
"714",-5.57100341897635
"715",-3.94746365902899
"716",-5.68399830159926
"717",-3.79277668521715
"718",-5.2937918708917
"719",-5.14645031833469
"720",-5.5426912032815
"721",-4.08839078062373
"722",-4.75630702100703
"723",-6.0419189118712
"724",-4.57528403566636
"725",-3.92690057701121
"726",-6.0292524975052
"727",-5.00618330021822
"728",-5.54704456575367
"729",-4.45061321862102
"730",-4.5910085647848
"731",-5.99790930543865
"732",-5.84228436416765
"733",-5.81222450368009
"734",-6.0776988791128
"735",-5.86271501098279
"736",-3.35620327002677
"737",-4.44479013357975
"738",-4.68269563094755
"739",-5.11682904520128
"740",-5.36939201162156
"741",-4.18743646763551
"742",-5.20508654435583
"743",-3.8884761897909
"744",-3.01218666435744
"745",-5.86955723021677
"746",-6.59206868362991
"747",-5.87304150815477
"748",-4.22249323266209
"749",-6.41440333366329
"750",-6.04853916114944
"751",-4.3452046694331
"752",-6.12926249093747
"753",-6.20351854670678
"754",-6.02275577253243
"755",-5.7276040197278
"756",-4.89155967832723
"757",-4.61607394880215
"758",-6.176387015991
"759",-4.70240714154999
"760",-5.59787747597485
"761",-4.24620550226028
"762",-6.57844048186574
"763",-2.48631696804148
"764",-3.95591417426072
"765",-5.83910426428559
"766",-5.06031505759234
"767",-6.07806064789315
"768",-6.04583839544603
"769",-5.01232434944783
"770",-6.82894061524128
"771",-4.67287190936322
"772",-6.18727370458973
"773",-6.47022986363957
"774",-5.83612304959776
"775",-3.61853354481423
"776",-6.71726647842171
"777",-4.38763571348862
"778",-5.86760365659451
"779",-5.14531751258629
"780",-5.63506588051122
"781",-3.84340012781002
"782",-4.57338140400935
"783",-5.48846244087179
"784",-6.23532504059498
"785",-4.79128585210322
"786",-5.39213372244231
"787",-5.31871111644947
"788",-4.85482912617503
"789",-5.97807434315572
"790",-5.70126234985643
"791",-5.09370774413633
"792",-6.91077877406839
"793",-5.55721069560659
"794",-5.0283555720823
"795",-5.89567132108818
"796",-6.71707042622926
"797",-5.27527744133368
"798",-5.04112443167953
"799",-4.09907295147712
"800",-4.44970714812873
"801",-6.69552475465334
"802",-5.1737413595632
"803",-6.39083101332143
"804",-6.48889217864284
"805",-6.84558479935737
"806",-5.76837067566199
"807",-6.48259356325782
"808",-5.75808233839901
"809",-5.92418940253181
"810",-4.71911672966197
"811",-6.22187949872668
"812",-6.09589563138861
"813",-3.25619836293539
"814",-5.11136303822444
"815",-6.58157442849621
"816",-5.97431051041806
"817",-2.55633732315638
"818",-5.22781377871029
"819",-5.33783949754024
"820",-4.34135705806097
"821",-5.63622112649811
"822",-6.80652376971889
"823",-5.46009893224004
"824",-5.52890144384834
"825",-5.89670333787467
"826",-5.78721179231471
"827",-5.61450558686378
"828",-6.86998315707586
"829",-4.31033823506367
"830",-5.79282637482411
"831",-5.70450359122752
"832",-5.8938132720891
"833",-4.96488253225762
"834",-4.86767848162374
"835",-5.79422257760458
"836",-6.16062736960001
"837",-6.3654198023867
"838",-5.70917288899182
"839",-3.31068661994869
"840",-4.61332628376288
"841",-4.73508778468197
"842",-6.1079849725922
"843",-5.21462200130509
"844",-5.49126466781445
"845",-6.00164651710404
"846",-6.27733341955
"847",-4.42679974332911
"848",-5.36725637139631
"849",-6.00905225709141
"850",-5.97260590192922
"851",-5.79439375281355
"852",-6.50150657659007
"853",-5.98880959718272
"854",-5.50667733305484
"855",-6.20462241115651
"856",-6.03048436882071
"857",-5.67544009272173
"858",-3.99983811121904
"859",-5.68264150909088
"860",-4.30928833069963
"861",-5.43420921858977
"862",-5.03691835189822
"863",-4.6370644728751
"864",-6.23813356325564
"865",-5.64478697888732
"866",-5.33283643189584
"867",-5.27429305580442
"868",-4.96348076724044
"869",-6.23920322309765
"870",-5.84473909750943
"871",-5.68667621556586
"872",-5.6392105137525
"873",-7.32019884232972
"874",-4.70299700341271
"875",-6.23801676172625
"876",-5.07400103585564
"877",-5.58087671934444
"878",-6.71673289645269
"879",-5.75885004834211
"880",-5.08174238662728
"881",-6.51725929961185
"882",-3.23509054833566
"883",-4.61384793308487
"884",-5.98093581370575
"885",-5.34344102649472
"886",-5.40869009376532
"887",-7.16994728776906
"888",-6.44399078788967
"889",-5.25331414130622
"890",-5.75392045111062
"891",-3.2826912994028
"892",-4.58012450677306
"893",-3.40967235753487
"894",-3.73379523083797
"895",-5.78531576275523
"896",-6.04871029764654
"897",-5.75005534351551
"898",-4.45969926790449
"899",-4.82315291130204
"900",-5.65618281711529
"901",-4.28567793489984
"902",-5.21551245564614
"903",-5.54445926890902
"904",-4.80674901211058
"905",-4.54977009654463
"906",-5.40282684169183
"907",-5.95018272174531
"908",-5.94064982620184
"909",-5.52709106793619
"910",-6.30121489664394
"911",-6.31195883143154
"912",-6.38833850846129
"913",-6.22808265617208
"914",-6.03604533221017
"915",-4.03365356239222
"916",-4.88281593356214
"917",-5.89707849764377
"918",-5.21499763675272
"919",-6.06672196237193
"920",-6.70258606364695
"921",-6.5428691587261
"922",-5.96217204721242
"923",-5.39635260123132
"924",-6.08274991012119
"925",-6.25559144348161
"926",-4.19924122810127
"927",-3.74594280069974
"928",-6.22808265617208
"929",-5.364287770874
"930",-5.94195033167546
"931",-5.61801075608915
"932",-4.76017135429994
"933",-5.75707439852286
"934",-6.43297319817488
"935",-5.80757094342937
"936",-5.86472389204615
"937",-6.96392705262284
"938",-5.24866331924519
"939",-4.5350100116099
"940",-6.65319010027191
"941",-5.05890584590015
"942",-6.02473220917462
"943",-4.8371878715626
"944",-5.44019968371644
"945",-6.54899652648035
"946",-5.01968802984456
"947",-5.86660596196559
"948",-6.49846570538573
"949",-6.06810065060197
"950",-5.57138631420748
"951",-6.29862183801627
"952",-5.92293281846201
"953",-6.17691254837626
"954",-6.46681962116172
"955",-5.93925564982356
"956",-6.02808897860494
"957",-6.05075634383741
"958",-5.66336882046027
"959",-6.50515482796244
"960",-5.79183045796642
"961",-4.54129188487508
"962",-5.4426311032468
"963",-5.47725423342185
"964",-5.66698058258973
"965",-2.52416052113952
"966",-5.2332294257753
"967",-5.94219194585007
"968",-5.89511161987986
"969",-6.34345516190553
"970",-6.13613468726551
"971",-5.10356527749094
"972",-5.98992461850247
"973",-5.49360351919902
"974",-4.15524459958514
"975",-5.27171059209348
"976",-6.04975465892306
"977",-5.32245750255242
"978",-5.80641850345977
"979",-6.27380981857197
"980",-5.15052272451577
"981",-6.74392806459908
"982",-5.60860319599315
"983",-3.62866199302922
"984",-4.95786268847231
"985",-5.49306945691178
"986",-4.91271234168779
"987",-5.82459304433125
"988",-5.41220052610897
"989",-7.18005281509597
"990",-7.06533383797493
"991",-6.73781403542545
"992",-2.45106665544671
"993",-6.71228860575197
"994",-5.98474174362981
"995",-6.35684223707716
"996",-5.2362929699004
"997",-6.19626350515645
"998",-6.47166898405056
"999",-5.03191050334469
"1000",-5.76846231360999
"1001",-4.33598368974542
"1002",-5.78537020825451
"1003",-5.98609245501297
"1004",-5.73265874382214
"1005",-6.44954177193675
"1006",-6.84823192319046
"1007",-6.09879761835369
"1008",-4.54899355969965
"1009",-3.42683563705789
"1010",-3.22749854914757
"1011",-5.44646009359189
"1012",-3.86849174024136
"1013",-5.72261266172397
"1014",-4.99228048981578
"1015",-5.6565914473632
"1016",-2.761795423708
"1017",-6.04186809545959
"1018",-5.77392446171344
"1019",-6.69151006797136
"1020",-3.43616360224899
"1021",-5.47605989468249
"1022",-6.01289948848526
"1023",-4.10764730149745
"1024",-5.38033302247395
"1025",-6.00007608658357
"1026",-5.28118299496006
"1027",-5.21611898446555
"1028",-4.79861911767109
"1029",-5.17894932732301
"1030",-3.98038544935744
"1031",-6.67201211853664
"1032",-6.09302949776093
"1033",-5.43287852449778
"1034",-4.64527170350018
"1035",-6.01289948848526
"1036",-5.89770828451305
"1037",-5.98348064134548
"1038",-4.93145702640746
"1039",-5.90425385977285
"1040",-5.38787953124295
"1041",-6.6562849589289
"1042",-4.85041152103294
"1043",-4.445558043251
"1044",-5.61893828705265
"1045",-6.27902589333723
"1046",-5.61948011486509
"1047",-5.41534128380167
"1048",-6.77847636050747
"1049",-6.18853367155352
"1050",-6.20943308360074
"1051",-5.71535883214973
"1052",-6.22940816028878
"1053",-6.39772046162441
"1054",-5.01608653260901
"1055",-7.65087199558674
"1056",-5.86071754632245
"1057",-5.55300068524708
"1058",-6.58087184944254
"1059",-6.79615938446164
"1060",-5.36196686890123
"1061",-5.53881525747488
"1062",-3.89570743710054
"1063",-3.17374550775607
"1064",-6.19120415854411
"1065",-5.46356388647855
"1066",-5.84420284448667
"1067",-4.1064991894411
"1068",-4.95262548001927
"1069",-5.03444313819735
"1070",-42.0372298961836
"1071",-6.19241984233251
"1072",-4.71756960276316
"1073",-5.15263158394859
"1074",-6.09881219062562
"1075",-7.76101225932882
"1076",-5.35063522639579
"1077",-5.51140947897385
"1078",-3.66871671459811
"1079",-5.12275202079461
"1080",-7.57446414740417
"1081",-5.54989282795895
"1082",-5.76205293501532
"1083",-5.86608515267789
"1084",-5.82956279747202
"1085",-6.11461607987483
"1086",-4.94908095692248
"1087",-5.91984095654909
"1088",-5.40116251114553
"1089",-5.89404587981111
"1090",-5.79002850837172
"1091",-5.84863539947376
"1092",-5.88622853605841
"1093",-5.00852626348298
"1094",-2.11972089445039
"1095",-5.23434811495302
"1096",-6.18998847475571
"1097",-3.41186295414105
"1098",-4.18453361225836
"1099",-5.89769293117632
"1100",-4.79252346540028
"1101",-4.70314646430985
"1102",-5.50232998276438
"1103",-5.67209553297403
"1104",-5.87035771522621
"1105",-5.34888810824428
"1106",-5.89641403859954
"1107",-4.13556544710915
"1108",-6.29281282893079
"1109",-6.1814786882369
"1110",-4.96959476626311
"1111",-4.75172165095775
"1112",-5.45465259783518
"1113",-5.71543582574839
"1114",-2.89626850941034
"1115",-5.89404587981111
"1116",-6.24209841467199
"1117",-5.24435328104192
"1118",-5.58397998892165
"1119",-6.04262501917761
"1120",-5.93323018270713
"1121",-5.29201668737098
"1122",-6.07610512254993
"1123",-5.85514399858228
"1124",-6.04140933538921
"1125",-5.97367167346013
"1126",-5.65550614010293
"1127",-5.9247036917027
"1128",-4.77607360205333
"1129",-3.90534894681481
"1130",-6.26398072286322
"1131",-4.79115099141833
"1132",-6.15230227731527
"1133",-3.41315819618147
"1134",-3.91126562092879
"1135",-4.76276802510023
"1136",-6.00858587310238
"1137",-5.9796751793623
"1138",-5.35036950921424
"1139",-5.54947593333048
"1140",-5.7241143859999
"1141",-3.9951877152713
"1142",-6.1802630044485
"1143",-3.09050127358686
"1144",-4.99009329631306
"1145",-4.94482456917182
"1146",-5.17037698110606
"1147",-3.12544901558853
"1148",-5.71951884864445
"1149",-5.71385896194619
"1150",-5.27286973926567
"1151",-3.75348283945746
"1152",-6.18877279096731
"1153",-6.09759650683722
"1154",-4.57879847976833
"1155",-5.99938007197356
"1156",-5.26676929231297
"1157",-6.1839100558137
"1158",-4.47309703396872
"1159",-5.47581102990631
"1160",-5.11402818472095
"1161",-5.78949707400861
"1162",-6.16081206383408
"1163",-5.05219513979818
"1164",-5.53150639368601
"1165",-4.97244466608366
"1166",-5.17281819153175
"1167",-5.21151584015495
"1168",-5.4996864574949
"1169",-5.9760281279971
"1170",-4.20951732443832
"1171",-5.5205652395904
"1172",-5.02450743929964
"1173",-5.22448664794906
"1174",-5.18276256986354
"1175",-6.04140933538921
"1176",-3.94360460282905
"1177",-6.11218471229803
"1178",-4.74024408185892
"1179",-5.80286959568103
"1180",-5.60341404595124
"1181",-5.57869647816303
"1182",-6.40843201643167
"1183",-5.98427219733435
"1184",-4.06794964268512
"1185",-4.88666255147028
"1186",-5.41498182611659
"1187",-5.9317842421397
"1188",-23.9585368488196
"1189",-4.07595427966888
"1190",-4.33524916923328
"1191",-3.76624161027026
"1192",-5.85271263100547
"1193",-6.2174067236256
"1194",-5.5974446322078
"1195",-6.1863414233905
"1196",-6.16932185035289
"1197",-5.72628151701175
"1198",-5.69007433628368
"1199",-4.70889535325938
"1200",-5.00659671427825
"1201",-5.18629047310763
"1202",-5.99521335142997
"1203",-5.39225167244319
"1204",-5.99310429913191
"1205",-4.53297362501125
"1206",-5.98427219733435
"1207",-5.08360332519127
"1208",-5.15152880227955
"1209",-5.16516609822034
"1210",-2.53592449979315
"1211",-5.86740030928326
"1212",-5.06324302153256
"1213",-4.31000990352438
"1214",-5.20369030306144
"1215",-3.62419560482287
"1216",-4.87916625966262
"1217",-4.51815415477204
"1218",-3.33659585562997
"1219",-6.15351796110367
"1220",-4.26274717568574
"1221",-6.19120415854411
"1222",-4.45554921606692
"1223",-5.14262912385775
"1224",-14.0028189105713
"1225",-6.19120415854411
"1226",-5.24495824436676
"1227",-5.86108294432883
"1228",-4.54450865533966
"1229",-6.04494184701978
"1230",-4.49555463944176
"1231",-4.44240653434075
"1232",-5.79249066567767
"1233",-3.97093431563782
"1234",-4.96791582112519
"1235",-5.47049245778196
"1236",-5.42116829757383
"1237",-4.5491209905385
"1238",-5.27579426587802
"1239",-4.17738746846929
"1240",-5.5867319506044
"1241",-4.07058861242503
"1242",-5.06955956783275
"1243",-6.15108659352687
"1244",-6.01831134340959
"1245",-6.04345127968783
"1246",-6.0341152326588
"1247",-5.58776812368019
"1248",-5.44101435898122
"1249",-5.64617346490526
"1250",-2.37698994837296
"1251",-4.57781192425537
"1252",-5.73032388786068
"1253",-5.45870489590608
"1254",-5.54486902772107
"1255",-6.12677291775885
"1256",-5.70246424484506
"1257",-5.71412467912774
"1258",-5.97576396143736
"1259",-4.61364545944591
"1260",-5.84446856166822
"1261",-5.86175385188739
"1262",-5.75492103861851
"1263",-5.81563278096798
"1264",-5.89769293117632
"1265",-5.92287201335104
"1266",-5.85445974915698
"1267",-6.09759650683722
"1268",-6.04505638675441
"1269",-6.30915188350447
"1270",-4.72002966090064
"1271",-6.10853766093283
"1272",-6.05397366161674
"1273",-5.53393776126281
"1274",-3.06766089766403
"1275",-5.91254685381869
"1276",-5.16435418847765
"1277",-5.41536975341719
"1278",-4.3838076148989
"1279",-6.03316526605196
"1280",-5.31107279207813
"1281",-5.54332577491097
"1282",-5.34360684084693
"1283",-6.16932185035289
"1284",-5.90529240306863
"1285",-5.69805507269697
"1286",-4.71346946968743
"1287",-10.8238117099322
"1288",-6.12434155018204
"1289",-5.13223067672732
"1290",-6.0341152326588
"1291",-5.61959115106162
"1292",-5.27702412547504
"1293",-6.05504757424318
"1294",-4.05862907650689
"1295",-2.73014835886421
"1296",-5.03677557461519
"1297",-5.11970542910446
"1298",-6.04262501917761
"1299",-3.16425634110034
"1300",-4.85531227123941
"1301",-2.68762028253669
"1302",-5.01802992920224
"1303",-4.75267004873802
"1304",-5.31008584667051
"1305",-6.00642022270713
"1306",-5.84518053438706
"1307",-4.63730655028534
"1308",-6.19363552612091
"1309",-5.97600319453628
"1310",-4.37421534007092
"1311",-5.11859949956939
"1312",-5.6312937185315
"1313",-5.93181257806981
"1314",-6.0353309164472
"1315",-5.53682429879564
"1316",-5.74648265677019
"1317",-6.07914769771779
"1318",-6.17866148379249
"1319",-5.28245038901143
"1320",-5.20822411224511
